ts_code,buy,sell,net_buy
000622.SZ,3678.73,5350.19,-1671.47
000632.SZ,1686.72,3717.28,-2030.56
000979.SZ,1377.91,1251.16,126.76
002184.SZ,2421.58,2893.8,-472.21
002708.SZ,5561.68,4751.9,809.77
002719.SZ,471.33,1778.4,-1307.06
002755.SZ,3843.36,4326.86,-483.56
002761.SZ,52956.23,43040.27,9915.96
002856.SZ,8857.35,4897.31,3960.06
002865.SZ,3639.12,7483.09,-3843.98
002928.SZ,3970.18,2801.96,1168.2
200018.SZ,178.98,158.99,19.99
300100.SZ,8311.79,5962.67,2349.11
300324.SZ,38735.86,102247.12,-63511.26
300356.SZ,6587.59,5453.84,1133.75
300370.SZ,8756.32,16082.28,-7325.96
300510.SZ,14346.54,26302.2,-11955.64
300597.SZ,5545.08,7467.36,-1922.3
300674.SZ,5837.33,5554.12,283.22
300748.SZ,2060.03,1599.96,460.07
300751.SZ,3293.89,3327.26,-33.39
600077.SH,1620.11,641.71,978.4
600080.SH,18851.42,51839.63,-32988.21
600735.SH,1727.71,571.79,1155.92
600745.SH,58947.51,68839.64,-9892.13
600774.SH,721.32,1917.04,-1195.72
600776.SH,5184.89,1437.92,3746.97
603220.SH,4033.62,4060.94,-27.32
603389.SH,1411.58,2308.0,-896.42
603617.SH,2342.04,7279.35,-4937.31
603726.SH,977.35,2385.7,-1408.35


,trade_date,ts_code,exalter,buy,buy_rate,sell,sell_rate,net_buy
0,20181203,000622.SZ,上海证券有限责任公司深圳民田路证券营业部,978.14,1.42,0.0,0.0,978.14
1,20181203,000622.SZ,华泰证券股份有限公司厦门厦禾路证券营业部,817.02,1.19,19.87,0.03,797.15
2,20181203,000622.SZ,西藏东方财富证券股份有限公司南京珠江路证券营业部,658.83,0.96,304.92,0.44,353.92
3,20181203,000622.SZ,西藏东方财富证券股份有限公司拉萨团结路第二证券营业部,583.18,0.85,597.04,0.87,-13.86
4,20181203,000622.SZ,国泰君安证券股份有限公司重庆中山三路证券营业部,578.64,0.84,2.75,0.0,575.88
5,20181203,000622.SZ,中信建投证券股份有限公司苏州工业园区星海街证券营业部,28.72,0.04,1677.43,2.43,-1648.71
6,20181203,000622.SZ,万联证券股份有限公司永州清桥路证券营业部,8.39,0.01,744.11,1.08,-735.73
7,20181203,000622.SZ,海通证券股份有限公司淮北相山路证券营业部,20.85,0.03,683.3,0.99,-662.45
8,20181203,000622.SZ,华安证券股份有限公司淮北古城路证券营业部,4.96,0.01,665.85,0.97,-660.89
9,20181203,000622.SZ,国泰君安证券股份有限公司深圳红荔西路证券营业部,0.0,0.0,654.92,0.95,-654.92
10,20181203,000632.SZ,中国中投证券有限责任公司东莞虎门证券营业部,433.79,2.37,0.0,0.0,433.79
11,20181203,000632.SZ,国信证券股份有限公司深圳泰九分公司,374.21,2.05,148.28,0.81,225.93
12,20181203,000632.SZ,中信证券股份有限公司上海红宝石路证券营业部,335.75,1.84,0.0,0.0,335.75
13,20181203,000632.SZ,兴业证券股份有限公司四川分公司,183.49,1.0,451.88,2.47,-268.39
14,20181203,000632.SZ,中国银河证券股份有限公司北京珠市口大街证券营业部,174.16,0.95,1.95,0.01,172.21
15,20181203,000632.SZ,国信证券股份有限公司佛山南海大道证券营业部,0.92,0.01,922.05,5.04,-921.13
16,20181203,000632.SZ,东方证券股份有限公司上海浦东新区春晓路证券营业部,0.0,0.0,814.19,4.45,-814.19
17,20181203,000632.SZ,长城证券股份有限公司广州天河路证券营业部,0.0,0.0,479.89,2.62,-479.89
18,20181203,000632.SZ,兴业证券股份有限公司四川分公司,183.49,1.0,451.88,2.47,-268.39
19,20181203,000632.SZ,国泰君安证券股份有限公司顺德大良证券营业部,0.91,0.0,447.16,2.45,-446.25
20,20181203,000979.SZ,华泰证券股份有限公司杭州求是路证券营业部,442.81,7.23,1.46,0.02,441.34
21,20181203,000979.SZ,申万宏源证券有限公司温州车站大道证券营业部,274.16,4.48,0.09,0.0,274.08
22,20181203,000979.SZ,江海证券有限公司大庆龙凤大街证券营业部,225.0,3.67,0.18,0.0,224.82
23,20181203,000979.SZ,德邦证券股份有限公司抚顺东四路证券营业部,196.0,3.2,0.15,0.0,195.86
24,20181203,000979.SZ,海通证券股份有限公司常熟海虞北路证券营业部,120.67,1.97,0.0,0.0,120.67
25,20181203,000979.SZ,中国中投证券有限责任公司深圳深南大道证券营业部,0.0,0.0,725.0,11.84,-725.0
26,20181203,000979.SZ,广发证券股份有限公司潮州潮枫路证券营业部,119.22,1.95,173.59,2.84,-54.37
27,20181203,000979.SZ,国融证券股份有限公司杭州江晖路证券营业部,0.0,0.0,130.5,2.13,-130.5
28,20181203,000979.SZ,华福证券有限责任公司泉州丰泽街证券营业部,0.0,0.0,116.0,1.89,-116.0
29,20181203,000979.SZ,国泰君安证券股份有限公司顺德大良证券营业部,0.05,0.0,104.19,1.7,-104.14
30,20181203,002184.SZ,中国银河证券股份有限公司上海黄浦区马当路证券营业部,498.58,1.32,0.0,0.0,498.58
31,20181203,002184.SZ,海通证券股份有限公司深圳分公司华富路证券营业部,428.86,1.13,47.68,0.13,381.18
32,20181203,002184.SZ,西藏东方财富证券股份有限公司拉萨团结路第二证券营业部,422.92,1.12,244.38,0.65,178.54
33,20181203,002184.SZ,兴业证券股份有限公司厦门穆厝路证券营业部,385.54,1.02,0.0,0.0,385.54
34,20181203,002184.SZ,方正证券股份有限公司长沙黄兴中路证券营业部,384.89,1.02,10.93,0.03,373.96
35,20181203,002184.SZ,中泰证券股份有限公司上海建国中路证券营业部,7.29,0.02,1045.95,2.77,-1038.66
36,20181203,002184.SZ,国信证券股份有限公司深圳泰然九路证券营业部,87.05,0.23,525.83,1.39,-438.78
37,20181203,002184.SZ,中国银河证券股份有限公司北京建国路证券营业部,0.0,0.0,367.84,0.97,-367.84
38,20181203,002184.SZ,国海证券股份有限公司重庆建新西路证券营业部,200.69,0.53,342.4,0.91,-141.7
39,20181203,002184.SZ,华泰证券股份有限公司厦门厦禾路证券营业部,5.76,0.02,308.79,0.82,-303.03
40,20181203,002708.SZ,华泰证券股份有限公司台州中心大道证券营业部,1097.21,2.03,184.93,0.34,912.28
41,20181203,002708.SZ,方正证券股份有限公司岳阳巴陵东路证券营业部,909.62,1.68,0.41,0.0,909.21
42,20181203,002708.SZ,招商证券股份有限公司深圳后海证券营业部,837.36,1.55,0.0,0.0,837.36
43,20181203,002708.SZ,民生证券股份有限公司驻马店交通路证券营业部,823.35,1.52,524.22,0.97,299.13
44,20181203,002708.SZ,华泰证券股份有限公司徐州建国西路证券营业部,766.75,1.42,85.72,0.16,681.02
45,20181203,002708.SZ,国金证券股份有限公司上海互联网证券分公司,234.66,0.43,1083.33,2.0,-848.67
46,20181203,002708.SZ,华泰证券股份有限公司上海杨浦区国宾路证券营业部,31.42,0.06,812.11,1.5,-780.69
47,20181203,002708.SZ,西藏东方财富证券股份有限公司拉萨东环路第二证券营业部,437.07,0.81,749.58,1.39,-312.51
48,20181203,002708.SZ,西藏东方财富证券股份有限公司南京珠江路证券营业部,290.04,0.54,684.61,1.27,-394.57
49,20181203,002708.SZ,东吴证券股份有限公司苏州西北街证券营业部,134.2,0.25,626.99,1.16,-492.79
50,20181203,002719.SZ,申万宏源证券有限公司上海浦东新区利津路证券营业部,220.96,11.93,0.0,0.0,220.96
51,20181203,002719.SZ,西藏东方财富证券股份有限公司拉萨八一路证券营业部,90.32,4.88,0.0,0.0,90.32
52,20181203,002719.SZ,信达证券股份有限公司成都一环路证券营业部,55.38,2.99,0.0,0.0,55.38
53,20181203,002719.SZ,平安证券股份有限公司深圳红岭基金产业园证券营业部,45.43,2.45,0.0,0.0,45.43
54,20181203,002719.SZ,财富证券有限责任公司杭州庆春路证券营业部,42.81,2.31,0.0,0.0,42.81
55,20181203,002719.SZ,广州证券股份有限公司盘锦泰山路证券营业部,0.0,0.0,1553.68,83.89,-1553.68
56,20181203,002719.SZ,中信证券股份有限公司上海长寿路证券营业部,0.0,0.0,146.28,7.9,-146.28
57,20181203,002719.SZ,中国中投证券有限责任公司无锡清扬路证券营业部,0.0,0.0,34.25,1.85,-34.25
58,20181203,002719.SZ,国泰君安证券股份有限公司深圳金田路证券营业部,0.0,0.0,28.72,1.55,-28.72
59,20181203,002719.SZ,申万宏源西部证券有限公司乌鲁木齐北京南路证券营业部,16.43,0.89,15.47,0.84,0.97
60,20181203,002755.SZ,东吴证券股份有限公司昆山前进中路证券营业部,492.77,2.67,1.85,0.01,490.92
61,20181203,002755.SZ,中泰证券股份有限公司上海斜土路证券营业部,385.22,2.09,225.21,1.22,160.01
62,20181203,002755.SZ,浙商证券股份有限公司台州环城东路证券营业部,352.38,1.91,167.5,0.91,184.87
63,20181203,002755.SZ,华宝证券有限责任公司舟山解放西路证券营业部,304.9,1.65,0.0,0.0,304.9
64,20181203,002755.SZ,广发证券股份有限公司北京阜成门南大街证券营业部,199.95,1.08,1.87,0.01,198.08
65,20181203,002755.SZ,华泰证券股份有限公司北京西三环北路证券营业部,39.51,0.21,462.05,2.5,-422.55
66,20181203,002755.SZ,华泰证券股份有限公司厦门厦禾路证券营业部,117.35,0.64,386.46,2.09,-269.11
67,20181203,002755.SZ,中信证券股份有限公司海宁海昌南路证券营业部,1.43,0.01,345.9,1.87,-344.47
68,20181203,002755.SZ,广州证券股份有限公司本溪东明路证券营业部,1.73,0.01,317.26,1.72,-315.54
69,20181203,002755.SZ,平安证券股份有限公司深圳深南东路罗湖商务中心证券营业部,26.44,0.14,255.33,1.38,-228.89
70,20181203,002755.SZ,东吴证券股份有限公司昆山前进中路证券营业部,492.77,2.67,1.85,0.01,490.92
71,20181203,002755.SZ,中泰证券股份有限公司上海斜土路证券营业部,385.22,2.09,225.21,1.22,160.01
72,20181203,002755.SZ,浙商证券股份有限公司台州环城东路证券营业部,352.38,1.91,167.5,0.91,184.87
73,20181203,002755.SZ,华宝证券有限责任公司舟山解放西路证券营业部,304.9,1.65,0.0,0.0,304.9
74,20181203,002755.SZ,广发证券股份有限公司北京阜成门南大街证券营业部,199.95,1.08,1.87,0.01,198.08
75,20181203,002755.SZ,华泰证券股份有限公司北京西三环北路证券营业部,39.51,0.21,462.05,2.5,-422.55
76,20181203,002755.SZ,华泰证券股份有限公司厦门厦禾路证券营业部,117.35,0.64,386.46,2.09,-269.11
77,20181203,002755.SZ,中信证券股份有限公司海宁海昌南路证券营业部,1.43,0.01,345.9,1.87,-344.47
78,20181203,002755.SZ,广州证券股份有限公司本溪东明路证券营业部,1.73,0.01,317.26,1.72,-315.54
79,20181203,002755.SZ,平安证券股份有限公司深圳深南东路罗湖商务中心证券营业部,26.44,0.14,255.33,1.38,-228.89
80,20181203,002761.SZ,华林证券股份有限公司深圳龟山路证券营业部,21732.96,32.8,0.0,0.0,21732.96
81,20181203,002761.SZ,平安证券股份有限公司深圳商报路天健创业大厦证券营业部,16336.91,24.66,0.0,0.0,16336.91
82,20181203,002761.SZ,华鑫证券有限责任公司上海茅台路证券营业部,11527.81,17.4,0.0,0.0,11527.81
83,20181203,002761.SZ,平安证券股份有限公司深圳红岭基金产业园证券营业部,2931.15,4.42,0.3,0.0,2930.85
84,20181203,002761.SZ,万和证券股份有限公司山东分公司,427.4,0.65,0.0,0.0,427.4
85,20181203,002761.SZ,申万宏源证券有限公司宁波分公司,0.0,0.0,16913.98,25.53,-16913.98
86,20181203,002761.SZ,新时代证券股份有限公司北京天通苑证券营业部,0.0,0.0,13492.05,20.37,-13492.05
87,20181203,002761.SZ,申万宏源证券有限公司上海松江区人民北路证券营业部,0.0,0.0,5457.54,8.24,-5457.54
88,20181203,002761.SZ,申万宏源证券有限公司常山定阳北路证券营业部,0.0,0.0,4556.49,6.88,-4556.49
89,20181203,002761.SZ,安信证券股份有限公司北京阜荣街证券营业部,0.0,0.0,2619.91,3.95,-2619.91
90,20181203,002856.SZ,西藏东方财富证券股份有限公司杭州和汇路证券营业部,2217.29,5.26,460.5,1.09,1756.8
91,20181203,002856.SZ,金元证券股份有限公司长沙韶山中路证券营业部,1423.02,3.37,0.0,0.0,1423.02
92,20181203,002856.SZ,广州证券股份有限公司丽水中山街证券营业部,1299.47,3.08,103.21,0.24,1196.26
93,20181203,002856.SZ,长江证券股份有限公司浙江分公司,953.68,2.26,0.0,0.0,953.68
94,20181203,002856.SZ,东海证券股份有限公司福建厦门分公司,950.27,2.25,596.53,1.41,353.74
95,20181203,002856.SZ,招商证券股份有限公司上海娄山关路证券营业部,35.74,0.08,1066.17,2.53,-1030.43
96,20181203,002856.SZ,方正证券股份有限公司绍兴胜利东路证券营业部,496.47,1.18,1044.1,2.48,-547.63
97,20181203,002856.SZ,东海证券股份有限公司福建厦门分公司,950.27,2.25,596.53,1.41,353.74
98,20181203,002856.SZ,平安证券股份有限公司无锡人民中路证券营业部,7.45,0.02,519.2,1.23,-511.75
99,20181203,002856.SZ,华鑫证券有限责任公司乐清双雁路证券营业部,523.69,1.24,511.07,1.21,12.63
100,20181203,002865.SZ,长江证券股份有限公司台州市府大道证券营业部,1565.71,4.93,0.24,0.0,1565.47
101,20181203,002865.SZ,信达证券股份有限公司广州寺右新马路证券营业部,958.12,3.02,276.5,0.87,681.62
102,20181203,002865.SZ,西藏东方财富证券股份有限公司拉萨团结路第二证券营业部,481.59,1.52,304.66,0.96,176.93
103,20181203,002865.SZ,财富证券有限责任公司杭州庆春路证券营业部,372.34,1.17,250.65,0.79,121.69
104,20181203,002865.SZ,平安证券股份有限公司深圳深南东路罗湖商务中心证券营业部,245.22,0.77,233.99,0.74,11.23
105,20181203,002865.SZ,东海证券股份有限公司福建厦门分公司,2.09,0.01,3409.43,10.73,-3407.34
106,20181203,002865.SZ,西藏东方财富证券股份有限公司杭州和汇路证券营业部,0.0,0.0,1746.85,5.5,-1746.85
107,20181203,002865.SZ,东吴证券股份有限公司吴江盛泽镇西环路证券营业部,11.08,0.03,441.11,1.39,-430.04
108,20181203,002865.SZ,江海证券有限公司厦门吕岭路证券营业部,0.24,0.0,417.35,1.31,-417.11
109,20181203,002865.SZ,华鑫证券有限责任公司苏州总官堂路证券营业部,2.73,0.01,402.31,1.27,-399.58
110,20181203,002928.SZ,方正证券股份有限公司上海杨高南路证券营业部,724.27,3.91,0.0,0.0,724.27
111,20181203,002928.SZ,兴业证券股份有限公司福州湖东路证券营业部,608.62,3.29,606.88,3.28,1.73
112,20181203,002928.SZ,海通证券股份有限公司杭州文化路证券营业部,514.29,2.78,43.41,0.23,470.88
113,20181203,002928.SZ,中泰证券股份有限公司上海东方路证券营业部,491.97,2.66,0.0,0.0,491.97
114,20181203,002928.SZ,财通证券股份有限公司温州人民东路证券营业部,469.86,2.54,268.93,1.45,200.93
115,20181203,002928.SZ,兴业证券股份有限公司福州湖东路证券营业部,608.62,3.29,606.88,3.28,1.73
116,20181203,002928.SZ,国元证券股份有限公司广州江南大道中路证券营业部,0.0,0.0,427.63,2.31,-427.63
117,20181203,002928.SZ,国泰君安证券股份有限公司上海福山路证券营业部,22.7,0.12,291.16,1.57,-268.46
118,20181203,002928.SZ,第一创业证券股份有限公司深圳海天一路证券营业部,59.99,0.32,288.14,1.56,-228.15
119,20181203,002928.SZ,财通证券股份有限公司温州人民东路证券营业部,469.86,2.54,268.93,1.45,200.93
120,20181203,200018.SZ,中信证券(山东)有限责任公司青岛南京路证券营业部,77.69,18.41,0.0,0.0,77.69
121,20181203,200018.SZ,国信证券股份有限公司深圳泰然九路证券营业部,26.69,6.32,11.33,2.68,15.36
122,20181203,200018.SZ,华龙证券股份有限公司重庆新华路证券营业部,21.19,5.02,0.0,0.0,21.19
123,20181203,200018.SZ,华泰证券股份有限公司深圳益田路证券营业部,18.67,4.42,0.0,0.0,18.67
124,20181203,200018.SZ,长城证券股份有限公司广州天河北路证券营业部,17.99,4.26,0.0,0.0,17.99
125,20181203,200018.SZ,华泰证券股份有限公司南京鱼市街证券营业部,8.41,1.99,45.8,10.85,-37.39
126,20181203,200018.SZ,广发证券股份有限公司江门新会知政中路证券营业部,0.15,0.03,35.8,8.48,-35.65
127,20181203,200018.SZ,中国银河证券股份有限公司深圳罗湖证券营业部,0.0,0.0,32.03,7.59,-32.03
128,20181203,200018.SZ,国泰君安证券股份有限公司深圳人民南路证券营业部,0.0,0.0,21.18,5.02,-21.18
129,20181203,200018.SZ,中山证券有限责任公司中山分公司,8.19,1.94,12.85,3.04,-4.66
130,20181203,300100.SZ,财通证券股份有限公司杭州体育馆证券营业部,1373.93,2.02,379.79,0.56,994.14
131,20181203,300100.SZ,中信证券(山东)有限责任公司淄博分公司,1001.86,1.47,50.75,0.07,951.11
132,20181203,300100.SZ,方正证券股份有限公司长沙黄兴中路证券营业部,982.58,1.44,948.45,1.39,34.13
133,20181203,300100.SZ,广发证券股份有限公司泉州涂门街证券营业部,957.14,1.41,8.92,0.01,948.22
134,20181203,300100.SZ,金元证券股份有限公司广州白云路证券营业部,925.75,1.36,491.79,0.72,433.95
135,20181203,300100.SZ,方正证券股份有限公司长沙黄兴中路证券营业部,982.58,1.44,948.45,1.39,34.13
136,20181203,300100.SZ,中国国际金融股份有限公司北京科学院南路证券营业部,1.25,0.0,889.44,1.31,-888.19
137,20181203,300100.SZ,海通证券股份有限公司杭州文化路证券营业部,713.2,1.05,823.27,1.21,-110.08
138,20181203,300100.SZ,光大证券股份有限公司湛江海滨大道南证券营业部,742.54,1.09,787.12,1.16,-44.57
139,20181203,300100.SZ,中泰证券股份有限公司常熟海虞南路证券营业部,630.96,0.93,634.69,0.93,-3.73
140,20181203,300324.SZ,机构专用,7635.15,4.83,0.0,0.0,7635.15
141,20181203,300324.SZ,机构专用,4134.86,2.61,0.0,0.0,4134.86
142,20181203,300324.SZ,中信建投证券股份有限公司重庆涪陵广场路证券营业部,2772.72,1.75,0.0,0.0,2772.72
143,20181203,300324.SZ,中信证券股份有限公司北京首体南路证券营业部,2655.92,1.68,13.84,0.01,2642.08
144,20181203,300324.SZ,华泰证券股份有限公司上海共和新路证券营业部,2169.28,1.37,19.7,0.01,2149.58
145,20181203,300324.SZ,机构专用,0.0,0.0,14620.59,9.24,-14620.59
146,20181203,300324.SZ,机构专用,0.0,0.0,11336.84,7.17,-11336.84
147,20181203,300324.SZ,机构专用,0.0,0.0,9523.25,6.02,-9523.25
148,20181203,300324.SZ,机构专用,0.0,0.0,8482.98,5.36,-8482.98
149,20181203,300324.SZ,机构专用,0.0,0.0,7126.36,4.51,-7126.36
150,20181203,300324.SZ,机构专用,7635.15,4.83,0.0,0.0,7635.15
151,20181203,300324.SZ,机构专用,4134.86,2.61,0.0,0.0,4134.86
152,20181203,300324.SZ,中信建投证券股份有限公司重庆涪陵广场路证券营业部,2772.72,1.75,0.0,0.0,2772.72
153,20181203,300324.SZ,中信证券股份有限公司北京首体南路证券营业部,2655.92,1.68,13.84,0.01,2642.08
154,20181203,300324.SZ,华泰证券股份有限公司上海共和新路证券营业部,2169.28,1.37,19.7,0.01,2149.58
155,20181203,300324.SZ,机构专用,0.0,0.0,14620.59,9.24,-14620.59
156,20181203,300324.SZ,机构专用,0.0,0.0,11336.84,7.17,-11336.84
157,20181203,300324.SZ,机构专用,0.0,0.0,9523.25,6.02,-9523.25
158,20181203,300324.SZ,机构专用,0.0,0.0,8482.98,5.36,-8482.98
159,20181203,300324.SZ,机构专用,0.0,0.0,7126.36,4.51,-7126.36
160,20181203,300356.SZ,海通证券股份有限公司滁州天长东路证券营业部,1218.7,2.29,338.8,0.64,879.9
161,20181203,300356.SZ,长江证券股份有限公司上海世纪大道证券营业部,1132.61,2.13,0.0,0.0,1132.61
162,20181203,300356.SZ,华泰证券股份有限公司北京广渠门内大街证券营业部,939.95,1.76,1.17,0.0,938.78
163,20181203,300356.SZ,财通证券股份有限公司杭州体育馆证券营业部,895.61,1.68,0.0,0.0,895.61
164,20181203,300356.SZ,东吴证券股份有限公司苏州西北街证券营业部,823.84,1.55,696.68,1.31,127.16
165,20181203,300356.SZ,申万宏源证券有限公司海南分公司,160.27,0.3,1976.03,3.71,-1815.76
166,20181203,300356.SZ,东吴证券股份有限公司苏州西北街证券营业部,823.84,1.55,696.68,1.31,127.16
167,20181203,300356.SZ,海通证券股份有限公司牡丹江平安街证券营业部,8.72,0.02,624.74,1.17,-616.02
168,20181203,300356.SZ,中信证券股份有限公司杭州延安路证券营业部,445.0,0.84,587.98,1.1,-142.98
169,20181203,300356.SZ,国联证券股份有限公司无锡中山路证券营业部,139.05,0.26,531.76,1.0,-392.71
170,20181203,300370.SZ,华泰证券股份有限公司深圳益田路荣超商务中心证券营业部,3220.59,4.7,40.88,0.06,3179.71
171,20181203,300370.SZ,中国银河证券股份有限公司杭州天城东路证券营业部,1218.99,1.78,2.43,0.0,1216.56
172,20181203,300370.SZ,中信证券(山东)有限责任公司淄博分公司,1141.76,1.67,1.98,0.0,1139.78
173,20181203,300370.SZ,华泰证券股份有限公司无锡金融一街证券营业部,1065.75,1.55,0.0,0.0,1065.75
174,20181203,300370.SZ,华鑫证券有限责任公司泉州南山南路证券营业部,976.94,1.43,0.0,0.0,976.94
175,20181203,300370.SZ,申万宏源西部证券有限公司乌鲁木齐公园北街证券营业部,723.0,1.05,10253.59,14.96,-9530.59
176,20181203,300370.SZ,东莞证券股份有限公司苏州广济北路证券营业部,0.0,0.0,1686.99,2.46,-1686.99
177,20181203,300370.SZ,中国中投证券有限责任公司杭州环球中心证券营业部,49.18,0.07,1400.96,2.04,-1351.78
178,20181203,300370.SZ,华泰证券股份有限公司永嘉阳光大道证券营业部,360.0,0.53,1360.25,1.98,-1000.25
179,20181203,300370.SZ,新时代证券股份有限公司宜昌东山大道证券营业部,0.11,0.0,1335.2,1.95,-1335.09
180,20181203,300510.SZ,中信建投证券股份有限公司台州市府大道证券营业部,1831.5,3.81,0.0,0.0,1831.5
181,20181203,300510.SZ,国泰君安证券股份有限公司顺德大良证券营业部,1523.55,3.17,0.0,0.0,1523.55
182,20181203,300510.SZ,广发证券股份有限公司台州白云山西路证券营业部,1355.5,2.82,0.0,0.0,1355.5
183,20181203,300510.SZ,中信建投证券股份有限公司杭州庆春路证券营业部,1309.19,2.72,8.35,0.02,1300.84
184,20181203,300510.SZ,九州证券股份有限公司浙江分公司,1095.8,2.28,0.0,0.0,1095.8
185,20181203,300510.SZ,兴业证券股份有限公司哈尔滨友谊路证券营业部,1.22,0.0,3800.07,7.91,-3798.84
186,20181203,300510.SZ,万和证券股份有限公司深圳深南大道证券营业部,0.0,0.0,2932.95,6.1,-2932.95
187,20181203,300510.SZ,安信证券股份有限公司成都交子大道证券营业部,0.0,0.0,2329.67,4.85,-2329.67
188,20181203,300510.SZ,中天证券股份有限公司深圳金田路证券营业部,55.13,0.11,2180.58,4.54,-2125.45
189,20181203,300510.SZ,国元证券股份有限公司贵阳金阳碧海南路证券营业部,1.38,0.0,1899.48,3.95,-1898.1
190,20181203,300510.SZ,中信建投证券股份有限公司台州市府大道证券营业部,1831.5,3.81,0.0,0.0,1831.5
191,20181203,300510.SZ,国泰君安证券股份有限公司顺德大良证券营业部,1523.55,3.17,0.0,0.0,1523.55
192,20181203,300510.SZ,广发证券股份有限公司台州白云山西路证券营业部,1355.5,2.82,0.0,0.0,1355.5
193,20181203,300510.SZ,中信建投证券股份有限公司杭州庆春路证券营业部,1309.19,2.72,8.35,0.02,1300.84
194,20181203,300510.SZ,九州证券股份有限公司浙江分公司,1095.8,2.28,0.0,0.0,1095.8
195,20181203,300510.SZ,兴业证券股份有限公司哈尔滨友谊路证券营业部,1.22,0.0,3800.07,7.91,-3798.84
196,20181203,300510.SZ,万和证券股份有限公司深圳深南大道证券营业部,0.0,0.0,2932.95,6.1,-2932.95
197,20181203,300510.SZ,安信证券股份有限公司成都交子大道证券营业部,0.0,0.0,2329.67,4.85,-2329.67
198,20181203,300510.SZ,中天证券股份有限公司深圳金田路证券营业部,55.13,0.11,2180.58,4.54,-2125.45
199,20181203,300510.SZ,国元证券股份有限公司贵阳金阳碧海南路证券营业部,1.38,0.0,1899.48,3.95,-1898.1
200,20181203,300597.SZ,财通证券股份有限公司慈溪开发大道证券营业部,1355.9,3.12,44.22,0.1,1311.68
201,20181203,300597.SZ,恒泰证券股份有限公司杭州婺江路证券营业部,1233.63,2.84,4.22,0.01,1229.4
202,20181203,300597.SZ,中信建投证券股份有限公司杭州市民街证券营业部,1156.17,2.66,4.13,0.01,1152.03
203,20181203,300597.SZ,广州证券股份有限公司丽水中山街证券营业部,1039.25,2.39,0.0,0.0,1039.25
204,20181203,300597.SZ,广发证券股份有限公司杭州凤起路证券营业部,752.87,1.73,0.0,0.0,752.87
205,20181203,300597.SZ,广发证券股份有限公司台州白云山西路证券营业部,0.0,0.0,3353.91,7.71,-3353.91
206,20181203,300597.SZ,海通证券股份有限公司杭州解放路证券营业部,0.53,0.0,1353.31,3.11,-1352.78
207,20181203,300597.SZ,德邦证券股份有限公司杭州新业路证券营业部,1.01,0.0,1113.04,2.56,-1112.03
208,20181203,300597.SZ,中信建投证券股份有限公司杭州庆春路证券营业部,0.51,0.0,846.45,1.95,-845.94
209,20181203,300597.SZ,大同证券有限责任公司台州西街证券营业部,5.21,0.01,748.08,1.72,-742.87
210,20181203,300674.SZ,国泰君安证券股份有限公司南京太平南路证券营业部,1639.1,2.13,13.96,0.02,1625.14
211,20181203,300674.SZ,华泰证券股份有限公司深圳侨香路智慧广场证券营业部,1520.35,1.98,0.0,0.0,1520.35
212,20181203,300674.SZ,兴业证券股份有限公司温州分公司,953.77,1.24,3.66,0.0,950.12
213,20181203,300674.SZ,中国中投证券有限责任公司南京太平南路证券营业部,746.63,0.97,2.58,0.0,744.05
214,20181203,300674.SZ,中国银河证券股份有限公司马鞍山湖东中路证券营业部,668.62,0.87,10.63,0.01,657.99
215,20181203,300674.SZ,国盛证券有限责任公司宁波桑田路证券营业部,11.06,0.01,1385.86,1.8,-1374.8
216,20181203,300674.SZ,长江证券股份有限公司上海世纪大道证券营业部,261.8,0.34,1184.65,1.54,-922.85
217,20181203,300674.SZ,东方证券股份有限公司杭州龙井路证券营业部,33.03,0.04,1046.19,1.36,-1013.16
218,20181203,300674.SZ,申万宏源证券有限公司上海静安区洛川东路证券营业部,1.85,0.0,979.44,1.27,-977.59
219,20181203,300674.SZ,中国中投证券有限责任公司杭州环球中心证券营业部,1.12,0.0,927.15,1.21,-926.03
220,20181203,300748.SZ,东兴证券股份有限公司莆田梅园东路证券营业部,396.76,1.49,6.64,0.02,390.12
221,20181203,300748.SZ,华泰证券股份有限公司北京广渠门内大街证券营业部,317.11,1.19,0.0,0.0,317.11
222,20181203,300748.SZ,国信证券股份有限公司成都二环路证券营业部,300.0,1.13,12.51,0.05,287.49
223,20181203,300748.SZ,华泰证券股份有限公司台州中心大道证券营业部,268.97,1.01,5.39,0.02,263.57
224,20181203,300748.SZ,中航证券有限公司广州天河北路证券营业部,240.87,0.91,230.07,0.87,10.81
225,20181203,300748.SZ,华泰证券股份有限公司南京草场门大街证券营业部,207.65,0.78,321.67,1.21,-114.02
226,20181203,300748.SZ,西藏东方财富证券股份有限公司拉萨团结路第二证券营业部,211.5,0.8,285.88,1.08,-74.38
227,20181203,300748.SZ,中信证券股份有限公司北京紫竹院路证券营业部,24.44,0.09,253.2,0.95,-228.76
228,20181203,300748.SZ,中国银河证券股份有限公司北京建国路证券营业部,92.49,0.35,247.29,0.93,-154.8
229,20181203,300748.SZ,安信证券股份有限公司武汉中北路证券营业部,0.24,0.0,237.31,0.89,-237.07
230,20181203,300751.SZ,华西证券股份有限公司遂宁遂州南路证券营业部,939.31,2.32,10.37,0.03,928.94
231,20181203,300751.SZ,华泰证券股份有限公司常州东横街证券营业部,666.59,1.65,5.24,0.01,661.35
232,20181203,300751.SZ,广发证券股份有限公司深圳民田路证券营业部,530.06,1.31,80.49,0.2,449.57
233,20181203,300751.SZ,中泰证券股份有限公司聊城柳园南路证券营业部,524.87,1.3,3.84,0.01,521.02
234,20181203,300751.SZ,中泰证券股份有限公司南京中山南路证券营业部,370.09,0.91,6.5,0.02,363.58
235,20181203,300751.SZ,长江证券股份有限公司上海世纪大道证券营业部,0.0,0.0,1229.15,3.03,-1229.15
236,20181203,300751.SZ,国泰君安证券股份有限公司深圳龙华壹成中心证券营业部,64.8,0.16,603.7,1.49,-538.9
237,20181203,300751.SZ,中信证券股份有限公司杭州凤起东路证券营业部,0.0,0.0,562.5,1.39,-562.5
238,20181203,300751.SZ,招商证券股份有限公司南宁金湖路证券营业部,48.07,0.12,423.95,1.05,-375.88
239,20181203,300751.SZ,东方证券股份有限公司杭州体育场路证券营业部,150.1,0.37,401.52,0.99,-251.42
240,20181203,600077.SH,光大证券股份有限公司宁波甬江大道证券营业部,1176.0,27.59,0.0,0.0,1176.0
241,20181203,600077.SH,中国银河证券股份有限公司上海恒丰路证券营业部,140.78,3.3,0.0,0.0,140.78
242,20181203,600077.SH,国信证券股份有限公司深圳泰九分公司,116.82,2.74,0.0,0.0,116.82
243,20181203,600077.SH,机构专用,101.03,2.37,0.0,0.0,101.03
244,20181203,600077.SH,中国银河证券股份有限公司南京上海路证券营业部,85.48,2.01,0.0,0.0,85.48
245,20181203,600077.SH,海通证券股份有限公司宁波中山东路证券营业部,0.0,0.0,186.23,4.37,-186.23
246,20181203,600077.SH,机构专用,0.0,0.0,168.19,3.95,-168.19
247,20181203,600077.SH,华泰证券股份有限公司杭州求是路证券营业部,0.0,0.0,102.09,2.39,-102.09
248,20181203,600077.SH,华泰证券股份有限公司西安文艺北路证券营业部,0.0,0.0,101.18,2.37,-101.18
249,20181203,600077.SH,广州证券股份有限公司长沙芙蓉中路证券营业部,0.0,0.0,84.02,1.97,-84.02
250,20181203,600080.SH,西南证券股份有限公司江西分公司,6804.67,3.38,0.0,0.0,6804.67
251,20181203,600080.SH,光大证券股份有限公司深圳海秀路证券营业部,3981.77,1.98,0.0,0.0,3981.77
252,20181203,600080.SH,中天证券股份有限公司深圳金田路证券营业部,3066.11,1.52,0.0,0.0,3066.11
253,20181203,600080.SH,新时代证券股份有限公司深圳深南大道金运世纪证券营业部,2751.96,1.37,0.0,0.0,2751.96
254,20181203,600080.SH,西藏东方财富证券股份有限公司拉萨团结路第二证券营业部,2246.91,1.12,0.0,0.0,2246.91
255,20181203,600080.SH,新时代证券股份有限公司深圳深南大道金运世纪证券营业部,0.0,0.0,14599.27,7.25,-14599.27
256,20181203,600080.SH,光大证券股份有限公司深圳海秀路证券营业部,0.0,0.0,9950.8,4.94,-9950.8
257,20181203,600080.SH,西南证券股份有限公司江西分公司,0.0,0.0,9179.51,4.56,-9179.51
258,20181203,600080.SH,中泰证券股份有限公司深圳泰然九路证券营业部,0.0,0.0,9141.54,4.54,-9141.54
259,20181203,600080.SH,中泰证券股份有限公司永州清桥路证券营业部,0.0,0.0,8968.51,4.45,-8968.51
260,20181203,600735.SH,方正证券股份有限公司南京分公司,642.81,37.21,0.0,0.0,642.81
261,20181203,600735.SH,华鑫证券有限责任公司杭州飞云江路证券营业部,641.32,37.12,0.0,0.0,641.32
262,20181203,600735.SH,华泰证券股份有限公司上海黄河路证券营业部,192.15,11.12,0.0,0.0,192.15
263,20181203,600735.SH,湘财证券股份有限公司武汉友谊大道证券营业部,184.99,10.71,0.0,0.0,184.99
264,20181203,600735.SH,申港证券股份有限公司安徽分公司,66.44,3.85,0.0,0.0,66.44
265,20181203,600735.SH,中国银河证券股份有限公司北京学院南路证券营业部,0.0,0.0,188.6,10.92,-188.6
266,20181203,600735.SH,机构专用,0.0,0.0,186.41,10.79,-186.41
267,20181203,600735.SH,中信证券股份有限公司上海漕溪北路证券营业部,0.0,0.0,85.59,4.95,-85.59
268,20181203,600735.SH,华泰证券股份有限公司扬州文昌中路证券营业部,0.0,0.0,55.66,3.22,-55.66
269,20181203,600735.SH,海通证券股份有限公司杭州文化路证券营业部,0.0,0.0,55.53,3.21,-55.53
270,20181203,600745.SH,申万宏源证券有限公司上海闵行区东川路证券营业部,18194.32,11.32,0.0,0.0,18194.32
271,20181203,600745.SH,机构专用,14053.98,8.75,0.0,0.0,14053.98
272,20181203,600745.SH,机构专用,12090.52,7.52,0.0,0.0,12090.52
273,20181203,600745.SH,东方证券股份有限公司客户资产管理部,9227.64,5.74,0.0,0.0,9227.64
274,20181203,600745.SH,广发证券股份有限公司台州白云山西路证券营业部,5381.05,3.35,0.0,0.0,5381.05
275,20181203,600745.SH,中信证券股份有限公司上海恒丰路证券营业部,0.0,0.0,19939.83,12.41,-19939.83
276,20181203,600745.SH,机构专用,0.0,0.0,19373.27,12.06,-19373.27
277,20181203,600745.SH,机构专用,0.0,0.0,15921.27,9.91,-15921.27
278,20181203,600745.SH,中信证券股份有限公司平湖建国北路证券营业部,0.0,0.0,7258.36,4.52,-7258.36
279,20181203,600745.SH,爱建证券有限责任公司上海世纪大道证券营业部,0.0,0.0,6346.91,3.95,-6346.91
280,20181203,600774.SH,华泰证券股份有限公司盐城分公司,208.21,2.27,0.0,0.0,208.21
281,20181203,600774.SH,华鑫证券有限责任公司乐清双雁路证券营业部,158.0,1.72,0.0,0.0,158.0
282,20181203,600774.SH,首创证券有限责任公司福州长乐路证券营业部,139.22,1.52,0.0,0.0,139.22
283,20181203,600774.SH,宏信证券有限责任公司南京广州路证券营业部,109.14,1.19,0.0,0.0,109.14
284,20181203,600774.SH,西藏东方财富证券股份有限公司拉萨团结路第二证券营业部,106.75,1.16,0.0,0.0,106.75
285,20181203,600774.SH,广发证券股份有限公司武汉京汉大道证券营业部,0.0,0.0,729.62,7.94,-729.62
286,20181203,600774.SH,中国银河证券股份有限公司武汉汉阳证券营业部,0.0,0.0,584.75,6.37,-584.75
287,20181203,600774.SH,国信证券股份有限公司武汉沿江大道证券营业部,0.0,0.0,242.21,2.64,-242.21
288,20181203,600774.SH,中银国际证券股份有限公司上海欧阳路证券营业部,0.0,0.0,212.16,2.31,-212.16
289,20181203,600774.SH,国信证券股份有限公司义乌稠江街道总部经济园证券营业部,0.0,0.0,148.3,1.61,-148.3
290,20181203,600776.SH,国泰君安证券股份有限公司顺德东乐路证券营业部,1872.02,4.7,0.0,0.0,1872.02
291,20181203,600776.SH,广发证券股份有限公司吴江仲英大道证券营业部,1052.1,2.64,0.0,0.0,1052.1
292,20181203,600776.SH,中国中投证券有限责任公司无锡清扬路证券营业部,945.02,2.37,0.0,0.0,945.02
293,20181203,600776.SH,东吴证券股份有限公司苏州西北街证券营业部,800.44,2.01,0.0,0.0,800.44
294,20181203,600776.SH,华林证券股份有限公司河源市建设大道东证券营业部,515.31,1.29,0.0,0.0,515.31
295,20181203,600776.SH,中信证券股份有限公司武汉关山大道证券营业部,0.0,0.0,798.94,2.0,-798.94
296,20181203,600776.SH,光大证券股份有限公司奉化南山路证券营业部,0.0,0.0,638.98,1.6,-638.98
297,20181203,603220.SH,中信证券股份有限公司杭州玉皇山南基金小镇证券营业部,1281.39,1.35,0.0,0.0,1281.39
298,20181203,603220.SH,西藏东方财富证券股份有限公司拉萨团结路第二证券营业部,850.23,0.9,0.0,0.0,850.23
299,20181203,603220.SH,平安证券股份有限公司上海分公司,655.13,0.69,0.0,0.0,655.13
300,20181203,603220.SH,华泰证券股份有限公司常州东横街证券营业部,631.67,0.67,0.0,0.0,631.67
301,20181203,603220.SH,国金证券股份有限公司上海奉贤区金碧路证券营业部,615.2,0.65,0.0,0.0,615.2
302,20181203,603220.SH,西藏东方财富证券股份有限公司拉萨团结路第二证券营业部,0.0,0.0,1317.33,1.39,-1317.33
303,20181203,603220.SH,国金证券股份有限公司上海奉贤区金碧路证券营业部,0.0,0.0,752.02,0.79,-752.02
304,20181203,603220.SH,西藏东方财富证券股份有限公司拉萨团结路第一证券营业部,0.0,0.0,713.89,0.75,-713.89
305,20181203,603220.SH,西藏东方财富证券股份有限公司拉萨东环路第二证券营业部,0.0,0.0,662.29,0.7,-662.29
306,20181203,603220.SH,平安证券股份有限公司浙江分公司,0.0,0.0,615.41,0.65,-615.41
307,20181203,603389.SH,广州证券股份有限公司常州高新科技园证券营业部,514.33,2.45,0.0,0.0,514.33
308,20181203,603389.SH,国金证券股份有限公司上海奉贤区金碧路证券营业部,279.43,1.33,0.0,0.0,279.43
309,20181203,603389.SH,西藏东方财富证券股份有限公司拉萨团结路第二证券营业部,275.1,1.31,0.0,0.0,275.1
310,20181203,603389.SH,财富证券有限责任公司杭州庆春路证券营业部,175.52,0.84,0.0,0.0,175.52
311,20181203,603389.SH,海通证券股份有限公司深圳华富路营业部,167.2,0.8,0.0,0.0,167.2
312,20181203,603389.SH,新时代证券股份有限公司宜昌东山大道证券营业部,0.0,0.0,729.02,3.47,-729.02
313,20181203,603389.SH,中信证券股份有限公司杭州新天地证券营业部,0.0,0.0,474.36,2.26,-474.36
314,20181203,603389.SH,广发证券股份有限公司茂名高州高凉中路证券营业部,0.0,0.0,406.84,1.94,-406.84
315,20181203,603389.SH,华泰证券股份有限公司广州环市东路证券营业部,0.0,0.0,356.25,1.7,-356.25
316,20181203,603389.SH,华泰证券股份有限公司重庆春晖路证券营业部,0.0,0.0,341.53,1.63,-341.53
317,20181203,603617.SH,东方证券股份有限公司成都建设路证券营业部,768.19,4.33,0.0,0.0,768.19
318,20181203,603617.SH,西藏东方财富证券股份有限公司成都二环路西一段证券营业部,683.18,3.85,0.0,0.0,683.18
319,20181203,603617.SH,宏信证券有限责任公司西昌胜利路证券营业部,335.85,1.89,0.0,0.0,335.85
320,20181203,603617.SH,光大证券股份有限公司宁海气象北路证券营业部,296.79,1.67,0.0,0.0,296.79
321,20181203,603617.SH,安信证券股份有限公司广州滨江中路证券营业部,258.03,1.45,0.0,0.0,258.03
322,20181203,603617.SH,华西证券股份有限公司成都南一环路证券营业部,0.0,0.0,4135.35,23.3,-4135.35
323,20181203,603617.SH,中信建投证券股份有限公司成都市南一环路证券营业部,0.0,0.0,1411.96,7.96,-1411.96
324,20181203,603617.SH,中信建投证券股份有限公司成都市马家花园证券营业部,0.0,0.0,931.13,5.25,-931.13
325,20181203,603617.SH,平安证券股份有限公司四川分公司,0.0,0.0,482.67,2.72,-482.67
326,20181203,603617.SH,西藏东方财富证券股份有限公司成都东大街证券营业部,0.0,0.0,318.24,1.79,-318.24
327,20181203,603726.SH,光大证券股份有限公司内江威远县南大街证券营业部,320.06,3.98,0.0,0.0,320.06
328,20181203,603726.SH,财富证券有限责任公司杭州庆春路证券营业部,197.76,2.46,0.0,0.0,197.76
329,20181203,603726.SH,广发证券股份有限公司哈尔滨学府路证券营业部,171.73,2.14,0.0,0.0,171.73
330,20181203,603726.SH,中国银河证券股份有限公司永康五洲路证券营业部,151.0,1.88,0.0,0.0,151.0
331,20181203,603726.SH,财富证券有限责任公司重庆新溉大道证券营业部,136.8,1.7,0.0,0.0,136.8
332,20181203,603726.SH,申万宏源西部证券有限公司盐城经济开发区泰山路证券营业部,0.0,0.0,738.68,9.18,-738.68
333,20181203,603726.SH,中国银河证券股份有限公司三亚迎宾路证券营业部,0.0,0.0,474.92,5.9,-474.92
334,20181203,603726.SH,银泰证券有限责任公司温州蝉街证券营业部,0.0,0.0,417.76,5.19,-417.76
335,20181203,603726.SH,海通证券股份有限公司扬州汶河南路证券营业部,0.0,0.0,413.75,5.14,-413.75
336,20181203,603726.SH,广发证券股份有限公司温州瓯江路证券营业部,0.0,0.0,340.59,4.23,-340.59
