code,name,pe,p_change_01,past_average_turnover,stop_mark
300634,彩讯股份,45.9,110.728,0.033,
600929,湖南盐业,40.92,91.654,0.077,
300688,创业黑马,167.67,72.398,39.153,
000151,中成股份,59.76,64.115,22.297,
002137,麦达数字,78.95,61.333,17.723,
002930,宏川智慧,35.48,58.385,0.045,
002877,智能自控,93.49,57.134,37.383,
600962,国投中鲁,9601.25,54.238,9.907,
300390,天华超净,123.63,52.67,22.307,
002927,泰永长征,104.07,51.208,58.523,
002208,合肥城建,197.78,50.714,15.427,
300682,朗新科技,0.0,50.23,41.72,
000555,神州信息,88.17,46.485,5.847,
300726,宏达电子,71.01,43.844,28.637,
300100,双林股份,26.7,41.758,6.7,
300523,辰安科技,4185.25,40.756,1.803,
300696,爱乐达,103.16,40.741,35.14,
000532,华金资本,135.6,39.451,11.097,
002265,西仪股份,259.33,38.841,10.7,
300705,九典制药,68.22,38.277,42.55,
300672,国科微,1261.32,36.06,28.207,
300667,必创科技,280.43,35.492,29.413,
300469,信息发展,1494.25,34.559,20.457,
002184,海得控制,416.49,34.022,17.4,
002776,柏堡龙,36.59,32.563,2.377,
300377,赢时胜,112.83,31.072,9.57,
300249,依米康,85.42,30.971,9.19,
300253,卫宁健康,105.31,30.858,9.063,
600113,浙江东日,39.67,28.168,12.867,
601069,西部黄金,573.01,28.143,9.027,
300715,凯伦股份,71.71,27.305,28.85,
300572,安车检测,72.87,27.123,2.967,
000819,岳阳兴长,0.0,27.117,4.453,
300571,平治信息,81.17,26.947,5.51,
300302,同有科技,107.94,26.655,10.72,
300226,上海钢联,247.81,26.289,7.107,
300114,中航电测,53.31,26.131,3.483,
300517,海波重科,74.39,26.039,5.127,
002782,可立克,106.91,25.87,12.807,
300188,美亚柏科,54.68,25.641,7.953,
002264,新 华 都,4099.45,25.242,9.917,
002873,新天药业,42.42,24.583,23.703,
000948,南天信息,125.63,24.435,3.787,
300730,科创信息,929.85,24.422,56.49,
300556,丝路视觉,199.36,24.395,17.823,
002666,德联集团,48.07,24.136,5.123,
600462,九有股份,325.73,24.057,6.377,
000810,创维数字,95.7,23.951,1.787,
300490,华自科技,96.8,23.389,6.07,
600804,鹏博士,26.61,23.349,0.933,
300647,超频三,80.78,23.341,22.607,
300404,博济医药,0.0,23.223,13.06,
300267,尔康制药,21.0,22.626,1.997,
300719,安达维尔,470.56,22.485,51.123,
000629,*ST钒钛,0.0,22.303,,
300383,光环新网,60.43,21.886,7.32,
600053,九鼎投资,35.46,21.551,1.62,
300532,今天国际,50.4,21.507,14.523,
300036,超图软件,90.89,21.179,10.62,
300130,新国都,107.18,21.137,3.087,
002651,利君股份,80.23,20.772,9.1,
600088,中视传媒,57.95,20.674,4.067,
300205,天喻信息,100.07,20.574,6.837,
300424,航新科技,122.66,20.548,7.823,
002523,天桥起重,54.99,20.523,10.053,
300351,永贵电器,36.07,20.42,2.243,
000806,银河生物,2556.17,20.386,5.5,
002777,久远银海,109.88,20.359,3.853,
600360,华微电子,66.64,20.249,15.413,
300034,钢研高纳,88.45,20.1,7.61,
600268,国电南自,107.72,19.956,4.553,
002088,鲁阳节能,29.49,19.947,3.58,
300568,星源材质,51.55,19.892,2.89,
300661,圣邦股份,85.51,19.863,5.92,
300365,恒华科技,44.71,19.505,2.847,
600272,开开实业,98.16,19.39,4.813,
300631,久吾高科,86.95,19.35,15.637,
002898,赛隆药业,60.98,19.243,36.66,
600213,亚星客车,68.52,18.644,5.243,
300522,世名科技,40.87,18.448,9.357,
300168,万达信息,125.82,18.297,4.603,
002246,北化股份,73.48,18.218,5.91,
300059,东方财富,109.76,18.13,5.087,
002476,宝莫股份,0.0,17.879,3.123,
300352,北信源,206.76,17.752,11.407,
600202,哈空调,0.0,17.553,2.17,
300525,博思软件,203.81,17.524,4.803,
002134,*ST普林,0.0,17.434,0.807,
300699,光威复材,78.39,17.341,9.777,
002922,伊戈尔,52.09,17.234,33.813,
600535,天士力,33.74,17.233,1.297,
300369,绿盟科技,0.0,17.169,3.593,
300259,新天科技,43.67,17.121,4.6,
300509,新美星,39.18,17.078,7.58,
300560,中富通,77.97,16.982,9.663,
300529,健帆生物,56.73,16.98,1.45,
300140,中环装备,136.84,16.979,10.717,
600800,天津磁卡,0.0,16.926,5.333,
002717,岭南股份,26.82,16.894,4.083,
300356,光一科技,198.03,16.864,8.4,
300477,合纵科技,111.84,16.849,18.53,
300601,康泰生物,121.2,16.841,2.327,
300550,和仁科技,107.18,16.833,5.973,
600716,凤凰股份,0.0,16.664,2.15,
300101,振芯科技,287.47,16.6,3.863,
300691,联合光电,65.76,16.59,7.807,
000935,四川双马,123.88,16.422,5.06,
002921,联诚精密,58.59,16.409,34.053,
300243,瑞丰高材,82.71,16.252,0.72,
300268,佳沃股份,0.0,16.251,5.457,
300633,开立医疗,76.28,16.231,7.403,
300698,万马科技,92.27,16.227,29.163,
300740,御家汇,57.15,16.125,27.273,
300507,苏奥传感,33.44,15.995,5.267,
600095,哈高科,109.2,15.939,15.867,
601599,鹿港文化,47.94,15.93,3.29,
600555,海航创新,0.0,15.809,1.927,
002428,云南锗业,1580.8,15.749,4.327,
600662,强生控股,98.09,15.65,3.42,
002364,中恒电气,55.06,15.591,1.55,
600371,万向德农,54.79,15.554,6.93,
002066,瑞泰科技,233.23,15.444,4.023,
600570,恒生电子,75.56,15.442,7.0,
300479,神思电子,232.97,15.437,16.0,
300711,广哈通信,82.8,15.36,40.53,
300412,迦南科技,48.77,15.241,1.51,
002474,榕基软件,173.12,15.241,6.553,
300657,弘信电子,72.46,15.236,17.1,
300687,赛意信息,55.73,15.177,16.247,
002771,真视通,53.44,15.126,10.16,
000519,中兵红箭,359.4,14.926,5.74,
300051,三五互联,57.06,14.878,12.437,
300562,乐心医疗,0.0,14.856,12.173,
002858,力盛赛车,481.51,14.809,8.677,
002382,蓝帆医疗,45.01,14.793,2.893,
600560,金自天正,137.02,14.767,7.433,
300559,佳发安泰,55.83,14.683,4.01,
300552,万集科技,180.8,14.58,7.347,
600405,动力源,0.0,14.57,3.22,
300487,蓝晓科技,66.79,14.549,2.117,
600387,海越股份,0.0,14.545,1.307,
300675,建科院,1417.16,14.529,35.937,
300344,太空智造,0.0,14.454,19.473,
300596,利安隆,28.06,14.401,3.393,
300047,天源迪科,39.38,14.374,6.567,
002268,卫 士 通,0.0,14.351,2.9,
002816,和科达,140.08,14.32,5.323,
002829,星网宇达,91.2,14.283,7.723,
600315,上海家化,68.83,14.26,0.773,
000801,四川九洲,0.0,14.18,6.447,
000925,众合科技,132.09,14.095,3.37,
600520,文一科技,428.6,14.094,9.377,
002821,凯莱英,62.92,14.091,2.63,
300593,新雷能,79.51,13.998,5.057,
600536,中国软件,0.0,13.935,4.73,
300170,汉得信息,56.94,13.93,8.797,
600316,洪都航空,312.74,13.913,2.933,
300272,开能环保,45.77,13.801,1.45,
600343,航天动力,575.57,13.77,5.227,
600860,*ST京城,135.89,13.768,0.577,
300316,晶盛机电,65.7,13.741,2.887,
300078,思创医惠,57.89,13.733,6.153,
002410,广联达,74.02,13.712,2.33,
002596,海南瑞泽,71.45,13.673,4.657,
002017,东信和平,74.34,13.617,3.533,
002824,和胜股份,48.32,13.61,8.37,
300269,联建光电,17.24,13.595,2.643,
000977,浪潮信息,72.13,13.587,7.873,
600698,湖南天雁,0.0,13.495,5.33,
600178,东安动力,49.31,13.43,2.57,
600883,博闻科技,38.03,13.381,1.223,
002566,益盛药业,51.71,13.359,8.143,
600721,百花村,41.52,13.305,4.387,
002446,盛路通信,47.53,13.292,3.887,
300099,精准信息,146.94,13.272,4.333,
002371,北方华创,178.46,13.241,5.87,
600476,湘邮科技,795.11,13.219,2.263,
002297,博云新材,0.0,13.161,7.623,
300414,中光防雷,88.75,13.122,2.56,
000971,高升控股,43.65,13.115,6.903,
300702,天宇股份,34.23,13.058,14.687,
002025,航天电器,36.84,13.036,3.617,
300012,华测检测,61.12,13.035,2.89,
000985,大庆华科,49.65,12.91,3.763,
002786,银宝山新,53.93,12.9,7.93,
600587,新华医疗,393.65,12.895,1.24,
002569,步森股份,0.0,12.816,9.637,
600590,泰豪科技,29.25,12.802,1.783,
300389,艾比森,64.73,12.767,1.8,
600562,国睿科技,61.85,12.764,2.07,
600358,国旅联合,108.94,12.72,2.22,
002812,创新股份,104.98,12.621,2.087,
000628,高新发展,114.14,12.596,3.79,
600080,金花股份,79.46,12.545,2.087,
000998,隆平高科,151.22,12.54,1.51,
300474,景嘉微,131.18,12.468,11.29,
002715,登云股份,231.96,12.415,2.647,
002544,杰赛科技,234.88,12.362,2.867,
300485,赛升药业,25.94,12.329,2.897,
300738,奥飞数据,73.6,12.293,36.06,
000066,中国长城,57.94,12.288,4.697,
600135,乐凯胶片,43.53,12.267,8.34,
002338,奥普光电,69.16,12.249,1.43,
600764,中国海防,248.23,12.159,0.597,
300430,诚益通,72.78,12.098,3.287,
300461,田中精机,126.99,12.039,2.263,
000636,风华高科,51.13,12.0,7.393,
300669,沪宁股份,48.28,11.998,10.547,
600523,贵航股份,23.58,11.992,1.993,
300589,江龙船艇,80.93,11.957,15.88,
300366,创意信息,60.02,11.938,4.25,
300608,思特奇,298.33,11.933,9.16,
300701,森霸股份,53.02,11.862,12.647,
600363,联创光电,22.53,11.8,1.64,
000950,*ST建峰,0.0,11.796,,
300231,银信科技,38.38,11.739,9.66,
300260,新莱应材,137.18,11.736,1.32,
300581,晨曦航空,93.51,11.7,11.703,
002178,延华智能,0.0,11.635,4.597,
300347,泰格医药,95.3,11.612,2.73,
002390,信邦制药,47.03,11.568,3.49,
600302,标准股份,0.0,11.54,1.083,
000065,北方国际,18.19,11.515,2.087,
002896,中大力德,52.46,11.505,16.807,
002024,苏宁易购,146.05,11.497,1.97,
300017,网宿科技,44.18,11.496,5.517,
600727,鲁北化工,43.49,11.455,3.403,
002642,荣之联,2389.65,11.43,7.347,
600594,益佰制药,20.6,11.397,4.123,
300519,新光药业,34.91,11.36,4.657,
002822,中装建设,31.63,11.341,6.47,
000032,深桑达Ａ,71.39,11.309,2.537,
002323,雅百特,21.4,11.286,6.383,
600270,外运发展,12.39,11.285,1.833,
300545,联得装备,76.82,11.245,6.49,
600767,*ST运盛,414.65,11.237,1.283,
600517,置信电气,73.11,11.219,1.807,
002841,视源股份,42.04,11.207,1.38,
600501,航天晨光,0.0,11.205,2.287,
002367,康力电梯,20.56,11.192,5.52,
002901,大博医疗,51.89,11.17,11.623,
002929,润建通信,51.91,11.166,49.62,
300123,亚光科技,277.91,11.126,6.953,
002370,亚太药业,49.26,11.112,1.627,
300324,旋极信息,56.68,11.108,3.937,
600833,第一医药,58.45,11.089,2.177,
600540,*ST新赛,198.97,11.082,1.087,
600038,中直股份,58.6,10.985,2.687,
600775,南京熊猫,104.83,10.984,1.46,
002630,华西能源,65.59,10.975,2.147,
600355,精伦电子,0.0,10.934,1.207,
600988,赤峰黄金,44.31,10.899,8.403,
002215,诺 普 信,21.28,10.836,2.55,
300567,精测电子,76.55,10.808,2.533,
600311,荣华实业,1241.94,10.796,8.34,
600271,航天信息,27.51,10.792,2.837,
300609,汇纳科技,82.2,10.782,9.467,
002200,云投生态,0.0,10.741,2.177,
300066,三川智慧,54.56,10.713,2.783,
002798,帝王洁具,160.19,10.65,1.773,
300541,先进数通,120.0,10.613,6.25,
300494,盛天网络,47.37,10.6,10.083,
600621,华鑫股份,96.15,10.549,7.23,
600635,大众公用,30.5,10.546,2.193,
300151,昌红科技,114.28,10.514,2.537,
300019,硅宝科技,74.7,10.487,5.737,
300248,新开普,35.74,10.486,3.593,
300516,久之洋,143.79,10.47,2.573,
300717,华信新材,53.89,10.44,22.627,
300731,科创新源,50.23,10.42,31.777,
002173,创新医疗,48.89,10.419,1.827,
300319,麦捷科技,51.14,10.408,0.79,
600131,岷江水电,41.3,10.4,3.333,
300330,华虹计通,0.0,10.381,1.937,
000993,闽东电力,27.12,10.378,4.733,
000613,大东海A,1276.11,10.359,7.68,
002568,百润股份,57.48,10.33,1.243,
600099,林海股份,1033.68,10.32,3.707,
600986,科达股份,23.87,10.302,1.873,
300023,宝德股份,29.37,10.297,2.747,
300183,东软载波,33.59,10.288,4.453,
300386,飞天诚信,99.07,10.276,6.403,
300379,东方通,72.82,10.259,3.393,
300496,中科创达,136.34,10.213,7.023,
300685,艾德生物,102.38,10.202,8.947,
002037,久联发展,47.69,10.182,1.61,
002629,仁智股份,0.0,10.181,1.93,
600613,神奇制药,42.41,10.158,1.643,
300274,阳光电源,27.2,10.14,2.23,
601117,中国化学,20.84,10.131,0.62,
300604,长川科技,128.22,10.121,13.567,
000695,滨海能源,228.8,10.075,1.467,
300176,鸿特精密,41.67,10.069,1.733,
002577,雷柏科技,209.04,10.057,1.77,
300605,恒锋信息,60.75,10.038,5.69,
300250,初灵信息,52.25,10.033,5.65,
300368,汇金股份,0.0,10.031,3.033,
300235,方直科技,127.25,10.001,2.613,
300339,润和软件,36.47,10.001,3.94,
600756,浪潮软件,46.69,9.99,7.383,
600855,航天长峰,10060.38,9.964,4.367,
002881,美格智能,100.92,9.957,22.797,
600187,国中水务,283.52,9.944,4.757,
002825,纳尔股份,70.27,9.933,3.02,
300149,量子高科,107.09,9.928,1.587,
300300,汉鼎宇佑,150.87,9.922,4.66,
002395,双象股份,199.79,9.823,0.97,
002460,赣锋锂业,43.34,9.812,6.337,
600262,北方股份,215.06,9.803,2.037,
300229,拓尔思,85.44,9.743,3.003,
300527,华舟应急,75.83,9.741,2.517,
300189,神农基因,0.0,9.716,4.403,
002480,新筑股份,0.0,9.706,0.627,
002368,太极股份,121.97,9.671,5.317,
300160,秀强股份,22.43,9.585,0.91,
300655,晶瑞股份,71.04,9.583,14.523,
002049,紫光国芯,108.74,9.569,7.833,
600483,福能股份,14.39,9.498,0.313,
000565,渝三峡Ａ,37.04,9.484,2.72,
002038,双鹭药业,44.67,9.42,1.493,
600288,大恒科技,541.82,9.362,3.38,
300542,新晨科技,261.44,9.351,30.533,
600452,涪陵电力,24.13,9.343,0.75,
000886,海南高速,48.71,9.322,4.387,
600771,广誉远,120.9,9.319,0.94,
300178,腾邦国际,32.16,9.316,1.343,
000655,金岭矿业,27.24,9.313,3.723,
600372,中航电子,48.03,9.312,0.937,
300142,沃森生物,0.0,9.296,1.77,
600322,天房发展,31.53,9.292,0.427,
300558,贝达药业,96.79,9.282,2.793,
300576,容大感光,48.09,9.272,7.95,
300384,三联虹普,45.86,9.266,3.317,
300497,富祥股份,29.24,9.25,1.68,
300722,新余国科,80.84,9.203,29.897,
600203,福日电子,56.29,9.195,1.72,
002227,奥 特 迅,1764.38,9.184,1.637,
600332,白云山,22.91,9.181,1.117,
300436,广生堂,134.8,9.181,7.553,
601500,通用股份,43.22,9.176,4.497,
002808,苏州恒久,89.65,9.146,3.507,
000972,*ST中基,85.35,9.136,0.647,
300094,国联水产,42.01,9.126,1.517,
600821,津劝业,0.0,9.126,0.957,
300579,数字认证,63.12,9.124,12.233,
300254,仟源医药,63.97,9.111,5.683,
000789,万年青,23.14,9.099,6.79,
300109,新开源,69.85,9.052,4.52,
002655,共达电声,473.97,8.978,8.023,
000953,*ST河化,85.14,8.957,1.783,
002417,深南股份,424.09,8.95,7.377,
002772,众兴菌业,28.1,8.943,4.47,
300121,阳谷华泰,30.28,8.94,0.99,
600981,汇鸿集团,27.18,8.925,6.397,
300629,新劲刚,184.98,8.914,12.08,
300584,海辰药业,59.89,8.909,3.587,
300501,海顺新材,36.65,8.876,2.903,
300671,富满电子,84.93,8.846,10.15,
600719,大连热电,697.9,8.778,0.58,
002346,柘中股份,26.08,8.768,3.563,
600838,上海九百,39.54,8.761,5.733,
000922,*ST佳电,33.66,8.742,0.913,
300590,移为通信,44.56,8.737,9.67,
002631,德尔未来,36.43,8.722,1.1,
000416,民生控股,117.27,8.694,0.983,
600865,百大集团,38.78,8.663,2.04,
002910,庄园牧场,54.31,8.645,36.357,
600826,兰生股份,19.66,8.608,0.953,
002840,华统股份,60.88,8.602,1.42,
600250,南纺股份,0.0,8.501,0.603,
300638,广和通,100.46,8.464,23.84,
002278,神开股份,0.0,8.457,1.54,
002919,名臣健康,59.96,8.429,42.647,
300237,美晨生态,20.36,8.388,0.403,
000004,国农科技,0.0,8.383,1.277,
002046,轴研科技,0.0,8.346,1.25,
300265,通光线缆,29.0,8.342,2.86,
601116,三江购物,66.56,8.325,6.06,
300651,金陵体育,104.32,8.314,5.953,
000016,深康佳Ａ,96.85,8.311,1.463,
002810,山东赫达,44.96,8.31,2.893,
600335,国机汽车,17.03,8.292,5.9,
002359,北讯集团,150.67,8.283,0.57,
600435,北方导航,346.48,8.274,3.497,
300540,深冷股份,126.69,8.262,1.4,
300367,东方网力,69.66,8.257,8.517,
300463,迈克生物,34.31,8.24,1.28,
002424,贵州百灵,38.52,8.138,2.633,
300686,智动力,96.2,8.112,28.503,
300450,先导智能,60.56,8.105,3.843,
600766,园城黄金,570.41,8.095,4.157,
600385,山东金泰,0.0,8.07,1.387,
300119,瑞普生物,32.94,8.058,1.557,
600209,罗顿发展,0.0,8.054,7.49,
000929,兰州黄河,59.54,8.026,1.677,
300555,路通视信,57.41,7.983,5.817,
002380,科远股份,45.43,7.981,1.463,
000831,五矿稀土,234.33,7.972,4.017,
300549,优德精密,33.79,7.937,4.59,
600714,金瑞矿业,201.23,7.927,0.56,
300595,欧普康视,48.54,7.914,1.807,
002828,贝肯能源,43.76,7.9,5.617,
300174,元力股份,166.97,7.894,0.293,
002074,国轩高科,29.05,7.813,1.717,
300678,中科信息,363.06,7.812,21.76,
002694,顾地科技,267.6,7.799,8.803,
300616,尚品宅配,80.07,7.794,0.77,
600391,航发科技,212.88,7.782,3.153,
002397,梦洁股份,51.8,7.778,1.203,
600192,长城电工,159.03,7.748,2.253,
002581,未名医药,28.6,7.733,1.03,
002467,二六三,66.54,7.689,2.51,
000605,渤海股份,53.75,7.669,3.77,
002738,中矿资源,133.83,7.649,3.297,
300380,安硕信息,1253.71,7.63,7.997,
600652,游久游戏,105.01,7.62,2.003,
000721,西安饮食,0.0,7.619,1.62,
002315,焦点科技,59.13,7.612,2.757,
600691,阳煤化工,50.77,7.609,1.463,
300061,康旗股份,37.86,7.607,2.013,
000901,航天科技,78.42,7.596,3.527,
600580,卧龙电气,12.2,7.584,1.483,
300397,天和防务,112.18,7.554,4.403,
600525,长园集团,27.9,7.516,2.137,
002351,漫步者,39.34,7.512,7.22,
002861,瀛通通讯,39.64,7.506,7.74,
600980,北矿科技,50.88,7.504,1.793,
600416,湘电股份,138.21,7.504,1.75,
300554,三超新材,83.35,7.484,5.847,
002582,好想你,58.07,7.479,2.377,
600677,航天通信,657.39,7.465,3.507,
000768,中航飞机,97.38,7.454,1.823,
002361,神剑股份,39.64,7.427,2.747,
300285,国瓷材料,50.98,7.418,1.223,
300018,中元股份,49.23,7.408,3.05,
300203,聚光科技,30.17,7.397,2.343,
000735,罗 牛 山,55.96,7.368,6.997,
002860,星帅尔,36.97,7.336,18.383,
002522,浙江众成,106.94,7.326,1.66,
002226,江南化工,96.1,7.324,3.38,
002680,长生生物,30.97,7.271,3.663,
300569,天能重工,37.82,7.258,3.803,
600480,凌云股份,18.01,7.257,4.593,
601086,国芳集团,57.67,7.24,28.153,
002266,浙富控股,82.63,7.234,1.433,
600967,内蒙一机,56.7,7.23,2.37,
300065,海兰信,65.47,7.226,6.53,
300620,光库科技,60.18,7.221,8.563,
300125,易世达,1553.75,7.22,0.22,
002095,生 意 宝,448.88,7.217,2.14,
300716,国立科技,53.89,7.21,25.017,
002231,奥维通信,0.0,7.205,1.003,
000546,金圆股份,32.74,7.198,0.733,
002749,国光股份,27.36,7.182,2.03,
600975,新五丰,80.22,7.168,5.537,
300378,鼎捷软件,57.11,7.164,4.467,
002129,中环股份,43.33,7.143,3.82,
002376,新北洋,39.02,7.136,3.243,
000665,湖北广电,20.01,7.112,1.227,
600600,青岛啤酒,42.78,7.092,0.89,
002693,双成药业,0.0,7.077,1.333,
300398,飞凯材料,112.42,7.072,1.247,
002875,安奈儿,37.36,7.072,7.537,
002758,华通医药,45.15,7.06,3.22,
300636,同和药业,35.48,7.015,7.847,
300313,天山生物,275.71,7.002,1.21,
600647,同达创业,155.02,7.0,1.257,
300706,阿石创,125.4,6.995,20.5,
300700,岱勒新材,51.48,6.989,18.463,
002339,积成电子,49.04,6.974,6.727,
002923,润都股份,45.12,6.959,27.467,
601369,陕鼓动力,39.06,6.952,0.59,
300666,江丰电子,295.26,6.937,21.44,
000659,*ST中富,52.81,6.929,0.683,
002679,福建金森,0.0,6.922,1.18,
300458,全志科技,1044.51,6.92,7.853,
600801,华新水泥,10.69,6.909,2.423,
002900,哈三联,35.43,6.904,12.417,
002070,*ST众和,0.0,6.899,1.407,
002734,利民股份,28.57,6.894,1.9,
600736,苏州高新,13.08,6.892,0.48,
002747,埃斯顿,122.76,6.888,1.427,
300723,一品红,42.69,6.887,13.52,
300446,乐凯新材,26.71,6.876,3.297,
002746,仙坛股份,44.93,6.847,1.623,
300003,乐普医疗,63.06,6.78,1.33,
600737,中粮糖业,23.55,6.758,0.987,
002104,恒宝股份,35.18,6.74,3.977,
600218,全柴动力,27.55,6.72,1.85,
002741,光华科技,68.04,6.719,1.127,
600769,祥龙电业,363.74,6.697,1.24,
300234,开尔新材,971.24,6.683,6.417,
002010,传化智联,173.17,6.681,0.91,
002022,科华生物,29.54,6.64,3.86,
300483,沃施股份,366.83,6.638,0.883,
300419,浩丰科技,53.13,6.616,6.023,
300531,优博讯,82.53,6.6,4.263,
600976,健民集团,38.87,6.593,0.427,
002190,成飞集成,10485.05,6.567,2.99,
002030,达安基因,112.37,6.546,1.927,
300204,舒泰神,23.52,6.52,0.677,
002852,道道全,25.56,6.516,4.257,
002356,赫美集团,61.14,6.49,0.703,
300623,捷捷微电,41.22,6.473,7.483,
002360,同德化工,29.79,6.46,1.63,
300533,冰川网络,53.68,6.453,3.503,
600843,上工申贝,22.95,6.447,1.43,
300045,华力创通,176.57,6.442,3.273,
002458,益生股份,0.0,6.412,4.113,
600547,山东黄金,47.09,6.408,2.983,
300553,集智股份,78.64,6.404,3.733,
300484,蓝海华腾,27.93,6.4,3.85,
600760,中航沈飞,0.0,6.398,5.26,
002510,天汽模,45.98,6.395,5.633,
300096,易联众,0.0,6.333,1.917,
300124,汇川技术,57.99,6.321,1.087,
000701,厦门信达,28.45,6.256,3.253,
002358,森源电气,28.28,6.227,0.773,
300024,机器人,71.48,6.222,2.363,
600156,华升股份,0.0,6.216,1.04,
000936,华西股份,38.45,6.216,4.23,
600299,安迪苏,27.2,6.208,0.703,
600456,宝钛股份,0.0,6.162,2.87,
300020,银江股份,45.59,6.161,3.377,
002667,鞍重股份,83.24,6.159,3.18,
002526,山东矿机,75.87,6.158,1.143,
002674,兴业科技,68.35,6.143,0.513,
300406,九强生物,34.78,6.138,2.07,
600444,国机通用,61.05,6.127,1.52,
600386,北巴传媒,41.16,6.116,2.167,
002318,久立特材,38.45,6.106,0.99,
601811,新华文轩,17.68,6.057,4.337,
002683,宏大爆破,37.55,6.038,0.813,
002123,梦网集团,33.32,6.014,1.963,
002341,新纶科技,74.99,6.012,2.087,
300046,台基股份,47.85,6.009,4.047,
000688,建新矿业,24.71,5.953,0.953,
002439,启明星辰,50.26,5.935,4.3,
002255,海陆重工,50.31,5.932,0.913,
600718,东软集团,80.0,5.908,1.617,
300161,华中数控,88.68,5.885,3.78,
300053,欧比特,75.03,5.88,4.223,
300665,飞鹿股份,94.72,5.87,9.73,
000920,南方汇通,30.6,5.854,1.293,
600998,九州通,27.87,5.842,0.663,
002183,怡 亚 通,24.17,5.837,1.18,
300309,吉艾科技,55.25,5.829,0.493,
002847,盐津铺子,47.77,5.818,13.473,
300328,宜安科技,141.99,5.817,2.17,
000045,深纺织Ａ,105.59,5.8,3.247,
002151,北斗星通,153.82,5.775,9.79,
002880,卫光生物,40.74,5.77,5.65,
600676,交运股份,14.44,5.755,0.817,
300331,苏大维格,46.89,5.754,4.867,
000656,金科股份,23.33,5.747,0.607,
600276,恒瑞医药,75.57,5.742,0.713,
300575,中旗股份,30.47,5.738,4.96,
300602,飞荣达,68.56,5.711,2.0,
000430,张家界,36.67,5.708,2.063,
600119,长江投资,118.44,5.676,3.333,
002576,通达动力,3088.63,5.67,4.563,
300349,金卡智能,40.43,5.649,3.263,
300617,安靠智电,44.83,5.646,3.997,
300551,古鳌科技,0.0,5.635,4.37,
002888,惠威科技,72.64,5.608,8.727,
300459,金科文化,61.55,5.575,2.267,
300546,雄帝科技,52.92,5.572,4.7,
600114,东睦股份,23.45,5.568,0.677,
600850,华东电脑,25.44,5.541,1.22,
300042,朗科科技,69.5,5.533,1.127,
600819,耀皮玻璃,100.81,5.517,0.62,
002311,海大集团,24.36,5.494,0.453,
300098,高新兴,41.51,5.485,4.693,
600083,博信股份,0.0,5.485,0.34,
601877,正泰电器,20.77,5.482,0.557,
600422,昆药集团,21.0,5.476,7.767,
300322,硕贝德,67.78,5.475,4.733,
300416,苏试试验,51.14,5.469,1.087,
300465,高伟达,310.08,5.464,9.507,
002316,键桥通讯,0.0,5.461,0.85,
300587,天铁股份,38.4,5.429,2.82,
600898,国美通讯,239.61,5.428,2.307,
300244,迪安诊断,40.44,5.397,4.283,
300470,日机密封,41.84,5.391,1.437,
600240,华业资本,9.99,5.388,0.473,
300402,宝色股份,0.0,5.366,3.75,
000952,广济药业,33.9,5.36,1.373,
002668,奥马电器,41.27,5.35,1.57,
002687,乔治白,39.49,5.34,1.233,
000702,正虹科技,77.77,5.332,2.417,
600571,信雅达,114.69,5.305,2.96,
002320,海峡股份,49.53,5.3,6.913,
000557,西部创业,76.78,5.294,1.41,
600139,西部资源,0.0,5.282,1.377,
002420,毅昌股份,0.0,5.275,1.783,
002788,鹭燕医药,29.93,5.272,5.537,
300460,惠伦晶体,132.31,5.263,1.823,
300512,中亚股份,24.96,5.252,3.237,
002529,海源机械,104.0,5.246,1.477,
300442,普丽盛,1317.05,5.224,2.283,
600673,东阳光科,47.06,5.218,1.767,
300357,我武生物,49.32,5.192,1.467,
002131,利欧股份,26.72,5.168,3.68,
000409,山东地矿,0.0,5.155,2.497,
600874,创业环保,38.95,5.153,4.62,
300642,透景生命,61.96,5.138,8.447,
002870,香山股份,42.12,5.132,12.183,
002090,金智科技,31.51,5.131,0.65,
300327,中颖电子,45.43,5.128,2.82,
600602,云赛智联,35.29,5.127,0.63,
600561,江西长运,136.01,5.115,0.893,
300513,恒泰实达,537.01,5.105,1.123,
601799,星宇股份,34.12,5.095,0.27,
600513,联环药业,36.04,5.083,1.077,
002116,中国海诚,24.12,5.065,0.877,
002396,星网锐捷,38.2,5.052,4.227,
600118,中国卫星,63.92,5.023,1.117,
300025,华星创业,79.65,5.022,4.097,
002830,名雕股份,101.65,5.015,17.14,
000989,九 芝 堂,28.62,5.014,1.803,
000712,锦龙股份,71.39,5.013,0.97,
300112,万讯自控,48.98,5.001,2.373,
002653,海思科,43.95,4.999,0.663,
000739,普洛药业,27.97,4.999,0.613,
601212,白银有色,143.92,4.99,3.06,
300439,美康生物,31.68,4.973,2.97,
000997,新 大 陆,26.88,4.969,5.04,
002632,道明光学,47.79,4.965,1.913,
000979,中弘股份,129.39,4.952,1.723,
300008,天海防务,40.96,4.931,3.403,
300499,高澜股份,59.33,4.93,2.117,
600857,宁波中百,62.26,4.928,0.62,
600082,海泰发展,0.0,4.924,0.543,
300333,兆日科技,80.05,4.893,3.12,
002472,双环传动,26.6,4.891,1.55,
000687,华讯方舟,117.56,4.89,3.57,
300301,长方集团,126.89,4.885,2.067,
002223,鱼跃医疗,33.89,4.883,3.003,
300521,爱司凯,52.04,4.866,2.863,
002383,合众思壮,60.21,4.857,2.407,
600629,华建集团,34.57,4.85,0.787,
002803,吉宏股份,97.41,4.846,1.017,
000661,长春高新,46.57,4.84,1.43,
002343,慈文传媒,66.54,4.827,1.773,
300070,碧水源,56.51,4.824,3.047,
001696,宗申动力,25.64,4.823,1.07,
000061,农 产 品,3410.01,4.811,0.473,
300166,东方国信,85.97,4.81,4.593,
000736,中交地产,0.0,4.797,0.977,
002507,涪陵榨菜,35.17,4.796,3.17,
600091,ST明科,118.43,4.794,0.51,
002837,英维克,52.49,4.793,9.39,
600768,宁波富邦,15.29,4.79,1.463,
600152,维科精华,56.13,4.784,0.793,
002702,海欣食品,0.0,4.761,8.357,
300573,兴齐眼药,32.95,4.743,2.253,
002204,大连重工,568.57,4.734,0.513,
600419,天润乳业,47.08,4.73,1.857,
300677,英科医疗,50.33,4.728,18.343,
000785,武汉中商,53.16,4.718,1.04,
300373,扬杰科技,48.85,4.715,3.893,
600890,中房股份,0.0,4.71,0.523,
600184,光电股份,319.62,4.708,0.667,
002353,杰瑞股份,219.27,4.704,0.833,
601607,上海医药,19.59,4.698,0.87,
300210,森远股份,38.61,4.695,1.007,
002623,亚玛顿,261.07,4.672,0.78,
600543,莫高股份,90.25,4.663,1.253,
002603,以岭药业,30.74,4.66,0.72,
600489,中金黄金,78.72,4.647,2.193,
600802,福建水泥,0.0,4.634,1.373,
000554,泰山石油,1566.58,4.631,3.06,
002890,弘宇股份,40.71,4.626,6.183,
300637,扬帆新材,38.04,4.621,2.58,
000153,丰原药业,32.16,4.62,1.803,
300543,朗科智能,36.2,4.618,12.673,
002205,国统股份,531.74,4.61,1.747,
601808,中海油服,1639.26,4.609,0.403,
002405,四维图新,150.54,4.605,6.743,
600021,上海电力,43.76,4.602,0.653,
600990,四创电子,91.17,4.574,2.197,
002490,*ST墨龙,270.16,4.558,1.203,
002414,高德红外,165.77,4.544,0.603,
600101,明星电力,22.58,4.541,1.91,
600796,钱江生化,36.51,4.537,1.057,
300445,康斯特,56.02,4.534,3.81,
002780,三夫户外,0.0,4.532,2.263,
002194,武汉凡谷,0.0,4.527,3.113,
002461,珠江啤酒,62.09,4.523,1.413,
000615,京汉股份,26.3,4.521,17.503,
002908,德生科技,84.75,4.508,23.227,
600208,新湖中宝,17.33,4.507,0.717,
300683,海特生物,36.51,4.49,7.39,
600668,尖峰集团,13.37,4.476,1.52,
300689,澄天伟业,50.18,4.462,13.863,
000301,东方市场,36.21,4.459,2.807,
002054,德美化工,62.52,4.453,4.43,
000851,高鸿股份,30.62,4.439,3.883,
300092,科新机电,299.62,4.439,1.613,
600235,民丰特纸,105.15,4.422,0.763,
300220,金运激光,96.38,4.407,1.89,
300653,正海生物,57.93,4.402,10.173,
002587,奥拓电子,35.1,4.395,2.077,
000893,东凌国际,0.0,4.391,6.4,
002826,易明医药,76.92,4.366,5.39,
300073,当升科技,40.48,4.356,4.247,
600640,号百控股,41.16,4.347,0.703,
600096,云天化,47.0,4.342,1.643,
002491,通鼎互联,31.71,4.327,1.19,
002243,通产丽星,64.79,4.321,0.917,
300291,华录百纳,61.49,4.317,1.587,
600683,京投发展,13.93,4.31,0.72,
002657,中科金财,41.52,4.266,2.203,
000786,北新建材,19.05,4.245,2.057,
300453,三鑫医疗,50.89,4.223,3.283,
300091,金通灵,62.07,4.183,0.48,
300295,三六五网,31.14,4.166,3.373,
300680,隆盛科技,108.88,4.161,9.96,
002815,崇达技术,30.37,4.158,2.41,
600312,平高电气,19.95,4.15,0.677,
601127,小康股份,26.37,4.136,1.88,
002546,新联电子,39.38,4.132,1.503,
002495,佳隆股份,113.07,4.13,1.003,
300720,海川智能,67.85,4.125,17.447,
600834,申通地铁,50.76,4.123,0.667,
002537,海联金汇,38.46,4.121,2.13,
300144,宋城演艺,27.78,4.118,1.117,
300150,世纪瑞尔,0.0,4.105,2.777,
000662,天夏智慧,39.21,4.1,1.617,
000869,张 裕Ａ,24.11,4.1,0.607,
002731,萃华珠宝,38.01,4.089,2.757,
600243,青海华鼎,65.77,4.076,1.023,
300311,任子行,54.51,4.069,4.12,
600549,厦门钨业,36.5,4.068,3.04,
300157,恒泰艾普,47.12,4.067,3.333,
300095,华伍股份,50.57,4.065,1.323,
600936,广西广电,43.48,4.063,1.023,
000611,天首发展,0.0,4.061,0.463,
000561,烽火电子,553.61,4.054,0.643,
002541,鸿路钢构,20.34,4.045,0.867,
300627,华测导航,70.56,4.044,5.13,
000798,中水渔业,24.06,3.999,0.777,
600873,梅花生物,13.67,3.999,0.733,
300087,荃银高科,0.0,3.994,0.847,
002300,太阳电缆,43.05,3.989,1.867,
300518,盛讯达,73.44,3.983,2.81,
002281,光迅科技,52.31,3.95,2.8,
002563,森马服饰,19.89,3.947,0.29,
000963,华东医药,30.99,3.918,0.773,
600090,同济堂,20.87,3.916,1.473,
002909,集泰股份,49.12,3.914,15.69,
002286,保龄宝,81.26,3.892,0.837,
600138,中青旅,24.85,3.885,0.733,
300664,鹏鹞环保,37.28,3.879,22.7,
300077,国民技术,73.75,3.877,8.407,
600598,北大荒,19.32,3.855,2.983,
002696,百洋股份,68.21,3.813,1.087,
002670,国盛金控,56.77,3.813,1.91,
002298,中电鑫龙,38.52,3.794,1.23,
601798,蓝科高新,567.59,3.778,0.34,
002465,海格通信,80.64,3.772,1.813,
300297,蓝盾股份,41.25,3.736,1.627,
000759,中百集团,84.26,3.725,1.81,
002706,良信电器,26.47,3.71,0.48,
300710,万隆光电,46.2,3.697,13.877,
601366,利群股份,24.08,3.685,2.74,
300611,美力科技,50.76,3.679,5.643,
600064,南京高科,11.53,3.666,0.707,
000014,沙河股份,402.8,3.663,3.053,
000155,川化股份,39.1,3.658,2.667,
000523,广州浪奇,133.83,3.651,0.717,
600973,宝胜股份,41.62,3.65,0.737,
300520,科大国创,260.73,3.644,7.007,
002550,千红制药,33.67,3.631,0.993,
300615,欣天科技,74.04,3.629,7.95,
600848,上海临港,71.4,3.615,2.283,
600222,太龙药业,751.03,3.603,1.417,
000729,燕京啤酒,25.87,3.6,0.347,
002531,天顺风能,26.86,3.577,0.453,
002790,瑞尔特,23.98,3.569,1.167,
600267,海正药业,1082.52,3.564,1.593,
300493,润欣科技,64.85,3.557,3.533,
002013,中航机电,46.08,3.55,1.207,
600167,联美控股,36.34,3.522,0.543,
300600,瑞特股份,36.34,3.497,2.497,
002179,中航光电,39.15,3.485,1.157,
002867,周大生,29.57,3.475,2.137,
300583,赛托生物,71.43,3.459,4.773,
002007,华兰生物,33.37,3.452,1.92,
300420,五洋停车,45.46,3.438,3.07,
600491,龙元建设,27.39,3.434,1.337,
300206,理邦仪器,47.34,3.429,1.26,
002664,长鹰信质,43.11,3.424,0.633,
300179,四方达,36.32,3.422,0.877,
002023,海特高新,213.59,3.421,4.363,
600375,华菱星马,97.09,3.414,1.067,
600468,百利电气,78.11,3.408,0.373,
600028,中国石化,15.68,3.406,0.203,
300252,金信诺,41.12,3.388,3.83,
300132,青松股份,30.58,3.374,0.57,
002279,久其软件,46.18,3.37,3.153,
600651,飞乐音响,13.13,3.362,0.773,
000889,茂业通信,36.41,3.35,0.693,
600354,敦煌种业,23.66,3.349,12.903,
300105,龙源技术,177.21,3.348,1.52,
300645,正元智慧,1028.14,3.348,28.053,
600750,江中药业,17.96,3.346,1.86,
002902,铭普光磁,61.76,3.335,15.357,
002155,湖南黄金,32.23,3.329,3.23,
300213,佳讯飞鸿,61.95,3.315,5.58,
600830,香溢融通,37.7,3.312,1.673,
002230,科大讯飞,364.99,3.307,3.027,
601677,明泰铝业,21.51,3.293,0.63,
300007,汉威科技,37.72,3.272,5.553,
300515,三德科技,78.35,3.266,3.147,
601611,中国核建,37.71,3.254,1.373,
300530,达志科技,41.43,3.251,6.36,
600879,航天电子,39.94,3.242,1.553,
300396,迪瑞医疗,35.87,3.223,1.717,
300326,凯利泰,30.58,3.222,1.327,
000018,神州长城,18.9,3.219,2.143,
300588,熙菱信息,66.89,3.209,10.0,
600624,复旦复华,118.99,3.205,1.49,
600346,恒力股份,38.83,3.202,2.153,
300370,安控科技,132.89,3.187,2.547,
300192,科斯伍德,100.81,3.184,2.897,
600191,华资实业,81.31,3.175,3.877,
002766,索菱股份,40.3,3.166,3.58,
000909,数源科技,87.44,3.151,1.347,
300270,中威电子,87.0,3.144,1.387,
600438,通威股份,19.85,3.143,0.937,
002189,利达光电,150.29,3.142,2.257,
300289,利德曼,54.04,3.139,2.23,
300233,金城医药,31.21,3.134,1.027,
002012,凯恩股份,111.66,3.119,4.017,
300510,金冠电气,74.66,3.099,1.553,
000673,当代东方,321.9,3.096,2.293,
300468,四方精创,58.96,3.091,4.897,
000710,贝瑞基因,79.87,3.084,2.167,
300350,华鹏飞,32.9,3.075,2.773,
000705,浙江震元,41.37,3.074,1.187,
600556,ST慧球,751.22,3.051,0.617,
600400,红豆股份,20.0,3.051,0.873,
300364,中文在线,197.16,3.048,8.24,
601801,皖新传媒,14.27,3.043,0.403,
002849,威星智能,48.25,3.027,2.457,
000099,中信海直,56.75,3.013,3.297,
600825,新华传媒,134.6,3.012,0.663,
300447,全信股份,31.85,3.007,2.74,
002118,紫鑫药业,52.16,2.996,3.163,
600575,皖江物流,45.8,2.983,0.187,
300733,西菱动力,46.29,2.96,24.853,
300452,山河药辅,46.83,2.954,2.583,
002443,金洲管道,32.0,2.95,1.02,
300718,长盛轴承,33.07,2.942,8.67,
300216,千山药机,81.22,2.935,18.657,
002234,民和股份,0.0,2.928,1.913,
600072,中船科技,415.52,2.923,2.35,
600841,上柴股份,87.53,2.916,0.343,
300287,飞利信,30.41,2.904,3.553,
600432,*ST吉恩,0.0,2.893,,
300408,三环集团,43.99,2.892,0.767,
002202,金风科技,20.69,2.892,1.503,
300727,润禾材料,73.53,2.891,23.6,
002011,盾安环境,71.16,2.88,1.597,
000966,长源电力,51.4,2.879,1.147,
300640,德艺文创,48.44,2.864,8.5,
002846,英联股份,66.55,2.833,18.607,
300449,汉邦高科,1371.9,2.829,3.127,
002643,万润股份,23.9,2.826,0.7,
600275,*ST昌鱼,0.0,2.821,0.527,
600893,航发动力,126.37,2.814,1.273,
600655,豫园股份,20.96,2.812,0.633,
002057,中钢天源,26.44,2.807,1.247,
002800,天顺股份,41.71,2.791,2.757,
002483,润邦股份,31.66,2.787,0.467,
300175,朗源股份,43.41,2.78,4.517,
002120,韵达股份,38.05,2.777,1.103,
002729,好利来,107.59,2.766,4.06,
002737,葵花药业,27.71,2.752,4.4,
000028,国药一致,24.24,2.719,0.633,
300081,恒信东方,59.59,2.716,1.83,
002570,贝因美,0.0,2.699,1.103,
000938,紫光股份,47.68,2.698,3.343,
600329,中新药业,23.26,2.691,0.627,
300712,永福股份,40.65,2.689,10.117,
002332,仙琚制药,43.15,2.678,1.257,
300489,中飞股份,92.44,2.674,3.957,
600361,华联综超,34.77,2.669,0.713,
600061,国投资本,20.94,2.646,0.227,
000551,创元科技,29.25,2.638,0.95,
600446,金证股份,341.57,2.633,1.667,
002238,天威视讯,22.31,2.619,0.407,
300236,上海新阳,87.45,2.599,6.407,
600884,杉杉股份,33.68,2.594,2.3,
002843,泰嘉股份,49.03,2.584,4.113,
002201,九鼎新材,445.48,2.568,0.49,
600518,康美药业,26.52,2.541,0.323,
300271,华宇软件,48.96,2.538,3.633,
300663,科蓝软件,0.0,2.529,20.387,
002751,易尚展示,137.29,2.52,2.037,
002708,光洋股份,107.47,2.502,1.183,
600730,中国高科,29.18,2.499,0.713,
600161,天坛生物,13.65,2.493,1.087,
000733,振华科技,26.55,2.488,1.407,
002144,宏达高科,24.1,2.487,0.69,
300315,掌趣科技,34.99,2.481,3.027,
002148,北纬科技,32.03,2.478,3.347,
600146,商赢环球,125.85,2.471,4.747,
300286,安科瑞,26.85,2.457,1.063,
300690,双一科技,32.98,2.447,5.9,
002716,金贵银业,43.82,2.439,5.243,
300318,博晖创新,157.06,2.433,0.543,
000637,茂化实华,28.42,2.414,1.313,
002317,众生药业,23.06,2.405,2.063,
300239,东宝生物,114.11,2.403,0.71,
002228,合兴包装,32.45,2.402,0.527,
000530,大冷股份,22.75,2.399,2.093,
300218,安利股份,0.0,2.39,0.4,
300592,华凯创意,39.52,2.39,3.377,
002313,日海通讯,95.39,2.387,2.4,
600783,鲁信创投,29.77,2.382,0.863,
002044,美年健康,229.9,2.376,0.987,
300122,智飞生物,120.48,2.361,1.267,
300538,同益股份,130.4,2.35,2.553,
002686,亿利达,34.29,2.337,0.31,
000685,中山公用,13.59,2.334,0.35,
601028,玉龙股份,63.22,2.327,0.523,
002819,东方中科,177.47,2.317,1.547,
000411,英特集团,57.62,2.314,0.18,
002506,协鑫集成,343.27,2.312,1.01,
600303,曙光股份,10.42,2.304,2.107,
300026,红日药业,19.98,2.3,0.547,
002773,康弘药业,66.18,2.299,2.223,
300481,濮阳惠成,48.74,2.284,2.533,
000818,方大化工,34.11,2.279,0.803,
300421,力星股份,31.81,2.273,2.673,
002237,恒邦股份,23.32,2.272,2.853,
300478,杭州高新,113.57,2.263,1.6,
002488,金固股份,2472.93,2.26,1.76,
002229,鸿博股份,525.65,2.256,5.36,
601881,中国银河,23.37,2.255,2.573,
300158,振东制药,24.11,2.255,3.2,
300199,翰宇药业,44.0,2.248,1.237,
600831,广电网络,28.76,2.245,0.4,
601177,杭齿前进,380.7,2.238,0.287,
002669,康达新材,77.98,2.234,0.837,
600686,金龙汽车,25.44,2.228,1.603,
002214,大立科技,88.49,2.223,2.667,
600284,浦东建设,17.26,2.219,0.583,
000882,华联股份,222.39,2.218,1.097,
600488,天药股份,40.76,2.193,0.603,
000587,金洲慈航,15.42,2.179,1.547,
002871,伟隆股份,38.45,2.173,4.923,
600661,新南洋,48.88,2.168,0.53,
000620,新华联,35.86,2.162,0.76,
600505,西昌电力,34.1,2.161,1.58,
300167,迪威迅,0.0,2.159,1.697,
002127,南极电商,77.15,2.152,1.857,
600692,亚通股份,66.24,2.144,2.627,
002296,辉煌科技,49.27,2.129,2.407,
002329,皇氏集团,35.04,2.107,1.953,
601198,东兴证券,31.71,2.088,0.547,
300354,东华测试,850.56,2.088,3.027,
002224,三 力 士,30.9,2.087,1.64,
600615,丰华股份,15.76,2.087,0.753,
600116,三峡水利,31.27,2.066,1.123,
002172,澳洋科技,17.72,2.053,0.703,
600070,浙江富润,28.52,2.047,0.747,
002612,朗姿股份,36.59,2.035,0.66,
000918,嘉凯城,6.44,2.016,0.393,
300207,欣旺达,35.36,2.016,2.327,
300145,中金环境,22.56,2.01,1.007,
002331,皖通科技,45.95,2.004,1.85,
600129,太极集团,84.48,2.002,0.577,
000150,宜华健康,63.45,1.986,0.107,
300417,南华仪器,49.29,1.982,3.07,
000070,特发信息,25.5,1.979,1.083,
300652,雷迪克,31.27,1.968,5.127,
002349,精华制药,37.11,1.967,0.437,
002261,拓维信息,37.55,1.965,1.437,
002654,万润科技,33.92,1.962,2.253,
600227,赤天化,0.0,1.955,1.05,
600461,洪城水业,17.81,1.953,0.29,
002684,猛狮科技,64.82,1.943,0.82,
002242,九阳股份,19.07,1.938,0.837,
000999,华润三九,20.38,1.919,0.617,
000026,飞亚达Ａ,33.51,1.909,1.737,
002126,银轮股份,22.56,1.905,3.093,
002899,英派斯,36.27,1.905,8.043,
600630,龙头股份,29.61,1.905,2.11,
002454,松芝股份,25.94,1.903,1.103,
600052,浙江广厦,17.24,1.898,0.48,
002177,御银股份,218.73,1.896,1.86,
601018,宁波港,22.73,1.888,0.093,
300336,新文化,22.54,1.882,3.507,
002069,獐子岛,30.0,1.869,1.71,
002872,天圣制药,30.95,1.865,3.457,
300279,和晶科技,50.38,1.865,1.29,
000595,*ST宝实,106.02,1.863,0.363,
002917,金奥博,50.27,1.848,20.457,
600861,北京城乡,37.13,1.841,0.543,
000690,宝新能源,42.11,1.839,0.573,
300606,金太阳,40.78,1.834,3.513,
600094,大名城,12.85,1.81,0.307,
600792,云煤能源,0.0,1.808,0.707,
000987,越秀金控,35.61,1.794,1.75,
300619,金银河,51.72,1.79,6.123,
002733,雄韬股份,53.59,1.787,1.887,
300506,名家汇,39.69,1.776,2.437,
002139,拓邦股份,35.58,1.775,5.503,
600797,浙大网新,45.61,1.771,3.42,
300670,大烨智能,53.29,1.763,8.07,
002063,远光软件,39.7,1.759,4.86,
300033,同花顺,37.92,1.755,2.497,
002324,普利特,29.71,1.748,0.43,
300139,晓程科技,0.0,1.743,2.113,
000403,ST生化,106.48,1.741,0.197,
002614,奥佳华,43.32,1.733,0.993,
300296,利亚德,32.44,1.725,2.177,
300129,泰胜风能,21.07,1.714,0.907,
002761,多喜爱,191.22,1.712,1.047,
002193,如意集团,61.17,1.709,1.217,
600122,宏图高科,16.7,1.709,1.817,
002290,中科新材,46.96,1.7,0.78,
300093,金刚玻璃,105.3,1.697,5.583,
000691,亚太实业,0.0,1.685,0.647,
300440,运达科技,31.9,1.68,3.163,
000502,绿景控股,0.0,1.676,0.85,
002310,东方园林,46.47,1.672,1.52,
000078,海王生物,29.41,1.664,1.23,
002906,华阳集团,38.39,1.661,6.827,
000713,丰乐种业,0.0,1.656,4.797,
002676,顺威股份,329.64,1.634,3.2,
600845,宝信软件,48.36,1.623,2.24,
002149,西部材料,78.65,1.609,1.633,
600533,栖霞建设,46.17,1.608,0.877,
300310,宜通世纪,44.91,1.602,3.723,
300162,雷曼股份,83.44,1.587,2.6,
600824,益民集团,24.51,1.586,0.493,
300448,浩云科技,224.99,1.586,1.1,
000428,华天酒店,0.0,1.582,0.573,
601882,海天精工,61.57,1.579,4.323,
300399,京天利,676.5,1.578,2.45,
300177,中海达,85.61,1.577,1.72,
600573,惠泉啤酒,179.61,1.573,0.937,
600774,汉商集团,278.91,1.563,0.15,
600815,*ST厦工,25.88,1.541,0.327,
000002,万 科Ａ,13.44,1.538,0.69,
300191,潜能恒信,0.0,1.537,1.127,
600723,首商股份,14.62,1.522,0.363,
002280,联络互动,336.1,1.501,1.093,
300126,锐奇股份,756.55,1.501,1.42,
300273,和佳股份,70.58,1.495,2.843,
600353,旭光股份,121.26,1.489,2.363,
002140,东华科技,30.55,1.482,0.88,
600995,文山电力,27.24,1.481,1.527,
000601,韶能股份,12.92,1.476,0.247,
002633,申科股份,0.0,1.454,1.49,
300030,阳普医疗,126.84,1.45,1.57,
002627,宜昌交运,26.57,1.446,0.593,
000698,沈阳化工,19.55,1.442,3.237,
300321,同大股份,78.63,1.428,1.187,
300074,华平股份,205.78,1.428,1.287,
600961,株冶集团,73.82,1.428,0.32,
002723,金莱特,173.36,1.425,0.733,
000505,京粮控股,38.72,1.408,3.063,
300346,南大光电,110.14,1.407,1.053,
002778,高科石化,60.81,1.403,1.757,
002640,跨境通,43.42,1.393,0.783,
600862,中航高科,145.03,1.386,1.3,
600895,张江高科,39.39,1.377,0.56,
600229,城市传媒,24.43,1.375,1.247,
002248,*ST东数,0.0,1.362,1.573,
600368,五洲交通,12.2,1.361,0.627,
600688,上海石化,10.61,1.359,0.227,
300107,建新股份,108.55,1.354,12.903,
002585,双星新材,45.42,1.353,1.53,
601311,骆驼股份,24.01,1.345,0.257,
002865,钧达股份,33.36,1.331,8.053,
002724,海洋王,56.16,1.33,0.61,
000652,泰达股份,22.47,1.328,0.763,
002882,金龙羽,28.06,1.308,5.283,
000681,视觉中国,83.45,1.293,3.86,
002411,必康股份,48.4,1.284,1.19,
000969,安泰科技,100.83,1.279,1.083,
002169,智光电气,34.49,1.264,0.74,
300381,溢多利,57.15,1.254,0.523,
300607,拓斯达,59.85,1.253,1.883,
002886,沃特股份,66.35,1.247,11.717,
300639,凯普生物,58.58,1.222,18.32,
601158,重庆水务,15.44,1.222,0.13,
000795,英洛华,64.66,1.222,3.48,
002883,中设股份,61.23,1.22,23.197,
300283,温州宏丰,415.28,1.219,0.873,
000829,天音控股,235.92,1.207,0.447,
300163,先锋新材,273.69,1.204,2.313,
300063,天龙集团,23.73,1.187,2.953,
300466,赛摩电气,191.29,1.185,5.54,
002827,高争民爆,26.54,1.183,2.14,
300434,金石东方,121.89,1.182,1.023,
002336,人人乐,0.0,1.174,1.163,
300029,天龙光电,0.0,1.164,0.94,
000558,莱茵体育,321.54,1.162,0.967,
600608,*ST沪科,41.53,1.153,0.393,
300577,开润股份,63.37,1.127,0.623,
000679,大连友谊,300.34,1.125,0.487,
002291,星期六,100.21,1.102,1.087,
600406,国电南瑞,61.3,1.072,0.707,
601718,际华集团,34.34,1.058,0.383,
600993,马应龙,25.75,1.056,1.303,
002611,东方精工,54.58,1.032,2.44,
300526,中潜股份,60.65,1.03,5.657,
000544,中原环保,24.87,1.026,0.863,
601222,林洋能源,19.04,1.023,0.547,
300288,朗玛信息,19.23,1.018,3.36,
002156,通富微电,82.09,1.013,2.93,
600281,太化股份,0.0,1.005,1.577,
002111,威海广泰,21.84,0.992,1.463,
002340,格林美,54.5,0.963,4.377,
600420,现代制药,25.69,0.947,0.8,
300106,西部牧业,0.0,0.905,1.607,
300713,英可瑞,43.53,0.896,11.977,
300135,宝利国际,73.45,0.885,0.72,
000955,欣龙控股,0.0,0.88,8.343,
002504,*ST弘高,26.08,0.866,2.063,
600151,航天机电,0.0,0.863,0.567,
000860,顺鑫农业,31.69,0.862,0.88,
002605,姚记扑克,66.74,0.856,2.14,
300329,海伦钢琴,49.6,0.856,1.223,
002409,雅克科技,119.48,0.855,3.557,
002164,宁波东力,63.44,0.854,2.02,
600242,中昌数据,58.9,0.85,1.097,
002089,新 海 宜,70.41,0.847,0.9,
600085,同仁堂,42.28,0.84,0.647,
300076,GQY视讯,0.0,0.839,1.463,
002277,友阿股份,17.45,0.839,0.537,
002689,远大智能,94.08,0.838,0.41,
600521,华海药业,48.54,0.831,0.94,
300050,世纪鼎利,40.25,0.831,4.143,
002760,凤形股份,0.0,0.823,7.44,
000961,中南建设,49.74,0.819,0.82,
600136,当代明诚,56.46,0.814,4.5,
002719,麦趣尔,99.5,0.811,3.373,
600378,天科股份,64.15,0.802,2.673,
002492,恒基达鑫,39.48,0.801,2.133,
000716,黑芝麻,30.97,0.781,1.007,
002431,棕榈股份,47.55,0.776,1.94,
000572,海马汽车,0.0,0.773,0.523,
000957,中通客车,34.32,0.768,1.74,
002624,完美世界,29.45,0.756,1.133,
600455,博通股份,151.42,0.744,0.237,
000908,景峰医药,35.76,0.729,0.663,
002539,云图控股,50.12,0.724,0.933,
300194,福安药业,21.02,0.71,0.863,
300643,万通智控,58.77,0.701,3.717,
600351,亚宝药业,30.14,0.699,0.873,
601113,华鼎股份,146.07,0.689,0.36,
002728,特一药业,33.85,0.678,0.92,
300400,劲拓股份,50.46,0.661,1.96,
002275,桂林三金,20.15,0.652,0.307,
300062,中能电气,124.73,0.648,2.65,
002015,霞客环保,0.0,0.645,0.607,
600806,*ST昆机,0.0,0.638,,
002276,万马股份,73.01,0.632,1.06,
300197,铁汉生态,27.47,0.632,2.27,
600644,乐山电力,24.09,0.63,0.89,
300304,云意电气,40.02,0.615,1.593,
002433,太安堂,23.3,0.61,0.763,
300021,大禹节水,133.89,0.603,1.93,
000919,金陵药业,30.84,0.601,0.99,
300165,天瑞仪器,33.76,0.595,1.22,
600678,四川金顶,125.29,0.591,0.593,
300181,佐力药业,95.32,0.587,5.98,
300115,长盈精密,24.28,0.584,2.237,
002806,华锋股份,105.36,0.568,6.633,
002802,洪汇新材,37.5,0.568,2.86,
300535,达威股份,33.38,0.555,3.193,
601007,金陵饭店,30.09,0.551,0.447,
000965,天保基建,13.87,0.541,1.027,
300736,百华悦邦,54.67,0.538,15.423,
002388,新亚制程,47.46,0.533,1.227,
002079,苏州固锝,51.53,0.52,2.547,
600252,中恒集团,19.68,0.507,0.497,
600992,贵绳股份,132.23,0.502,0.587,
002779,中坚科技,60.8,0.494,1.627,
002203,海亮股份,19.13,0.486,0.323,
300041,回天新材,41.54,0.478,2.943,
002247,帝龙文化,24.2,0.477,0.947,
002791,坚朗五金,22.03,0.467,0.74,
300110,华仁药业,245.41,0.463,4.137,
600183,生益科技,23.26,0.459,1.213,
600359,新农开发,96.02,0.456,4.78,
002838,道恩股份,63.27,0.452,1.523,
600999,招商证券,20.05,0.451,0.29,
002233,塔牌集团,18.64,0.451,1.303,
600403,*ST大有,20.02,0.436,0.107,
300735,光弘科技,42.62,0.43,16.003,
300654,世纪天鸿,118.44,0.428,4.887,
300202,聚龙股份,201.25,0.408,0.623,
600626,申达股份,29.08,0.389,0.773,
600739,辽宁成大,16.8,0.375,0.393,
002031,巨轮智能,111.57,0.37,0.547,
002785,万里石,108.81,0.359,2.52,
002701,奥瑞金,15.58,0.355,0.647,
002757,南兴装备,37.96,0.347,1.373,
600785,新华百货,44.09,0.344,0.127,
601208,东材科技,30.09,0.33,0.523,
000903,云内动力,25.06,0.328,0.55,
000537,广宇发展,11.14,0.324,2.747,
600232,金鹰股份,88.68,0.324,0.83,
002887,绿茵生态,33.11,0.311,10.07,
300348,长亮科技,165.1,0.307,3.29,
002787,华源控股,28.02,0.299,2.357,
300256,星星科技,67.3,0.298,2.203,
600171,上海贝岭,47.41,0.297,3.75,
300597,吉大通信,84.2,0.297,6.873,
600765,中航重机,49.75,0.293,1.6,
300058,蓝色光标,45.16,0.276,2.59,
300599,雄塑科技,29.11,0.262,2.843,
002691,冀凯股份,434.6,0.251,0.19,
000981,银亿股份,46.11,0.249,0.147,
300382,斯莱克,53.25,0.235,0.69,
300703,创源文化,42.53,0.234,4.987,
600336,澳柯玛,70.61,0.23,0.367,
002620,瑞和股份,24.35,0.228,1.597,
002436,兴森科技,36.97,0.199,0.857,
002469,三维工程,48.07,0.185,0.653,
300456,耐威科技,181.12,0.176,3.29,
002485,希努尔,2656.33,0.173,0.473,
600680,*ST上普,0.0,0.168,0.533,
002109,兴化股份,27.31,0.138,2.417,
002253,川大智胜,86.29,0.131,2.037,
002559,亚威股份,36.53,0.121,0.573,
002740,爱迪尔,42.51,0.11,1.403,
002270,华明装备,24.13,0.1,1.373,
300251,光线传媒,42.96,0.091,1.05,
002850,科达利,32.68,0.085,2.233,
000423,东阿阿胶,19.5,0.083,0.643,
601558,*ST锐电,17.13,0.047,0.513,
300222,科大智能,59.04,0.036,2.673,
300264,佳创视讯,0.0,0.006,0.837,
600223,鲁商置业,31.67,0.004,0.36,
000338,潍柴动力,10.75,0.001,1.427,
300246,宝莱特,35.73,-0.001,3.127,
002269,美邦服饰,0.0,-0.009,0.177,
300721,怡达股份,36.66,-0.012,10.81,
002141,贤丰控股,903.67,-0.015,0.733,
002374,丽鹏股份,43.75,-0.015,0.54,
300375,鹏翎股份,26.48,-0.054,1.39,
600867,通化东宝,49.51,-0.066,0.773,
002672,东江环保,30.39,-0.067,0.633,
002589,瑞康医药,23.36,-0.08,1.133,
600479,千金药业,41.36,-0.086,1.413,
002835,同为股份,66.18,-0.095,3.01,
000043,中航地产,39.86,-0.113,0.367,
600779,水井坊,65.03,-0.125,1.32,
002502,骅威文化,20.9,-0.142,1.303,
300052,中青宝,73.02,-0.144,3.843,
300164,通源石油,201.41,-0.148,1.573,
300193,佳士科技,26.29,-0.15,1.073,
002628,成都路桥,201.05,-0.151,0.36,
600327,大东方,13.8,-0.158,0.437,
300334,津膜科技,3150.41,-0.162,7.047,
300015,爱尔眼科,75.22,-0.165,0.98,
600585,海螺水泥,10.73,-0.174,1.147,
600748,上实发展,12.62,-0.174,0.227,
300169,天晟新材,443.97,-0.18,0.687,
600128,弘业股份,285.21,-0.192,1.803,
000797,中国武夷,65.7,-0.219,0.533,
300282,汇冠股份,40.23,-0.233,0.827,
600030,中信证券,19.4,-0.233,1.243,
300475,聚隆科技,38.98,-0.237,1.057,
002500,山西证券,43.52,-0.238,1.35,
002365,永安药业,36.27,-0.253,3.653,
601188,龙江交通,14.03,-0.253,0.263,
002362,汉王科技,115.29,-0.258,3.683,
600425,*ST青松,1519.66,-0.261,0.82,
002425,凯撒文化,30.53,-0.262,0.843,
600381,青海春天,27.3,-0.269,3.697,
300284,苏交科,22.34,-0.272,0.643,
600313,农发种业,0.0,-0.273,4.82,
000809,*ST新城,57.26,-0.295,0.447,
601717,郑煤机,26.14,-0.299,0.71,
002406,远东传动,23.88,-0.305,1.623,
600726,华电能源,0.0,-0.307,0.49,
300002,神州泰岳,0.0,-0.308,1.383,
000548,湖南投资,16.92,-0.318,0.737,
600330,天通股份,35.38,-0.32,1.943,
000676,智度股份,25.67,-0.329,1.21,
002533,金杯电工,21.97,-0.336,0.47,
002498,汉缆股份,33.55,-0.337,0.117,
002762,金发拉比,41.24,-0.34,1.88,
002435,长江润发,25.35,-0.348,0.48,
002399,海普瑞,303.78,-0.348,0.187,
300143,星普医科,56.88,-0.353,1.46,
300511,雪榕生物,42.57,-0.353,2.107,
600121,*ST郑煤,6.88,-0.362,0.493,
002553,南方轴承,31.99,-0.37,0.753,
000419,通程控股,23.9,-0.371,0.593,
000973,佛塑科技,47.69,-0.379,1.177,
600705,中航资本,17.25,-0.384,0.3,
002322,理工环科,29.91,-0.389,1.29,
002284,亚太股份,53.25,-0.389,0.903,
600664,哈药股份,32.64,-0.389,0.563,
300005,探路者,40.98,-0.39,1.81,
600778,友好集团,0.0,-0.392,0.677,
000672,上峰水泥,16.61,-0.393,4.87,
000792,盐湖股份,0.0,-0.395,0.803,
300557,理工光科,57.46,-0.4,3.973,
600712,南宁百货,0.0,-0.413,0.277,
000880,潍柴重机,65.87,-0.439,0.637,
002432,九安医疗,0.0,-0.439,2.48,
002052,同洲电子,0.0,-0.439,1.973,
600704,物产中大,14.66,-0.441,1.46,
600551,时代出版,19.4,-0.441,0.587,
600706,曲江文旅,29.6,-0.455,1.49,
300184,力源信息,20.69,-0.457,1.98,
300610,晨化股份,27.08,-0.466,2.817,
002859,洁美科技,41.83,-0.474,3.217,
002470,金正大,22.07,-0.477,0.587,
000429,粤高速Ａ,11.09,-0.499,1.397,
002373,千方科技,52.04,-0.499,2.29,
601789,宁波建工,20.74,-0.505,0.493,
002216,三全食品,58.5,-0.505,0.82,
002125,湘潭电化,67.55,-0.532,0.863,
600060,海信电器,25.29,-0.537,0.973,
002077,大港股份,190.17,-0.539,0.52,
002748,世龙实业,16.92,-0.542,2.327,
600439,瑞贝卡,33.3,-0.546,3.04,
002029,七 匹 狼,26.18,-0.556,0.687,
300658,延江股份,32.07,-0.559,3.66,
000567,海德股份,51.53,-0.565,2.193,
300342,天银机电,31.73,-0.567,0.557,
300622,博士眼镜,38.9,-0.569,2.747,
300009,安科生物,66.67,-0.572,3.047,
600249,两面针,0.0,-0.58,1.533,
002811,亚泰国际,37.53,-0.586,2.99,
002709,天赐材料,42.49,-0.589,3.073,
601226,华电重工,5455.37,-0.626,0.17,
002707,众信旅游,44.07,-0.627,1.39,
002459,天业通联,219.0,-0.636,0.507,
002528,英飞拓,50.88,-0.641,0.567,
002475,立讯精密,53.55,-0.642,0.443,
000887,中鼎股份,16.45,-0.651,0.513,
600637,东方明珠,31.81,-0.658,0.16,
601886,江河集团,21.6,-0.658,0.213,
600246,万通地产,58.48,-0.665,0.273,
300457,赢合科技,44.24,-0.671,2.57,
002389,南洋科技,89.34,-0.674,1.543,
300618,寒锐钴业,76.36,-0.683,3.7,
002220,天宝食品,26.79,-0.693,0.41,
600757,长江传媒,11.87,-0.712,0.413,
002412,汉森制药,54.58,-0.728,0.187,
600531,豫光金铅,25.01,-0.734,3.0,
300131,英唐智控,49.14,-0.754,1.157,
300245,天玑科技,60.78,-0.754,1.783,
002646,青青稞酒,39.03,-0.766,0.187,
002801,微光股份,33.67,-0.769,2.143,
300154,瑞凌股份,30.92,-0.784,0.57,
000598,兴蓉环境,15.17,-0.798,0.617,
600132,重庆啤酒,24.36,-0.807,0.383,
600557,康缘药业,20.44,-0.814,0.837,
600211,西藏药业,27.55,-0.818,0.813,
600239,云南城投,27.79,-0.825,0.873,
002796,世嘉科技,99.58,-0.837,2.793,
601727,上海电气,35.0,-0.84,0.12,
601890,亚星锚链,124.14,-0.844,0.88,
300305,裕兴股份,29.08,-0.849,0.75,
300010,立思辰,101.4,-0.874,2.583,
601218,吉鑫科技,115.81,-0.879,0.37,
600812,华北制药,258.57,-0.879,0.28,
300261,雅本化学,76.63,-0.88,0.283,
000159,国际实业,0.0,-0.889,0.78,
002354,天神娱乐,15.54,-0.899,2.447,
600645,中源协和,2223.16,-0.907,2.243,
002639,雪人股份,353.75,-0.916,0.6,
300306,远方信息,33.84,-0.917,2.793,
600248,延长化建,28.04,-0.918,0.383,
002402,和而泰,40.65,-0.929,2.383,
000731,四川美丰,28.32,-0.933,1.367,
300281,金明精机,67.3,-0.933,0.587,
600195,中牧股份,26.44,-0.934,1.133,
002288,超华科技,98.59,-0.942,1.093,
000777,中核科技,117.19,-0.949,0.727,
600162,香江控股,17.5,-0.95,0.487,
300014,亿纬锂能,37.22,-0.95,1.883,
002768,国恩股份,34.36,-0.953,2.31,
002326,永太科技,41.2,-0.966,0.81,
300413,快乐购,219.91,-0.971,3.04,
300625,三雄极光,28.33,-0.972,3.047,
600731,湖南海利,61.86,-0.974,0.963,
002497,雅化集团,58.19,-0.975,6.257,
002294,信立泰,30.03,-0.976,0.703,
600062,华润双鹤,24.19,-0.976,1.023,
002211,宏达新材,97.4,-0.98,1.133,
600234,ST山水,0.0,-0.981,0.08,
300729,乐歌股份,41.79,-0.986,9.7,
600127,金健米业,218.68,-0.996,1.13,
600180,瑞茂通,21.78,-0.996,0.113,
600319,亚星化学,91.42,-1.005,1.333,
002675,东诚药业,41.22,-1.014,1.53,
300539,横河模具,56.08,-1.015,3.17,
600592,龙溪股份,44.49,-1.017,1.177,
002071,长城影视,30.86,-1.024,2.253,
300230,永利股份,19.76,-1.035,2.213,
300138,晨光生物,28.72,-1.047,1.11,
300209,天泽信息,53.86,-1.055,1.467,
002697,红旗连锁,42.17,-1.058,1.463,
300211,亿通科技,384.23,-1.063,0.963,
002868,绿康生化,27.45,-1.064,3.417,
002287,奇正藏药,46.05,-1.064,0.29,
601900,南方传媒,15.32,-1.065,1.54,
000610,西安旅游,0.0,-1.074,0.77,
002561,徐家汇,21.07,-1.08,1.0,
300068,南都电源,35.78,-1.084,1.68,
002659,凯文教育,0.0,-1.095,0.417,
300563,神宇股份,51.73,-1.097,3.937,
000976,华铁股份,44.89,-1.099,0.55,
600297,广汇汽车,15.25,-1.105,0.76,
600285,羚锐制药,22.47,-1.114,1.5,
600008,首创股份,44.95,-1.123,1.76,
002096,南岭民爆,59.24,-1.124,0.467,
300190,维尔利,31.92,-1.127,0.947,
002574,明牌珠宝,32.93,-1.15,0.887,
000627,天茂集团,34.5,-1.154,0.72,
002105,信隆健康,37.71,-1.157,0.63,
000650,仁和药业,18.33,-1.161,0.62,
300630,普利制药,114.19,-1.165,2.733,
002649,博彦科技,26.77,-1.165,3.193,
600749,西藏旅游,0.0,-1.18,0.84,
002478,常宝股份,38.76,-1.188,0.36,
000597,东北制药,44.71,-1.19,0.987,
300358,楚天科技,39.55,-1.191,1.79,
002713,东易日盛,123.81,-1.194,2.363,
002171,楚江新材,20.36,-1.194,0.603,
600675,中华企业,28.56,-1.206,0.383,
600511,国药股份,19.79,-1.208,2.107,
000756,新华制药,28.03,-1.214,1.573,
000619,海螺型材,283.41,-1.239,0.507,
002549,凯美特气,113.41,-1.247,0.46,
600301,ST南化,0.0,-1.25,0.407,
600105,永鼎股份,23.35,-1.264,1.147,
002100,天康生物,17.62,-1.265,0.25,
600805,悦达投资,0.0,-1.266,0.387,
300084,海默科技,740.61,-1.271,1.717,
300037,新宙邦,28.51,-1.273,3.893,
002793,东音股份,26.15,-1.275,2.263,
600653,申华控股,0.0,-1.283,2.37,
000408,藏格控股,35.79,-1.284,1.093,
300258,精锻科技,25.55,-1.284,0.447,
600054,黄山旅游,21.19,-1.284,0.71,
000667,美好置业,15.45,-1.291,0.573,
002244,滨江集团,13.82,-1.295,1.22,
000009,中国宝安,54.13,-1.302,0.633,
600108,亚盛集团,88.34,-1.308,1.44,
300214,日科化学,22.19,-1.309,0.92,
300508,维宏股份,40.68,-1.311,6.253,
601238,广汽集团,13.15,-1.322,0.087,
002053,云南能投,35.23,-1.322,0.37,
002187,广百股份,17.24,-1.324,0.51,
002293,罗莱生活,26.81,-1.329,0.4,
600279,重庆港九,27.31,-1.333,0.86,
002254,泰和新材,78.68,-1.333,1.58,
000752,西藏发展,286.39,-1.346,0.413,
000538,云南白药,29.88,-1.346,0.293,
600919,江苏银行,6.92,-1.348,0.477,
000802,北京文化,26.73,-1.36,0.837,
002479,富春环保,20.56,-1.376,1.36,
002792,通宇通讯,37.46,-1.384,2.51,
000888,峨眉山Ａ,26.4,-1.391,1.267,
002262,恩华药业,35.77,-1.398,0.75,
002781,奇信股份,25.73,-1.4,1.03,
000529,广弘控股,28.1,-1.411,0.52,
000720,新能泰山,0.0,-1.414,0.933,
600300,维维股份,48.51,-1.423,0.59,
600744,华银电力,0.0,-1.43,0.37,
600633,浙数文化,8.58,-1.434,0.523,
300472,新元科技,333.38,-1.434,1.647,
600572,康恩贝,22.93,-1.439,0.47,
002245,澳洋顺昌,24.93,-1.45,1.617,
300673,佩蒂股份,44.76,-1.466,2.25,
600020,中原高速,7.37,-1.469,0.47,
600493,凤竹纺织,89.48,-1.47,0.48,
600876,洛阳玻璃,466.38,-1.484,2.41,
002199,东晶电子,0.0,-1.484,0.183,
002685,华东重机,316.3,-1.495,0.74,
601288,农业银行,6.67,-1.499,0.17,
000011,深物业A,12.72,-1.502,2.973,
300255,常山药业,34.15,-1.518,1.453,
002750,龙津药业,81.97,-1.52,0.373,
600436,片仔癀,54.46,-1.524,1.28,
002518,科士达,29.31,-1.524,0.327,
600565,迪马股份,13.99,-1.527,0.973,
000776,广发证券,14.52,-1.53,0.46,
002736,国信证券,19.77,-1.533,0.113,
002486,嘉麟杰,0.0,-1.536,0.987,
002206,海 利 得,19.65,-1.552,0.437,
600965,福成股份,53.6,-1.553,0.28,
600410,华胜天成,49.89,-1.553,3.903,
600170,上海建工,12.92,-1.561,0.223,
600576,祥源文化,40.17,-1.566,0.967,
600292,远达环保,53.24,-1.568,0.713,
300405,科隆股份,71.49,-1.571,1.23,
002381,双箭股份,28.16,-1.585,0.627,
600317,营口港,36.44,-1.592,0.113,
601326,秦港股份,27.18,-1.601,3.043,
600713,南京医药,25.11,-1.602,0.617,
300548,博创科技,43.54,-1.604,8.557,
300079,数码科技,45.71,-1.605,1.547,
000670,盈方微,0.0,-1.607,5.49,
300057,万顺股份,40.46,-1.607,0.313,
002551,尚荣医疗,29.07,-1.607,1.593,
000166,申万宏源,23.35,-1.61,0.103,
000719,中原传媒,13.96,-1.622,0.33,
002579,中京电子,294.15,-1.622,0.743,
600398,海澜之家,15.53,-1.628,0.287,
300035,中科电气,58.03,-1.63,1.533,
600584,长电科技,125.27,-1.631,2.713,
600323,瀚蓝环境,16.4,-1.632,0.303,
601258,庞大集团,35.35,-1.641,2.78,
300043,星辉娱乐,20.39,-1.643,1.387,
002853,皮阿诺,46.46,-1.645,3.76,
000573,粤宏远Ａ,41.34,-1.645,0.563,
600415,小商品城,17.72,-1.645,0.25,
600251,冠农股份,45.64,-1.647,1.113,
000850,华茂股份,38.19,-1.653,0.353,
300385,雪浪环境,48.24,-1.663,0.937,
300418,昆仑万维,37.92,-1.664,5.467,
300403,地尔汉宇,23.24,-1.668,0.577,
300171,东富龙,35.21,-1.669,1.093,
601010,文峰股份,23.08,-1.669,0.547,
000861,海印股份,42.46,-1.672,0.22,
600159,大龙地产,0.0,-1.68,0.42,
002006,精功科技,72.08,-1.68,0.667,
000975,银泰资源,67.17,-1.684,0.9,
300247,乐金健康,62.64,-1.69,2.557,
300427,红相股份,164.85,-1.698,5.94,
002055,得润电子,52.7,-1.699,0.997,
300387,富邦股份,23.94,-1.702,1.187,
600265,ST景谷,0.0,-1.715,0.143,
601118,海南橡胶,1333.94,-1.717,0.84,
600754,锦江股份,35.27,-1.718,0.403,
002191,劲嘉股份,21.96,-1.723,0.873,
300182,捷成股份,25.47,-1.737,2.387,
600724,宁波富达,28.54,-1.748,0.157,
600089,特变电工,13.23,-1.748,0.46,
300228,富瑞特装,66.71,-1.749,1.66,
002084,海鸥住工,33.98,-1.75,0.63,
300217,东方电热,43.08,-1.752,0.88,
002637,赞宇科技,34.1,-1.758,0.827,
300428,四通新材,41.64,-1.758,2.937,
002093,国脉科技,67.65,-1.759,0.813,
600027,华电国际,86.91,-1.762,0.61,
600260,凯乐科技,31.03,-1.767,1.987,
300027,华谊兄弟,31.42,-1.771,2.23,
600725,ST云维,482.36,-1.771,0.33,
300528,幸福蓝海,47.1,-1.781,2.03,
002805,丰元股份,60.12,-1.785,2.337,
600039,四川路桥,23.72,-1.786,0.343,
000875,吉电股份,0.0,-1.79,0.733,
002557,洽洽食品,24.01,-1.798,0.573,
300422,博世科,48.09,-1.806,2.143,
300028,金亚科技,0.0,-1.81,1.54,
601688,华泰证券,19.55,-1.82,0.763,
002665,首航节能,111.39,-1.827,0.717,
600337,美克家居,28.03,-1.831,0.23,
300359,全通教育,0.0,-1.852,2.343,
002408,齐翔腾达,30.56,-1.865,0.53,
300565,科信技术,55.92,-1.869,3.597,
002404,嘉欣丝绸,34.88,-1.873,0.387,
002481,双塔食品,58.55,-1.875,0.74,
000722,湖南发展,33.01,-1.884,0.587,
002375,亚厦股份,22.28,-1.897,0.487,
000838,财信发展,29.34,-1.899,1.33,
000833,贵糖股份,51.62,-1.9,0.863,
600604,市北高新,114.81,-1.91,1.267,
600710,苏美达,22.99,-1.923,2.623,
600803,新奥股份,28.17,-1.924,0.767,
600100,同方股份,0.0,-1.931,0.807,
002165,红 宝 丽,42.34,-1.932,0.733,
002026,山东威达,20.75,-1.933,1.367,
002292,奥飞娱乐,39.53,-1.933,1.247,
002897,意华股份,40.97,-1.935,9.96,
300196,长海股份,21.59,-1.936,0.477,
601107,四川成渝,9.98,-1.937,0.137,
002681,奋达科技,40.38,-1.946,0.813,
002540,亚太科技,31.17,-1.947,0.747,
600429,三元股份,54.03,-1.952,0.167,
300117,嘉寓股份,43.73,-1.962,2.623,
000949,新乡化纤,62.29,-1.963,0.413,
002505,大康农业,426.45,-1.966,1.6,
600811,东方集团,25.47,-1.969,0.42,
002130,沃尔核材,47.26,-1.976,0.527,
600516,方大炭素,13.06,-1.977,2.91,
600176,中国巨石,21.21,-1.986,1.117,
002855,捷荣技术,59.02,-1.993,1.877,
002328,新朋股份,30.45,-1.993,0.96,
600382,广东明珠,18.08,-1.995,0.867,
600196,复星医药,33.57,-1.995,1.99,
600667,太极实业,39.53,-1.996,1.58,
000421,南京公用,20.67,-1.998,0.483,
002466,天齐锂业,30.91,-1.999,1.747,
600198,大唐电信,0.0,-2.015,1.403,
002678,珠江钢琴,62.56,-2.026,0.083,
000607,华媒控股,44.77,-2.027,0.307,
002489,浙江永强,42.33,-2.028,0.587,
002606,大连电瓷,42.18,-2.031,5.89,
601858,中国科传,34.95,-2.034,2.153,
000042,中洲控股,31.15,-2.035,0.24,
600776,东方通信,85.72,-2.041,0.893,
600073,上海梅林,16.93,-2.045,0.96,
000697,炼石有色,0.0,-2.047,1.41,
002019,亿帆医药,22.5,-2.061,2.43,
600266,北京城建,12.66,-2.072,0.89,
600017,日照港,30.68,-2.08,0.533,
002407,多氟多,40.25,-2.082,1.7,
601929,吉视传媒,30.25,-2.096,0.48,
600458,时代新材,98.88,-2.115,0.423,
300219,鸿利智汇,24.72,-2.126,0.67,
600237,铜峰电子,225.12,-2.137,1.987,
300113,顺网科技,30.9,-2.138,5.357,
300345,红宇新材,0.0,-2.141,6.193,
002115,三维通信,151.31,-2.142,1.927,
600168,武汉控股,16.64,-2.151,0.35,
000631,顺发恒业,13.0,-2.154,0.453,
002884,凌霄泵业,22.95,-2.169,3.65,
002648,卫星石化,17.95,-2.178,0.82,
601933,永辉超市,51.34,-2.186,0.607,
601368,绿城水务,15.76,-2.197,0.537,
600106,重庆路桥,13.08,-2.197,0.51,
300215,电科院,48.55,-2.198,0.897,
000911,南宁糖业,0.0,-2.209,0.973,
002014,永新股份,20.15,-2.217,0.533,
000609,中迪投资,16.73,-2.234,0.837,
000576,广东甘化,0.0,-2.239,0.497,
300395,菲利华,41.46,-2.24,0.937,
000400,许继电气,18.6,-2.242,1.263,
600583,海油工程,67.72,-2.248,0.417,
601390,中国中铁,11.46,-2.266,0.093,
300001,特锐德,46.45,-2.266,0.447,
300635,达安股份,42.95,-2.267,8.117,
000541,佛山照明,12.13,-2.267,0.523,
002415,海康威视,46.69,-2.273,0.463,
300082,奥克股份,20.72,-2.276,0.417,
002535,林州重机,82.23,-2.278,1.143,
600210,紫江企业,12.68,-2.28,0.753,
000877,天山股份,42.32,-2.287,1.813,
000931,中 关 村,0.0,-2.289,0.71,
600791,京能置业,35.04,-2.291,1.237,
601126,四方股份,29.02,-2.313,0.397,
002186,全 聚 德,34.91,-2.326,0.257,
600696,ST匹凸,101.41,-2.335,0.383,
300147,香雪制药,61.74,-2.335,0.867,
601518,吉林高速,13.54,-2.336,0.61,
000726,鲁 泰Ａ,12.25,-2.343,0.293,
002180,纳思达,0.0,-2.347,0.293,
000859,国风塑业,114.34,-2.355,0.643,
002905,金逸影视,31.97,-2.356,4.377,
600864,哈投股份,30.71,-2.36,0.287,
601229,上海银行,7.47,-2.366,0.42,
002511,中顺洁柔,34.09,-2.372,0.523,
002272,川润股份,320.05,-2.374,0.827,
000828,东莞控股,12.47,-2.379,0.233,
600502,安徽水利,11.93,-2.379,0.85,
000700,模塑科技,23.31,-2.385,0.54,
600356,恒丰纸业,23.34,-2.396,0.42,
600628,新世界,10.8,-2.398,0.57,
000885,同力水泥,9.48,-2.4,1.397,
600616,金枫酒业,61.54,-2.405,0.387,
600611,大众交通,15.16,-2.411,0.523,
600697,欧亚集团,13.51,-2.425,0.587,
002613,北玻股份,0.0,-2.427,0.303,
600495,晋西车轴,239.27,-2.438,0.567,
600185,格力地产,20.55,-2.44,0.533,
002527,新时达,26.68,-2.459,0.7,
000570,苏常柴Ａ,50.82,-2.46,0.423,
601375,中原证券,51.78,-2.468,1.02,
601011,宝泰隆,61.17,-2.484,1.517,
000504,南华生物,0.0,-2.489,0.417,
300679,电连技术,27.72,-2.49,3.843,
000767,漳泽电力,0.0,-2.494,0.207,
600578,京能电力,78.46,-2.526,0.087,
002401,中远海科,49.24,-2.532,1.927,
600298,安琪酵母,31.02,-2.535,0.817,
600190,锦州港,53.45,-2.537,0.583,
600503,华丽家族,60.81,-2.538,0.757,
000632,三木集团,999.77,-2.538,0.953,
600763,通策医疗,52.2,-2.539,2.28,
000157,中联重科,19.19,-2.544,0.327,
002303,美盈森,30.24,-2.547,0.42,
002016,世荣兆业,21.1,-2.554,3.83,
601668,中国建筑,7.65,-2.557,0.32,
600011,华能国际,57.81,-2.575,0.3,
300200,高盟新材,35.68,-2.58,0.547,
600885,宏发股份,28.96,-2.588,0.583,
600665,天地源,16.13,-2.591,0.423,
300394,天孚通信,31.21,-2.592,1.52,
002634,棒杰股份,52.46,-2.595,1.4,
002755,东方新星,254.74,-2.612,0.877,
600681,百川能源,24.26,-2.612,0.45,
600389,江山股份,47.8,-2.618,0.46,
000686,东北证券,21.47,-2.619,0.493,
600694,大商股份,11.7,-2.62,0.377,
300208,恒顺众昇,19.77,-2.623,0.88,
600641,万业企业,4.6,-2.623,0.497,
002795,永和智控,46.94,-2.629,5.2,
300514,友讯达,51.14,-2.635,16.0,
002319,乐通股份,193.94,-2.651,0.67,
600326,西藏天路,23.05,-2.653,1.61,
300603,立昂技术,43.45,-2.658,4.43,
002652,扬子新材,44.1,-2.662,1.84,
300534,陇神戎发,149.97,-2.667,2.917,
600377,宁沪高速,13.41,-2.669,0.073,
002638,勤上股份,57.26,-2.671,1.82,
002107,沃华医药,48.12,-2.673,0.323,
600823,世茂股份,8.55,-2.68,0.587,
002162,悦心健康,185.34,-2.687,0.297,
000868,安凯客车,0.0,-2.704,3.35,
600639,浦东金桥,23.74,-2.712,0.13,
600642,申能股份,13.39,-2.729,0.163,
601008,连云港,616.82,-2.731,0.623,
000715,中兴商业,28.17,-2.738,0.243,
600894,广日股份,15.12,-2.746,0.307,
300102,乾照光电,26.44,-2.749,1.733,
600215,长春经开,424.98,-2.751,1.443,
300443,金雷风电,19.97,-2.753,1.373,
300298,三诺生物,36.97,-2.768,1.297,
600537,亿晶光电,61.55,-2.77,0.467,
300486,东杰智能,58.11,-2.783,1.73,
002421,达实智能,36.17,-2.79,0.77,
300069,金利华电,123.48,-2.807,0.93,
601608,中信重工,483.52,-2.811,0.213,
000837,秦川机床,234.28,-2.816,1.4,
002092,中泰化学,10.81,-2.822,0.757,
600350,山东高速,7.82,-2.828,0.1,
000058,深 赛 格,87.19,-2.836,0.59,
002135,东南网架,58.79,-2.837,0.54,
002836,新宏泽,73.72,-2.859,4.54,
600687,刚泰控股,34.73,-2.862,0.32,
300039,上海凯宝,19.47,-2.865,0.893,
600055,万东医疗,88.6,-2.866,0.807,
000728,国元证券,25.55,-2.87,0.587,
600530,交大昂立,33.59,-2.883,0.743,
002335,科华恒盛,15.99,-2.884,0.673,
002039,黔源电力,10.02,-2.889,0.853,
000927,一汽夏利,0.0,-2.894,0.42,
300498,温氏股份,20.48,-2.895,0.4,
600529,山东药玻,22.25,-2.908,0.763,
002133,广宇集团,19.45,-2.914,0.533,
000585,东北电气,0.0,-2.914,1.063,
601328,交通银行,6.41,-2.919,0.237,
600137,浪莎股份,75.31,-2.921,1.443,
000623,吉林敖东,13.03,-2.922,0.643,
002457,青龙管业,0.0,-2.93,8.29,
601002,晋亿实业,44.36,-2.932,1.563,
002403,爱仕达,25.4,-2.932,0.423,
002889,东方嘉盛,29.32,-2.932,4.837,
000970,中科三环,48.46,-2.932,2.35,
000520,长航凤凰,73.16,-2.943,1.217,
000407,胜利股份,48.57,-2.949,0.793,
300055,万邦达,36.77,-2.957,1.263,
600606,绿地控股,10.44,-2.965,3.05,
600063,皖维高新,42.63,-2.967,0.37,
002106,莱宝高科,43.6,-2.98,1.097,
600982,宁波热电,30.27,-2.986,0.343,
002274,华昌化工,174.91,-2.986,0.347,
000917,电广传媒,75.16,-2.996,1.377,
300293,蓝英装备,92.68,-2.998,0.677,
300172,中电环保,34.05,-3.0,1.127,
601566,九牧王,18.31,-3.002,0.257,
600886,国投电力,14.82,-3.008,0.333,
600081,东风科技,22.63,-3.016,0.44,
002885,京泉华,38.5,-3.02,8.74,
300040,九洲电气,20.13,-3.022,1.57,
000626,远大控股,21.86,-3.038,1.0,
601880,大连港,65.4,-3.038,0.353,
600853,龙建股份,51.0,-3.043,1.89,
000899,赣能股份,300.71,-3.053,0.417,
001979,招商蛇口,14.32,-3.069,1.843,
002347,泰尔股份,165.34,-3.074,0.897,
002441,众业达,19.02,-3.084,0.69,
601106,*ST一重,428.0,-3.088,0.157,
002235,安妮股份,51.14,-3.089,5.017,
600650,锦江投资,29.75,-3.091,0.76,
002170,芭田股份,192.19,-3.094,0.29,
002718,友邦吊顶,34.07,-3.095,0.573,
600738,兰州民百,43.18,-3.096,0.373,
002150,通润装备,26.0,-3.103,0.383,
600881,亚泰集团,66.82,-3.104,1.0,
002833,弘亚数控,27.58,-3.105,1.11,
002240,威华股份,330.85,-3.108,1.083,
600220,江苏阳光,46.59,-3.109,0.46,
002641,永高股份,26.25,-3.12,0.167,
002903,宇环数控,46.8,-3.132,21.967,
600059,古越龙山,49.11,-3.141,0.447,
601199,江南水务,16.64,-3.142,0.36,
600037,歌华有线,20.74,-3.143,0.617,
300195,长荣股份,37.41,-3.15,0.787,
600926,杭州银行,8.49,-3.153,0.777,
000563,陕国投Ａ,22.38,-3.156,0.403,
000027,深圳能源,21.46,-3.171,0.11,
600684,珠江实业,11.83,-3.174,0.997,
600481,双良节能,218.07,-3.175,0.23,
600273,嘉化能源,13.76,-3.177,0.85,
002051,中工国际,15.81,-3.177,0.327,
002152,广电运通,19.35,-3.187,1.037,
600463,空港股份,204.32,-3.189,1.283,
600809,山西汾酒,44.19,-3.2,1.03,
000821,京山轻机,45.15,-3.2,1.773,
002154,报 喜 鸟,0.0,-3.2,0.457,
000978,桂林旅游,29.33,-3.205,1.033,
600287,江苏舜天,35.25,-3.207,0.45,
300221,银禧科技,37.88,-3.219,2.373,
600854,春兰股份,34.38,-3.244,0.827,
600482,中国动力,39.1,-3.258,0.837,
002593,日上集团,45.73,-3.261,0.387,
600814,杭州解百,29.43,-3.266,0.327,
300480,光力科技,94.18,-3.298,2.367,
002176,江特电机,58.32,-3.307,3.347,
601766,中国中车,32.02,-3.309,0.227,
002711,欧浦智网,28.94,-3.311,2.123,
600033,福建高速,12.18,-3.315,0.14,
300547,川环科技,34.58,-3.317,2.12,
600470,六国化工,119.87,-3.321,0.773,
601616,广电电气,176.2,-3.328,0.353,
300692,中环环保,81.45,-3.329,11.937,
000633,合金投资,0.0,-3.334,0.727,
000503,海虹控股,0.0,-3.336,1.383,
002588,史丹利,25.32,-3.339,0.71,
600182,S佳通,161.25,-3.339,0.783,
002334,英威腾,26.7,-3.347,1.427,
600498,烽火通信,38.78,-3.349,0.827,
002682,龙洲股份,25.61,-3.351,1.073,
002299,圣农发展,135.1,-3.352,1.217,
002249,大洋电机,35.97,-3.355,0.847,
601555,东吴证券,22.85,-3.376,0.41,
002250,联化科技,41.62,-3.405,0.48,
600109,国金证券,21.27,-3.409,0.65,
601016,节能风电,34.13,-3.412,0.293,
000753,漳州发展,145.15,-3.413,2.197,
002040,南 京 港,42.16,-3.424,1.31,
002307,北新路桥,141.86,-3.431,2.097,
002671,龙泉股份,0.0,-3.439,0.42,
300707,威唐工业,43.34,-3.441,29.76,
600321,正源股份,656.22,-3.446,0.307,
600467,好当家,69.03,-3.449,0.793,
300075,数字政通,69.15,-3.46,7.027,
000589,黔轮胎Ａ,0.0,-3.47,0.337,
600496,精工钢构,64.09,-3.471,0.673,
002673,西部证券,35.84,-3.495,0.703,
000158,常山北明,146.5,-3.497,0.84,
002422,科伦药业,80.79,-3.498,0.84,
600817,*ST宏盛,0.0,-3.5,0.477,
600449,宁夏建材,16.43,-3.504,1.59,
002363,隆基机械,38.68,-3.504,0.647,
000718,苏宁环球,17.45,-3.51,0.52,
601038,一拖股份,69.0,-3.511,0.933,
002823,凯中精密,26.51,-3.529,1.61,
300505,川金诺,42.07,-3.531,3.127,
001896,豫能控股,45.22,-3.536,0.407,
600369,西南证券,31.19,-3.54,0.19,
601179,中国西电,24.06,-3.541,0.093,
002565,顺灏股份,75.14,-3.545,0.403,
300435,中泰股份,42.47,-3.547,0.707,
002196,方正电机,35.16,-3.551,1.227,
300332,天壕环境,83.98,-3.561,1.737,
600548,深高速,12.83,-3.561,0.103,
300697,电工合金,56.96,-3.562,11.767,
600058,五矿发展,318.98,-3.568,0.25,
600969,郴电国际,27.94,-3.57,0.77,
002181,粤 传 媒,0.0,-3.574,0.203,
600707,彩虹股份,0.0,-3.577,0.617,
002426,胜利精密,38.04,-3.577,0.593,
600636,*ST爱富,39.73,-3.578,0.493,
002473,*ST圣莱,0.0,-3.584,0.643,
300088,长信科技,27.29,-3.595,3.0,
000783,长江证券,20.15,-3.606,0.233,
300732,设研院,35.53,-3.616,8.4,
600125,铁龙物流,30.9,-3.622,1.493,
002062,宏润建设,20.17,-3.631,0.3,
300227,光韵达,43.64,-3.632,2.16,
600558,大西洋,106.43,-3.634,0.517,
600983,惠而浦,0.0,-3.639,0.29,
600869,智慧能源,63.03,-3.653,0.307,
002060,粤 水 电,26.01,-3.661,0.403,
600035,楚天高速,11.4,-3.661,0.357,
002618,丹邦科技,257.95,-3.668,0.663,
000799,酒鬼酒,42.55,-3.67,2.04,
600755,厦门国贸,8.06,-3.671,1.793,
300338,开元股份,43.51,-3.677,0.57,
300307,慈星股份,21.62,-3.681,0.797,
002536,西泵股份,19.08,-3.682,1.31,
002590,万安科技,41.81,-3.688,1.147,
000068,华控赛格,0.0,-3.691,0.53,
002712,思美传媒,26.74,-3.693,0.46,
000069,华侨城Ａ,10.86,-3.696,0.57,
600206,有研新材,188.43,-3.698,2.39,
601901,方正证券,28.91,-3.699,0.133,
600388,龙净环保,24.7,-3.7,0.683,
600056,中国医药,18.75,-3.702,0.607,
002020,京新药业,24.12,-3.711,0.987,
600829,人民同泰,24.18,-3.725,0.307,
600601,方正科技,0.0,-3.741,0.347,
002295,精艺股份,34.46,-3.75,0.933,
000622,恒立实业,0.0,-3.752,0.443,
300432,富临精工,19.0,-3.753,0.62,
002621,三垒股份,132.53,-3.754,0.933,
600367,红星发展,30.56,-3.755,1.133,
000738,航发控制,83.49,-3.768,1.92,
002344,海宁皮城,23.0,-3.77,0.7,
600269,赣粤高速,11.48,-3.775,0.563,
002571,*ST德力,56.96,-3.782,1.033,
002789,建艺集团,30.69,-3.786,1.827,
000608,阳光股份,33.62,-3.796,0.71,
600939,重庆建工,45.9,-3.801,0.947,
002271,东方雨虹,31.63,-3.803,1.23,
300224,正海磁材,1451.02,-3.804,0.797,
002743,富煌钢构,45.01,-3.804,2.017,
600679,上海凤凰,78.54,-3.806,0.977,
600858,银座股份,74.84,-3.812,0.273,
600366,宁波韵升,22.98,-3.813,0.75,
000791,甘肃电投,21.03,-3.815,0.78,
002175,东方网络,83.96,-3.815,5.277,
300632,光莆股份,39.91,-3.823,4.557,
300223,北京君正,486.46,-3.823,5.31,
600166,福田汽车,90.77,-3.832,0.557,
600023,浙能电力,14.95,-3.834,0.073,
002166,莱茵生物,37.42,-3.837,1.22,
000782,美达股份,98.38,-3.849,0.347,
002021,中捷资源,0.0,-3.858,0.437,
600230,沧州大化,9.63,-3.868,1.95,
002705,新宝股份,20.97,-3.875,0.457,
002732,燕塘乳业,27.8,-3.884,0.43,
300580,贝斯特,28.61,-3.886,2.157,
300660,江苏雷利,24.09,-3.891,1.78,
002314,南山控股,81.46,-3.894,0.573,
000826,启迪桑德,25.84,-3.896,0.653,
300111,向日葵,199.45,-3.9,0.357,
600528,中铁工业,19.24,-3.929,0.443,
600380,健康元,7.0,-3.929,1.363,
002393,力生制药,44.61,-3.931,0.703,
600120,浙江东方,18.34,-3.94,1.043,
002727,一心堂,31.91,-3.956,6.15,
000517,荣安地产,25.62,-3.964,1.547,
300022,吉峰农机,0.0,-3.964,2.077,
600283,钱江水利,53.28,-3.967,0.393,
300376,易事特,23.58,-3.969,0.63,
600552,凯盛科技,43.39,-3.969,0.617,
000638,万方发展,83.25,-3.975,1.767,
300044,赛为智能,59.27,-3.979,4.263,
601339,百隆东方,15.37,-3.984,0.13,
300108,吉药控股,40.62,-3.984,0.31,
000630,铜陵有色,52.73,-3.994,0.393,
601098,中南传媒,14.73,-4.011,0.123,
601777,力帆股份,36.49,-4.017,0.543,
002598,山东章鼓,36.91,-4.018,0.473,
002774,快意电梯,47.92,-4.021,2.523,
600098,广州发展,21.39,-4.023,0.14,
300141,和顺电气,142.14,-4.03,2.927,
002378,章源钨业,299.12,-4.032,0.553,
600370,三房巷,48.15,-4.036,0.337,
002145,中核钛白,21.43,-4.046,0.81,
600586,金晶科技,25.79,-4.056,0.373,
000010,美丽生态,216.66,-4.065,0.95,
300262,巴安水务,19.05,-4.072,1.0,
000617,中油资本,18.16,-4.097,1.23,
002114,罗平锌电,79.25,-4.098,0.92,
300155,安居宝,381.7,-4.1,1.78,
600107,美尔雅,0.0,-4.107,0.367,
600305,恒顺醋业,31.42,-4.11,0.643,
002767,先锋电子,68.1,-4.111,2.803,
600009,上海机场,24.93,-4.12,0.453,
601958,金钼股份,436.14,-4.121,0.313,
300488,恒锋工具,31.38,-4.124,0.823,
600111,北方稀土,101.15,-4.129,1.477,
000417,合肥百货,17.16,-4.144,0.363,
000762,西藏矿业,1160.08,-4.144,1.4,
600891,秋林集团,27.24,-4.145,1.553,
002192,融捷股份,3027.89,-4.152,3.28,
600397,安源煤业,0.0,-4.177,0.513,
300360,炬华科技,23.54,-4.177,1.023,
000892,欢瑞世纪,0.0,-4.184,0.473,
601818,光大银行,6.35,-4.196,0.25,
002482,广田集团,24.04,-4.196,0.55,
000682,东方电子,91.29,-4.201,0.243,
600004,白云机场,20.35,-4.206,0.52,
002283,天润曲轴,18.61,-4.222,0.48,
000915,山大华特,23.41,-4.223,1.977,
300153,科泰电源,116.39,-4.224,0.923,
600383,金地集团,17.89,-4.226,0.927,
002445,中南文化,43.65,-4.24,0.753,
002690,美亚光电,35.45,-4.241,0.657,
600078,澄星股份,53.7,-4.244,0.383,
000862,银星能源,0.0,-4.247,1.02,
300048,合康新能,56.9,-4.262,0.683,
300362,天翔环境,42.88,-4.267,1.527,
300127,银河磁体,26.64,-4.268,1.467,
600015,华夏银行,6.06,-4.27,0.16,
600006,东风汽车,63.72,-4.281,0.287,
600149,*ST坊展,0.0,-4.299,0.917,
300371,汇中股份,48.31,-4.302,1.38,
002004,华邦健康,21.48,-4.303,0.567,
300185,通裕重工,33.98,-4.308,0.8,
600963,岳阳林纸,24.04,-4.316,0.927,
600500,中化国际,29.77,-4.316,0.307,
300340,科恒股份,29.24,-4.336,4.01,
000692,惠天热电,0.0,-4.347,0.54,
600200,江苏吴中,53.92,-4.354,0.69,
002041,登海种业,63.95,-4.357,1.707,
002818,富森美,18.05,-4.364,2.003,
300180,华峰超纤,56.25,-4.365,0.413,
600847,*ST万里,476.92,-4.368,0.107,
601377,兴业证券,16.62,-4.372,0.28,
002468,申通快递,24.76,-4.377,0.753,
300536,农尚环境,46.35,-4.382,4.663,
000571,新大洲Ａ,44.58,-4.388,0.803,
000023,深天地Ａ,58.17,-4.392,1.9,
002394,联发股份,12.78,-4.392,0.507,
601519,*ST智慧,13.14,-4.394,0.267,
000906,浙商中拓,24.08,-4.394,0.71,
601515,东风股份,14.81,-4.399,0.137,
000668,荣丰控股,0.0,-4.403,0.33,
600079,人福医药,7.98,-4.405,1.53,
601928,凤凰传媒,16.11,-4.405,0.157,
300476,胜宏科技,42.5,-4.419,7.003,
600588,用友网络,140.75,-4.423,3.203,
300739,明阳电路,39.72,-4.425,17.73,
000902,新洋丰,15.95,-4.432,0.33,
002558,巨人网络,46.41,-4.444,0.857,
002325,洪涛股份,31.19,-4.446,0.773,
600657,信达地产,8.08,-4.452,0.767,
600186,莲花健康,0.0,-4.454,1.27,
600173,卧龙地产,12.52,-4.458,0.783,
000568,泸州老窖,31.18,-4.46,0.973,
600143,金发科技,26.66,-4.462,0.297,
000539,粤电力Ａ,22.66,-4.462,0.077,
002617,露笑科技,34.74,-4.464,0.64,
600506,香梨股份,0.0,-4.466,1.933,
600169,太原重工,332.86,-4.469,0.297,
600016,民生银行,5.49,-4.471,0.2,
000876,新 希 望,11.84,-4.486,0.42,
300429,强力新材,53.11,-4.491,1.027,
000089,深圳机场,25.29,-4.503,0.257,
601163,三角轮胎,27.73,-4.504,0.903,
600648,外高桥,43.46,-4.507,0.21,
002895,川恒股份,55.09,-4.508,10.98,
000677,恒天海龙,598.81,-4.517,0.31,
000048,康达尔,0.0,-4.528,0.1,
002327,富安娜,29.63,-4.536,1.223,
600550,保变电气,129.85,-4.536,1.087,
000040,东旭蓝天,37.13,-4.539,0.233,
600790,轻纺城,14.24,-4.543,0.7,
600519,贵州茅台,31.97,-4.544,0.637,
600863,内蒙华电,24.33,-4.547,0.157,
002610,爱康科技,50.26,-4.549,0.637,
600882,广泽股份,0.0,-4.567,0.22,
300613,富瀚微,66.91,-4.572,4.643,
000635,英 力 特,41.9,-4.575,0.967,
000803,*ST金宇,124.85,-4.584,0.163,
601857,中国石油,61.83,-4.588,0.023,
600390,五矿资本,13.52,-4.589,1.497,
300628,亿联网络,28.26,-4.595,3.253,
002217,合力泰,24.68,-4.598,0.637,
600487,亨通光电,22.48,-4.598,1.507,
002783,凯龙股份,31.04,-4.624,1.233,
600225,*ST松江,7.24,-4.627,0.313,
002221,东华能源,17.23,-4.627,0.537,
300388,国祯环保,47.52,-4.628,0.61,
000021,深科技,19.9,-4.632,1.053,
000967,盈峰环境,27.11,-4.636,0.46,
600746,江苏索普,26.18,-4.641,0.537,
600007,中国国贸,22.71,-4.647,0.117,
002138,顺络电子,38.84,-4.648,0.747,
000780,*ST平能,16.11,-4.648,0.26,
002477,雏鹰农牧,13.41,-4.648,2.123,
300676,华大基因,157.76,-4.661,6.107,
000521,美菱电器,27.89,-4.672,0.743,
600036,招商银行,10.54,-4.672,0.367,
000982,*ST 中绒,0.0,-4.675,0.403,
000612,焦作万方,24.71,-4.689,0.52,
601211,国泰君安,15.88,-4.691,0.42,
300152,科融环境,243.57,-4.694,2.817,
002065,东华软件,21.19,-4.703,1.207,
000582,北部湾港,21.75,-4.71,1.09,
000402,金 融 街,9.88,-4.712,0.49,
002056,横店东磁,26.98,-4.714,0.837,
601139,深圳燃气,15.23,-4.725,0.14,
600466,蓝光发展,29.19,-4.733,2.673,
601579,会稽山,29.28,-4.738,0.18,
000897,津滨发展,0.0,-4.748,0.5,
600418,江淮汽车,33.49,-4.752,0.56,
300323,华灿光电,31.11,-4.759,2.317,
300212,易华录,100.19,-4.769,2.293,
300495,美尚生态,31.49,-4.772,1.44,
600077,宋都股份,29.1,-4.772,0.347,
600459,贵研铂业,40.18,-4.774,1.263,
002714,牧原股份,22.27,-4.775,0.783,
300011,鼎汉技术,199.25,-4.779,0.703,
002028,思源电气,49.54,-4.807,0.37,
002209,达 意 隆,0.0,-4.81,1.1,
000813,德展健康,21.86,-4.848,0.543,
002352,顺丰控股,45.83,-4.849,0.363,
600259,广晟有色,900.59,-4.85,1.45,
600619,海立股份,34.03,-4.857,0.693,
002615,哈尔斯,26.31,-4.867,0.75,
002542,中化岩土,77.08,-4.867,1.707,
002419,天虹股份,21.67,-4.872,1.003,
601233,桐昆股份,16.35,-4.872,2.057,
002043,兔 宝 宝,28.03,-4.881,0.75,
600469,风神股份,0.0,-4.881,0.513,
600396,金山股份,0.0,-4.885,0.277,
600566,济川药业,28.96,-4.898,0.523,
002453,天马精化,575.12,-4.906,0.593,
002207,*ST准油,30.97,-4.907,0.997,
002094,青岛金王,16.0,-4.909,0.917,
600996,贵广网络,20.68,-4.912,0.933,
600732,ST新梅,31.13,-4.913,0.74,
000090,天健集团,15.99,-4.922,0.663,
002915,中欣氟材,85.84,-4.948,19.91,
601099,太平洋,168.83,-4.955,0.803,
002452,长高集团,30.07,-4.956,1.067,
000531,穗恒运Ａ,23.92,-4.959,0.203,
600599,熊猫金控,373.11,-4.969,0.433,
000536,华映科技,54.11,-4.972,0.46,
002817,黄山胶囊,45.7,-4.973,1.513,
601333,广深铁路,27.39,-4.987,0.333,
002591,恒大高新,0.0,-5.006,0.423,
600522,中天科技,19.11,-5.015,1.117,
600900,长江电力,14.96,-5.017,0.14,
002516,旷达科技,21.46,-5.018,0.797,
002625,光启技术,321.97,-5.038,0.917,
300308,中际旭创,202.03,-5.091,1.153,
600889,南京化纤,23.07,-5.098,0.89,
002064,华峰氨纶,21.63,-5.098,0.477,
600478,科力远,386.52,-5.104,0.477,
000553,沙隆达Ａ,15.99,-5.109,1.23,
600475,华光股份,16.4,-5.11,0.877,
600596,新安股份,30.31,-5.116,2.803,
002554,惠博普,40.6,-5.125,1.16,
000988,华工科技,44.4,-5.125,1.053,
002609,捷顺科技,58.98,-5.131,0.857,
600984,建设机械,34.33,-5.139,0.683,
000059,华锦股份,8.83,-5.151,0.82,
601800,中国交建,13.35,-5.151,0.087,
002003,伟星股份,17.59,-5.154,0.477,
000596,古井贡酒,28.13,-5.16,0.493,
600207,安彩高科,818.6,-5.168,4.383,
002879,长缆科技,37.29,-5.188,9.11,
600160,巨化股份,23.31,-5.19,2.513,
600392,盛和资源,42.68,-5.195,3.977,
300137,先河环保,52.28,-5.2,5.567,
000760,斯太尔,40.71,-5.201,0.89,
600773,西藏城投,112.31,-5.202,0.63,
601949,中国出版,58.36,-5.212,2.813,
300407,凯发电气,39.97,-5.213,3.393,
600236,桂冠电力,13.84,-5.22,0.18,
600362,江西铜业,28.49,-5.237,1.123,
002119,康强电子,55.12,-5.259,0.577,
002462,嘉事堂,22.57,-5.261,0.607,
000750,国海证券,24.34,-5.268,0.29,
600373,中文传媒,14.47,-5.278,0.59,
600909,华安证券,31.58,-5.294,0.577,
002333,罗普斯金,0.0,-5.296,0.277,
002372,伟星新材,24.56,-5.297,0.357,
600745,闻泰科技,46.08,-5.297,0.777,
300072,三聚环保,21.77,-5.305,0.81,
600835,上海机电,15.56,-5.306,0.66,
002599,盛通股份,56.86,-5.311,0.48,
600959,江苏有线,29.98,-5.327,0.34,
002547,春兴精工,0.0,-5.328,3.757,
600781,辅仁药业,653.44,-5.329,0.597,
600663,陆家嘴,32.46,-5.333,0.087,
300709,精研科技,33.0,-5.335,6.917,
002239,奥特佳,33.31,-5.337,0.397,
600892,大晟文化,43.11,-5.359,1.34,
600658,电子城,28.34,-5.362,0.467,
002337,赛象科技,34.14,-5.363,0.323,
000669,金鸿控股,21.34,-5.372,0.46,
300684,中石科技,125.82,-5.376,29.197,
600795,国电电力,18.06,-5.378,0.203,
002008,大族激光,28.18,-5.381,1.087,
002282,博深工具,84.48,-5.384,2.707,
300725,药石科技,109.39,-5.391,13.327,
300242,明家联合,21.25,-5.391,2.78,
002508,老板电器,27.43,-5.395,1.4,
600839,四川长虹,64.85,-5.398,0.55,
601019,山东出版,16.47,-5.409,7.693,
002391,长青股份,21.75,-5.411,0.777,
000800,一汽轿车,42.5,-5.415,0.777,
000514,渝 开 发,69.24,-5.425,0.647,
002197,证通电子,168.08,-5.428,1.173,
002448,中原内配,19.51,-5.428,0.587,
601919,中远海控,16.58,-5.432,0.35,
300276,三丰智能,573.44,-5.436,2.453,
002597,金禾实业,13.6,-5.45,1.557,
600977,中国电影,32.59,-5.454,1.367,
300473,德尔股份,33.89,-5.471,1.11,
600497,驰宏锌锗,28.21,-5.472,0.833,
002763,汇洁股份,15.54,-5.475,0.867,
600155,宝硕股份,54.72,-5.476,0.903,
000856,冀东装备,294.02,-5.478,7.597,
300426,唐德影视,47.54,-5.483,2.75,
601169,北京银行,7.08,-5.497,0.13,
600654,*ST中安,0.0,-5.507,1.453,
601128,常熟银行,13.19,-5.51,1.363,
002564,天沃科技,21.02,-5.524,0.59,
000811,冰轮环境,15.69,-5.537,0.47,
000657,中钨高新,40.88,-5.556,1.003,
000755,*ST三维,0.0,-5.559,0.277,
000881,中广核技,39.63,-5.586,0.85,
601108,财通证券,34.04,-5.59,7.01,
600115,东方航空,9.79,-5.591,0.607,
000913,钱江摩托,107.49,-5.595,0.407,
000980,众泰汽车,31.12,-5.606,1.137,
601952,苏垦农发,24.25,-5.61,8.207,
600605,汇通能源,95.19,-5.613,1.097,
300438,鹏辉能源,25.85,-5.614,1.36,
600649,城投控股,11.52,-5.628,0.283,
300431,暴风集团,321.28,-5.633,7.713,
600538,国发股份,0.0,-5.644,0.853,
600563,法拉电子,25.52,-5.648,0.643,
000037,深南电A,270.98,-5.66,2.157,
002117,东港股份,24.21,-5.681,0.723,
300570,太辰光,40.18,-5.681,2.97,
002099,海翔药业,22.64,-5.688,0.393,
600018,上港集团,14.28,-5.706,0.117,
600597,光明乳业,25.23,-5.723,1.0,
002218,拓日新能,30.36,-5.724,0.723,
600193,创兴资源,0.0,-5.727,1.227,
600031,三一重工,25.29,-5.735,0.993,
600507,方大特钢,8.59,-5.741,3.147,
002182,云海金属,26.64,-5.744,1.407,
600820,隧道股份,14.72,-5.748,0.26,
600057,象屿股份,17.72,-5.753,0.307,
300263,隆华节能,77.92,-5.755,1.87,
002586,围海股份,36.0,-5.761,0.91,
002185,华天科技,31.63,-5.766,2.067,
300118,东方日升,18.17,-5.767,0.87,
000835,长城动漫,50.68,-5.772,0.907,
002091,江苏国泰,15.45,-5.785,0.857,
600510,黑牡丹,22.97,-5.798,0.267,
002501,利源精制,17.36,-5.802,0.6,
300695,兆丰股份,31.32,-5.803,3.257,
002058,威 尔 泰,0.0,-5.816,1.107,
300467,迅游科技,131.81,-5.827,1.757,
601888,中国国旅,41.22,-5.83,0.767,
002387,黑牛食品,0.0,-5.832,1.103,
002348,高乐股份,74.63,-5.833,0.73,
601318,中国平安,13.62,-5.845,1.207,
000815,美利云,1769.55,-5.853,1.283,
002820,桂发祥,32.25,-5.857,1.087,
600770,综艺股份,188.75,-5.859,0.97,
601939,建设银行,7.92,-5.861,2.243,
600897,厦门空港,13.85,-5.864,0.273,
000524,岭南控股,34.82,-5.875,0.487,
002562,兄弟科技,22.83,-5.879,1.397,
601866,中远海发,23.38,-5.89,0.103,
601908,京运通,19.78,-5.911,0.25,
601595,上海电影,33.34,-5.915,1.11,
002730,电光科技,66.49,-5.917,0.563,
002552,宝鼎科技,0.0,-5.931,0.907,
000030,富奥股份,10.76,-5.931,0.257,
000552,靖远煤电,14.41,-5.934,0.61,
600177,雅戈尔,8.44,-5.937,0.187,
002907,华森制药,122.18,-5.943,33.227,
000790,泰合健康,20.29,-5.944,5.06,
300201,海伦哲,59.85,-5.945,0.563,
002725,跃岭股份,77.78,-5.956,0.89,
000725,京东方Ａ,21.64,-5.961,1.583,
002081,金 螳 螂,17.78,-5.968,0.547,
002142,宁波银行,9.99,-5.969,0.813,
600112,*ST天成,100.51,-5.982,1.243,
002602,世纪华通,48.74,-5.989,0.163,
002573,清新环境,19.42,-5.996,1.36,
002080,中材科技,22.38,-5.998,1.617,
000005,世纪星源,0.0,-6.002,0.717,
000923,河北宣工,35.88,-6.024,2.68,
000751,锌业股份,38.61,-6.026,0.547,
000852,石化机械,0.0,-6.026,1.393,
002195,二三四五,20.22,-6.033,1.323,
600743,华远地产,12.78,-6.035,0.527,
300591,万里马,79.62,-6.039,4.067,
000581,威孚高科,9.18,-6.042,1.137,
300649,杭州园林,189.44,-6.05,22.477,
300120,经纬电材,137.61,-6.062,0.887,
002869,金溢科技,46.7,-6.066,13.727,
002538,司尔特,33.08,-6.07,0.66,
300054,鼎龙股份,31.37,-6.074,1.577,
002434,万里扬,14.7,-6.081,0.67,
600827,百联股份,21.46,-6.115,0.413,
601918,新集能源,36.66,-6.118,0.397,
600278,东方创业,37.46,-6.119,0.477,
600545,卓郎智能,28.78,-6.124,0.51,
000680,山推股份,62.69,-6.134,0.727,
600066,宇通客车,19.67,-6.139,0.447,
000498,山东路桥,12.43,-6.146,0.85,
300437,清水源,56.59,-6.16,1.367,
002842,翔鹭钨业,58.7,-6.162,2.163,
600871,*ST油服,0.0,-6.166,0.18,
600103,青山纸业,47.89,-6.174,0.58,
300681,英搏尔,47.31,-6.181,5.263,
600595,中孚实业,44.1,-6.2,0.677,
000592,平潭发展,567.04,-6.216,1.09,
600674,川投能源,10.33,-6.22,0.223,
600339,中油工程,32.79,-6.228,0.733,
002688,金河生物,37.91,-6.237,0.337,
601166,兴业银行,5.59,-6.242,0.33,
000559,万向钱潮,27.81,-6.25,0.227,
000418,小天鹅Ａ,27.95,-6.255,0.46,
601012,隆基股份,22.52,-6.26,0.957,
600837,海通证券,15.21,-6.265,0.45,
000883,湖北能源,10.4,-6.269,0.197,
300391,康跃科技,41.5,-6.271,1.757,
002289,宇顺电子,0.0,-6.276,1.067,
600050,中国联通,410.37,-6.304,0.617,
600345,长江通信,19.1,-6.309,1.65,
002595,豪迈科技,19.33,-6.321,0.283,
600559,老白干酒,68.71,-6.321,0.933,
002567,唐人神,18.29,-6.324,1.603,
000060,中金岭南,19.32,-6.326,1.01,
000590,启迪古汉,143.87,-6.332,0.387,
002302,西部建设,147.57,-6.336,1.353,
601788,光大证券,18.74,-6.34,0.267,
601878,浙商证券,39.81,-6.348,4.017,
002660,茂硕电源,198.75,-6.348,0.843,
300133,华策影视,50.81,-6.357,1.337,
600097,开创国际,88.39,-6.366,0.33,
600277,亿利洁能,39.57,-6.389,0.333,
002583,海能达,317.54,-6.397,0.987,
000639,西王食品,30.94,-6.4,0.803,
002369,卓翼科技,304.39,-6.406,3.81,
002813,路畅科技,206.13,-6.418,8.23,
002418,康盛股份,38.8,-6.419,0.943,
002438,江苏神通,65.59,-6.426,0.403,
300582,英飞特,77.76,-6.429,2.523,
600320,振华重工,98.22,-6.44,0.237,
600219,南山铝业,18.2,-6.444,0.627,
002097,山河智能,48.68,-6.445,0.673,
600618,氯碱化工,12.28,-6.463,0.5,
002698,博实股份,60.85,-6.48,0.843,
002087,新野纺织,13.03,-6.492,0.9,
601628,中国人寿,22.55,-6.501,0.067,
600201,生物股份,27.77,-6.502,0.587,
600477,杭萧钢构,16.87,-6.503,0.85,
300451,创业软件,47.42,-6.515,7.57,
600490,鹏欣资源,56.01,-6.521,2.15,
600979,广安爱众,16.33,-6.529,0.487,
600818,中路股份,119.1,-6.53,0.94,
000501,鄂武商Ａ,10.05,-6.54,0.537,
600291,西水股份,6.48,-6.541,1.48,
300415,伊之密,23.94,-6.543,0.72,
000333,美的集团,18.18,-6.558,0.737,
002416,爱施德,24.34,-6.561,0.48,
000683,远兴能源,15.05,-6.568,0.64,
002918,蒙娜丽莎,22.89,-6.599,5.883,
000910,大亚圣象,17.06,-6.601,0.697,
002174,游族网络,31.48,-6.625,1.55,
002484,江海股份,32.12,-6.638,0.673,
600141,兴发集团,27.86,-6.639,1.16,
000036,华联控股,6.8,-6.643,0.893,
002600,领益智造,170.37,-6.647,1.54,
002499,科林环保,55.53,-6.647,0.757,
000848,承德露露,21.29,-6.647,0.6,
002572,索菲亚,34.4,-6.689,1.353,
600509,天富能源,17.53,-6.693,0.357,
002392,北京利尔,33.56,-6.718,1.003,
002745,木林森,30.73,-6.738,0.557,
600071,凤凰光学,116.21,-6.75,0.22,
002377,国创高新,141.14,-6.764,1.057,
600978,宜华生活,12.63,-6.772,0.4,
600408,安泰集团,188.33,-6.802,0.75,
600000,浦发银行,6.11,-6.812,0.1,
600958,东方证券,24.82,-6.812,0.273,
601588,北辰实业,12.96,-6.812,0.31,
002385,大北农,21.83,-6.815,0.94,
600844,丹化科技,21.62,-6.823,0.22,
000062,深圳华强,33.63,-6.843,0.283,
600589,广东榕泰,29.55,-6.852,0.79,
002273,水晶光电,36.1,-6.855,2.057,
002267,陕天然气,22.29,-6.857,0.187,
600199,金种子酒,442.46,-6.859,0.743,
300621,维业股份,34.07,-6.861,3.133,
002083,孚日股份,11.57,-6.861,0.587,
600609,金杯汽车,0.0,-6.864,0.367,
600582,天地科技,28.41,-6.874,0.257,
000413,东旭光电,32.33,-6.884,0.923,
000545,金浦钛业,24.4,-6.887,0.837,
600859,王府井,17.0,-6.89,0.79,
600172,黄河旋风,33.29,-6.893,1.743,
300650,太龙照明,52.41,-6.898,25.307,
000707,双环科技,45.42,-6.898,0.77,
002797,第一创业,71.02,-6.913,3.157,
000420,吉林化纤,65.16,-6.914,0.607,
002845,同兴达,28.43,-6.928,4.03,
300257,开山股份,156.83,-6.946,0.2,
600593,大连圣亚,24.71,-6.948,0.787,
600325,华发股份,14.28,-6.967,1.58,
600280,中央商场,24.94,-6.978,0.66,
300303,聚飞光电,23.53,-6.992,0.983,
601000,唐山港,14.8,-6.999,0.467,
600728,佳都科技,74.66,-7.01,5.733,
600426,华鲁恒升,23.38,-7.013,1.767,
601100,恒立液压,51.71,-7.027,0.317,
002658,雪迪龙,30.84,-7.042,1.37,
002108,沧州明珠,18.9,-7.066,1.23,
600328,兰太实业,19.21,-7.07,1.767,
600126,杭钢股份,10.13,-7.083,0.467,
601669,中国电建,13.53,-7.09,0.517,
002752,昇兴股份,70.88,-7.114,0.85,
000599,青岛双星,35.02,-7.114,0.447,
600908,无锡银行,13.05,-7.122,1.597,
300537,广信材料,45.96,-7.122,2.147,
000603,盛达矿业,33.62,-7.124,1.177,
601398,工商银行,7.59,-7.125,0.15,
002285,世联行,27.71,-7.128,1.567,
300292,吴通控股,29.93,-7.129,1.19,
601058,赛轮金宇,33.42,-7.135,0.387,
600708,光明地产,14.43,-7.138,0.933,
000990,诚志股份,23.59,-7.139,0.657,
300006,莱美药业,54.47,-7.161,1.223,
600238,海南椰岛,724.55,-7.169,1.947,
000049,德赛电池,22.64,-7.201,1.367,
002386,天原集团,40.39,-7.22,1.137,
600896,览海投资,0.0,-7.234,0.363,
600010,包钢股份,53.23,-7.247,0.3,
300241,瑞丰光电,38.44,-7.249,1.57,
601186,中国铁建,9.42,-7.262,0.157,
600026,中远海能,13.02,-7.277,0.21,
002355,兴民智通,68.63,-7.284,1.693,
600722,金牛化工,120.32,-7.296,0.95,
000404,华意压缩,24.8,-7.302,0.787,
002892,科力尔,39.44,-7.311,4.043,
000513,丽珠集团,8.65,-7.32,2.247,
300500,启迪设计,75.33,-7.354,7.747,
002076,雪 莱 特,90.78,-7.358,2.24,
002831,裕同科技,25.78,-7.364,0.733,
300561,汇金科技,56.44,-7.373,6.037,
002809,红墙股份,45.62,-7.383,3.123,
002548,金新农,28.17,-7.394,0.77,
600816,安信信托,14.46,-7.404,0.297,
002342,巨力索具,180.68,-7.418,2.16,
002159,三特索道,452.71,-7.421,0.743,
002036,联创电子,43.06,-7.426,1.473,
600617,国新能源,895.97,-7.431,0.193,
300374,恒通科技,56.49,-7.445,2.817,
000422,湖北宜化,0.0,-7.45,0.743,
002456,欧菲科技,40.04,-7.455,1.247,
002878,元隆雅图,46.77,-7.464,11.567,
600376,首开股份,18.14,-7.464,0.18,
601006,大秦铁路,8.24,-7.466,0.297,
000591,太阳能,15.49,-7.47,0.407,
600638,新黄浦,9.36,-7.471,0.37,
600532,宏达矿业,0.0,-7.482,1.157,
000863,三湘印象,79.04,-7.485,0.237,
002471,中超控股,46.76,-7.495,0.35,
300641,正丹股份,32.71,-7.509,2.55,
600888,新疆众和,39.26,-7.521,0.687,
000507,珠海港,50.42,-7.527,2.533,
002703,浙江世宝,151.37,-7.555,1.787,
002493,荣盛石化,28.24,-7.557,0.49,
002503,搜于特,25.54,-7.558,0.597,
000401,冀东水泥,171.88,-7.559,2.99,
600019,宝钢股份,12.37,-7.56,0.38,
002695,煌上煌,55.46,-7.577,1.163,
601168,西部矿业,61.99,-7.592,0.757,
600643,爱建集团,23.35,-7.6,0.703,
600970,中材国际,16.18,-7.61,1.25,
600228,*ST昌九,0.0,-7.618,0.567,
000625,长安汽车,6.92,-7.625,0.307,
000488,晨鸣纸业,8.93,-7.642,1.673,
002920,德赛西威,31.54,-7.647,3.98,
002251,步 步 高,50.17,-7.663,0.937,
002304,洋河股份,21.84,-7.679,0.407,
300335,迪森股份,24.94,-7.687,2.97,
002677,浙江美大,35.35,-7.691,2.127,
000560,昆百大Ａ,231.35,-7.73,1.053,
000510,金路集团,75.93,-7.733,0.52,
600933,爱柯迪,24.36,-7.735,3.493,
600104,上汽集团,11.71,-7.736,0.287,
600828,茂业商业,10.8,-7.738,0.663,
300343,联创互联,27.16,-7.753,2.597,
600117,西宁特钢,0.0,-7.771,1.64,
600846,同济科技,40.0,-7.771,2.83,
000678,襄阳轴承,301.06,-7.781,0.543,
002556,辉隆股份,28.36,-7.782,1.133,
600761,安徽合力,18.05,-7.791,0.697,
002258,利尔化学,25.88,-7.812,1.093,
002429,兆驰股份,21.99,-7.818,0.433,
300648,星云股份,61.48,-7.85,5.517,
600623,华谊集团,33.62,-7.852,1.83,
000758,中色股份,39.38,-7.857,0.613,
600331,宏达股份,29.81,-7.864,0.317,
002400,省广股份,35.6,-7.866,1.477,
600620,天宸股份,93.42,-7.87,0.41,
600379,宝光股份,47.7,-7.883,0.543,
000778,新兴铸管,18.19,-7.892,0.627,
002455,百川股份,35.39,-7.9,0.987,
600261,阳光照明,14.74,-7.919,0.57,
600699,均胜电子,23.17,-7.938,0.813,
600212,江泉实业,100.85,-7.951,1.263,
000905,厦门港务,46.33,-7.952,0.58,
300363,博腾股份,53.81,-7.967,1.323,
300585,奥联电子,40.84,-7.967,3.833,
601388,怡球资源,21.71,-7.985,0.953,
600448,华纺股份,122.74,-8.005,0.623,
601689,拓普集团,20.46,-8.027,2.25,
002487,大金重工,85.24,-8.032,0.28,
002753,永东股份,21.94,-8.036,1.94,
600875,东方电气,36.67,-8.063,0.483,
002636,金安国纪,17.8,-8.068,1.327,
002735,王子新材,65.37,-8.07,0.717,
601633,长城汽车,20.68,-8.079,0.097,
000878,云南铜业,54.02,-8.115,0.84,
300013,新宁物流,39.81,-8.119,0.99,
600758,红阳能源,13.03,-8.124,0.963,
600851,海欣股份,99.94,-8.124,0.18,
600163,中闽能源,34.81,-8.146,0.443,
002188,ST巴士,13.91,-8.156,2.483,
600527,江南高纤,66.06,-8.166,0.833,
600612,老凤祥,17.94,-8.171,0.463,
300471,厚普股份,38.28,-8.194,2.733,
002308,威创股份,37.92,-8.203,0.74,
000410,沈阳机床,71.18,-8.204,4.66,
600836,界龙实业,100.39,-8.206,0.61,
000839,中信国安,83.5,-8.209,0.753,
002442,龙星化工,58.93,-8.22,0.41,
601137,博威合金,21.25,-8.229,0.55,
300425,环能科技,53.99,-8.241,1.317,
002158,汉钟精机,34.36,-8.251,1.94,
002241,歌尔股份,24.0,-8.267,1.42,
300566,激智科技,53.58,-8.269,2.783,
002891,中宠股份,43.9,-8.287,1.87,
002644,佛慈制药,75.19,-8.308,1.027,
600822,上海物贸,193.21,-8.319,1.727,
601899,紫金矿业,28.89,-8.319,1.713,
000951,中国重汽,10.86,-8.324,0.75,
002449,国星光电,22.63,-8.33,3.327,
002928,华夏航空,42.7,-8.343,22.403,
002616,长青集团,65.13,-8.354,0.653,
002530,金财互联,55.62,-8.355,1.243,
600421,ST仰帆,0.0,-8.364,0.237,
002807,江阴银行,15.76,-8.379,2.06,
600742,一汽富维,14.35,-8.415,0.957,
000008,神州高铁,118.58,-8.434,0.523,
601618,中国中冶,16.51,-8.476,0.127,
600110,诺德股份,42.25,-8.502,1.57,
002856,美芝股份,58.98,-8.531,9.973,
000012,南 玻Ａ,19.63,-8.551,0.533,
002700,新疆浩源,53.08,-8.552,0.34,
600868,梅雁吉祥,52.54,-8.552,1.71,
002033,丽江旅游,18.72,-8.552,0.877,
002494,华斯股份,138.39,-8.563,1.613,
002305,南国置业,395.08,-8.564,0.457,
002463,沪电股份,35.13,-8.568,0.793,
300433,蓝思科技,56.22,-8.569,2.45,
600067,冠城大通,14.74,-8.573,0.36,
002555,三七互娱,24.72,-8.589,0.893,
300097,智云股份,29.6,-8.591,2.913,
600486,扬农化工,26.68,-8.593,1.177,
002521,齐峰新材,25.58,-8.593,0.593,
300355,蒙草生态,17.98,-8.598,2.697,
002862,实丰文化,48.35,-8.598,6.34,
300503,昊志机电,44.84,-8.61,2.15,
002350,北京科锐,173.15,-8.625,1.587,
000600,建投能源,74.05,-8.652,1.97,
000063,中兴通讯,27.39,-8.675,1.477,
002608,江苏国信,14.83,-8.708,0.593,
002759,天际股份,26.22,-8.728,2.717,
002832,比音勒芬,33.22,-8.731,0.733,
300668,杰恩设计,56.99,-8.741,7.927,
600293,三峡新材,19.72,-8.76,1.44,
000001,平安银行,8.18,-8.767,0.697,
002925,盈趣科技,41.43,-8.768,9.09,
600333,长春燃气,0.0,-8.769,0.823,
601009,南京银行,7.04,-8.788,0.797,
600395,盘江股份,11.79,-8.799,0.473,
002042,华孚时尚,14.85,-8.799,0.29,
600660,福耀玻璃,19.11,-8.823,0.723,
601678,滨化股份,13.06,-8.826,1.963,
002911,佛燃股份,41.58,-8.843,12.223,
601872,招商轮船,32.0,-8.847,0.11,
601231,环旭电子,20.97,-8.852,0.427,
002534,杭锅股份,15.7,-8.858,0.52,
601005,重庆钢铁,65.2,-8.896,0.263,
000788,北大医药,109.69,-8.921,1.107,
601600,中国铝业,51.9,-8.941,1.863,
600780,通宝能源,205.13,-8.979,0.307,
600717,天津港,19.74,-9.003,0.403,
000518,四环生物,140.33,-9.054,0.41,
600075,新疆天业,9.88,-9.055,0.577,
601088,中国神华,9.33,-9.072,0.217,
002009,天奇股份,52.47,-9.073,2.527,
000096,广聚能源,42.96,-9.078,0.107,
600966,博汇纸业,9.25,-9.087,0.957,
600985,雷鸣科化,33.91,-9.12,1.983,
600720,祁连山,14.03,-9.125,3.533,
600307,酒钢宏兴,16.96,-9.133,0.47,
000088,盐 田 港,37.28,-9.149,0.35,
002444,巨星科技,21.83,-9.162,0.867,
000727,华东科技,925.66,-9.162,1.14,
002078,太阳纸业,15.55,-9.163,0.7,
002519,银河电子,38.65,-9.165,0.717,
002067,景兴纸业,9.89,-9.177,1.283,
601225,陕西煤业,7.09,-9.178,0.707,
300031,宝通科技,25.62,-9.189,1.057,
002232,启明信息,77.98,-9.201,2.623,
000050,深天马Ａ,39.58,-9.204,1.093,
601699,潞安环能,12.38,-9.219,1.907,
601567,三星医疗,22.74,-9.227,0.19,
002157,正邦科技,19.0,-9.23,0.893,
600029,南方航空,17.25,-9.238,1.867,
000895,双汇发展,19.46,-9.245,0.567,
000426,兴业矿业,33.85,-9.263,1.183,
300275,梅安森,51.33,-9.268,2.79,
002379,宏创控股,107.84,-9.292,0.567,
600188,兖州煤业,9.77,-9.32,1.073,
000937,冀中能源,16.19,-9.347,0.45,
300314,戴维医疗,55.04,-9.367,1.407,
600074,ST保千里,9.2,-9.372,2.543,
600747,*ST大控,46.4,-9.38,0.817,
002913,奥士康,39.03,-9.397,11.0,
000958,东方能源,67.12,-9.402,1.71,
000100,TCL 集团,18.4,-9.412,0.74,
601015,陕西黑猫,38.33,-9.423,0.693,
600917,重庆燃气,29.54,-9.425,0.173,
002136,安 纳 达,18.28,-9.428,2.917,
000933,神火股份,12.16,-9.435,2.41,
300737,科顺股份,39.68,-9.437,6.24,
600740,山西焦化,122.07,-9.452,5.527,
000995,皇台酒业,0.0,-9.47,1.013,
600197,伊力特,23.68,-9.491,1.62,
600068,葛洲坝,11.55,-9.5,0.773,
300320,海达股份,28.85,-9.52,1.653,
600409,三友化工,9.1,-9.521,1.197,
000822,山东海化,9.93,-9.53,1.11,
300644,南京聚隆,53.15,-9.538,25.967,
002132,恒星科技,33.89,-9.555,0.54,
300393,中来股份,31.73,-9.557,0.683,
002167,东方锆业,200.65,-9.56,1.257,
000926,福星股份,8.64,-9.571,1.043,
300693,盛弘股份,52.09,-9.578,8.76,
600123,兰花科创,8.94,-9.593,0.893,
000737,*ST南风,0.0,-9.623,0.417,
002440,闰土股份,19.24,-9.629,2.02,
600567,山鹰纸业,10.39,-9.646,1.263,
300708,聚灿光电,59.62,-9.663,15.62,
601898,中煤能源,28.17,-9.671,0.107,
600289,ST信通,0.0,-9.684,1.307,
300612,宣亚国际,109.71,-9.688,24.213,
000543,皖能电力,65.62,-9.69,0.82,
300232,洲明科技,32.66,-9.751,4.88,
000709,河钢股份,12.73,-9.762,0.5,
000921,海信科龙,7.26,-9.774,0.64,
300299,富春股份,43.49,-9.783,2.28,
600997,开滦股份,16.38,-9.805,0.637,
002722,金轮股份,29.68,-9.823,1.387,
600433,冠豪高新,106.93,-9.842,0.683,
000823,超声电子,28.35,-9.849,3.183,
000425,徐工机械,26.49,-9.881,1.073,
600603,广汇物流,30.25,-9.953,1.42,
002112,三变科技,0.0,-9.956,1.94,
000547,航天发展,63.89,-9.992,2.857,
300187,永清环保,56.04,-10.003,3.623,
000708,大冶特钢,11.66,-10.01,0.687,
002027,分众传媒,30.87,-10.022,1.013,
002513,蓝丰生化,25.7,-10.06,0.707,
601155,新城控股,13.1,-10.073,3.287,
000732,泰禾集团,18.59,-10.133,2.387,
002916,深南电路,44.46,-10.142,10.903,
002893,华通热力,64.73,-10.149,10.857,
600258,首旅酒店,32.66,-10.199,1.11,
300104,乐视网,0.0,-10.306,9.293,
002236,大华股份,31.04,-10.307,1.827,
002848,高斯贝尔,251.54,-10.314,4.75,
002330,得利斯,567.83,-10.315,0.843,
002926,华西证券,31.09,-10.323,8.003,
002512,达华智能,131.43,-10.333,3.347,
600499,科达洁能,26.05,-10.334,1.237,
000898,鞍钢股份,7.82,-10.354,0.563,
600025,华能水电,31.78,-10.36,2.953,
601021,春秋航空,17.58,-10.361,0.53,
002153,石基信息,72.98,-10.373,2.65,
300085,银之杰,298.27,-10.414,3.907,
300401,花园生物,65.77,-10.428,2.037,
002912,中新赛克,57.53,-10.448,9.6,
002101,广东鸿图,19.14,-10.51,1.157,
600093,易见股份,20.68,-10.53,6.923,
002032,苏 泊 尔,26.86,-10.544,0.29,
601111,中国国航,22.83,-10.557,0.88,
600787,中储股份,14.62,-10.572,0.807,
600508,上海能源,15.06,-10.574,0.63,
002430,杭氧股份,45.9,-10.587,0.533,
601636,旗滨集团,14.29,-10.59,2.757,
002222,福晶科技,48.65,-10.608,1.86,
600581,八一钢铁,8.67,-10.65,4.43,
000586,汇源通信,2200.76,-10.677,1.213,
300083,劲胜智能,18.67,-10.689,2.147,
000836,鑫茂科技,66.34,-10.705,1.567,
002543,万和电气,25.32,-10.708,0.737,
600703,三安光电,29.82,-10.743,1.407,
600903,贵州燃气,183.95,-10.819,25.943,
600153,建发股份,14.6,-10.841,0.427,
300136,信维通信,37.3,-10.882,1.953,
000928,中钢国际,15.91,-10.926,1.11,
600308,华泰股份,10.33,-11.021,1.57,
600810,神马股份,41.32,-11.023,2.813,
601101,昊华能源,9.74,-11.088,0.69,
000830,鲁西化工,17.96,-11.109,6.04,
600247,ST成城,0.0,-11.155,0.643,
600577,精达股份,23.59,-11.179,1.92,
000807,云铝股份,30.55,-11.189,2.417,
002102,冠福股份,63.67,-11.217,1.583,
002146,荣盛发展,11.92,-11.222,1.42,
002035,华帝股份,37.05,-11.265,1.13,
600887,伊利股份,25.84,-11.278,1.627,
600460,士兰微,115.19,-11.309,6.183,
001965,招商公路,15.48,-11.323,1.787,
600428,中远海特,47.11,-11.341,0.47,
600526,菲达环保,74.83,-11.349,1.147,
000550,江铃汽车,18.82,-11.399,1.82,
000651,格力电器,13.74,-11.408,1.323,
002160,常铝股份,29.01,-11.416,1.087,
600872,中炬高新,39.6,-11.419,1.103,
600295,鄂尔多斯,23.58,-11.521,1.153,
601228,广州港,45.07,-11.616,1.84,
000055,方大集团,17.92,-11.632,1.693,
600048,保利地产,14.8,-11.696,1.42,
002124,天邦股份,22.67,-11.72,0.66,
600216,浙江医药,84.79,-11.728,1.607,
600702,舍得酒业,94.01,-11.765,1.873,
000525,红 太 阳,18.25,-11.766,1.067,
601001,大同煤业,10.17,-11.792,0.603,
000671,阳 光 城,38.54,-11.81,1.47,
300277,海联讯,0.0,-11.819,2.63,
002876,三利谱,62.71,-11.909,4.6,
600808,马钢股份,6.73,-11.953,0.837,
601601,中国太保,21.87,-11.959,0.747,
002517,恺英网络,17.34,-12.14,3.697,
600793,宜宾纸业,22.4,-12.157,0.99,
000858,五 粮 液,27.59,-12.221,1.52,
600352,浙江龙盛,14.6,-12.291,1.583,
600693,东百集团,32.12,-12.301,1.173,
600338,西藏珠峰,18.88,-12.326,2.337,
000761,本钢板材,9.76,-12.326,0.46,
600579,天华院,0.0,-12.345,0.907,
600365,通葡股份,806.01,-12.362,1.733,
601828,美凯龙,16.25,-12.372,4.483,
600233,圆通速递,31.63,-12.372,0.56,
000017,深中华A,0.0,-12.384,1.103,
600695,绿庭投资,118.01,-12.421,0.867,
601336,新华保险,27.21,-12.432,1.117,
002514,宝馨科技,57.4,-12.472,1.497,
600340,华夏幸福,11.95,-12.475,1.263,
601838,成都银行,10.75,-12.486,9.66,
600690,青岛海尔,14.39,-12.508,1.137,
601200,上海环境,25.83,-12.617,1.847,
600789,鲁抗医药,98.31,-12.677,5.19,
002045,国光电器,38.11,-12.695,2.743,
000960,锡业股份,31.06,-12.71,1.803,
002073,软控股份,60.97,-12.733,1.317,
300741,华宝股份,24.4,-12.767,6.763,
002050,三花智控,28.59,-12.796,1.42,
600012,皖通高速,14.3,-12.805,0.213,
002068,黑猫股份,15.48,-12.805,2.237,
002839,张家港行,20.13,-12.909,8.157,
002061,浙江交科,44.02,-12.947,1.337,
000968,蓝焰控股,28.68,-12.985,0.953,
600130,波导股份,0.0,-13.038,2.597,
600175,美都能源,434.78,-13.053,0.753,
000039,中集集团,19.98,-13.097,1.013,
002635,安洁科技,33.54,-13.217,5.09,
300353,东土科技,81.77,-13.26,11.183,
300502,新易盛,41.96,-13.336,3.627,
600671,天目药业,201.3,-13.358,0.73,
600901,江苏租赁,25.62,-13.577,9.27,
002306,*ST云网,0.0,-13.585,0.41,
002594,比亚迪,37.56,-13.7,1.587,
000007,全新好,361.53,-13.747,1.117,
000996,中国中期,125.6,-13.844,6.06,
000959,首钢股份,11.12,-13.931,0.333,
002756,永兴特钢,22.94,-13.954,0.857,
000983,西山煤电,13.56,-14.073,0.913,
002863,今飞凯达,58.47,-14.104,15.447,
600231,凌钢股份,7.51,-14.285,1.28,
000825,太钢不锈,11.44,-14.36,1.617,
000717,韶钢松山,6.01,-14.386,1.927,
002626,金达威,33.77,-14.439,0.99,
002645,华宏科技,36.61,-14.641,1.647,
601666,平煤股份,9.09,-14.699,1.26,
600348,阳泉煤业,11.27,-14.856,1.917,
600782,新钢股份,10.29,-14.861,2.133,
600622,光大嘉宝,26.74,-14.87,0.523,
600741,华域汽车,11.62,-14.876,0.9,
000020,深华发Ａ,9097.25,-14.992,3.573,
000528,柳 工,25.65,-15.004,2.43,
600971,恒源煤电,7.76,-15.153,1.457,
000816,智慧农业,0.0,-15.155,5.237,
002001,新 和 成,35.47,-15.189,1.417,
000006,深振业Ａ,22.45,-15.223,1.73,
002398,建研集团,25.28,-15.43,1.347,
300159,新研股份,42.72,-15.73,4.187,
600610,中毅达,6323.05,-15.848,2.933,
000025,特 力Ａ,204.27,-16.105,2.353,
300626,华瑞股份,41.27,-16.154,1.01,
600282,南钢股份,5.97,-16.848,1.603,
000511,*ST烯碳,0.0,-17.276,,
601003,柳钢股份,9.17,-17.292,0.827,
002496,辉丰股份,14.77,-17.346,4.447,
300492,山鼎设计,267.58,-17.576,6.707,
601360,三六零,4044.5,-17.676,3.647,
002769,普路通,32.98,-17.85,7.69,
002663,普邦股份,44.66,-17.992,1.267,
600569,安阳钢铁,5.97,-18.573,1.91,
600685,中船防务,0.0,-18.96,2.563,
300148,天舟文化,29.76,-19.157,3.873,
300134,大富科技,0.0,-19.214,2.53,
002048,宁波华翔,12.27,-19.374,3.627,
002086,东方海洋,38.57,-20.621,4.75,
000820,神雾节能,28.6,-22.17,17.243,
300156,神雾环保,16.53,-23.962,10.31,
002742,三圣股份,40.24,-24.354,8.757,
000932,华菱钢铁,5.53,-24.371,1.84,
600150,中国船舶,0.0,-29.558,2.547,
600715,文投控股,46.48,-31.045,3.06,
002427,ST尤夫,30.15,-34.495,0.017,
601700,风范股份,28.47,-36.139,2.37,
000509,华塑控股,0.0,-36.494,2.863,
000663,永安林业,106.5,-40.142,5.053,
002321,华英农业,60.76,-40.165,14.093,
600179,安通控股,30.13,-40.681,12.383,
300064,豫金刚石,44.47,-40.975,3.523,
000693,*ST华泽,0.0,-41.811,0.027,
600634,富控互动,66.85,-42.755,9.073,
300278,华昌达,72.21,-46.727,0.567,
603067,振华股份,28.89,,,
603488,展鹏科技,60.93,,,
603918,金桥信息,364.76,,,
603577,汇金通,46.53,,,
603168,莎普爱思,18.87,,,
603722,阿科力,54.2,,,
603058,永吉股份,99.13,,,
603229,奥翔药业,71.3,,,
603223,恒通股份,46.87,,,
603283,赛腾股份,41.48,,,
603633,徕木股份,40.99,,,
603266,天龙股份,31.83,,,
603506,南都物业,45.47,,,
603712,七一二,272.8,,,
603289,泰瑞机器,41.85,,,
603036,如通股份,81.36,,,
603028,赛福天,69.0,,,
603803,瑞斯康达,43.96,,,
603029,天鹅股份,0.0,,,
603628,清源股份,53.27,,,
603966,法兰泰克,41.61,,,
603355,莱克电气,36.29,,,
603767,中马传动,42.69,,,
603969,银龙股份,46.27,,,
603833,欧派家居,46.99,,,
603367,辰欣药业,31.62,,,
603895,天永智能,59.92,,,
603829,洛凯股份,52.84,,,
603357,设计总院,28.89,,,
603916,苏博特,35.15,,,
603878,武进不锈,28.16,,,
603218,日月股份,32.15,,,
603937,丽岛新材,46.74,,,
603855,华荣股份,43.33,,,
603679,华体科技,57.31,,,
603090,宏盛股份,61.48,,,
603997,继峰股份,28.0,,,
603079,圣达生物,44.21,,,
603869,北部湾旅,29.15,,,
603856,东宏股份,25.18,,,
603368,柳州医药,22.76,,,
603963,大理药业,65.31,,,
603298,杭叉集团,18.25,,,
603269,海鸥股份,102.8,,,
603006,联明股份,25.12,,,
603129,春风动力,31.0,,,
603683,晶华新材,66.55,,,
603879,永悦科技,44.56,,,
603131,上海沪工,47.0,,,
603110,东方材料,40.01,,,
603527,众源新材,37.46,,,
603378,亚士创能,35.99,,,
603589,口子窖,21.55,,,
603356,华菱精工,49.92,,,
603277,银都股份,23.89,,,
603396,金辰股份,35.09,,,
603707,健友股份,42.17,,,
603189,网达软件,132.72,,,
603823,百合花,30.36,,,
603320,迪贝电气,40.59,,,
603800,道森股份,104.08,,,
603557,起步股份,47.64,,,
603321,梅轮电梯,40.61,,,
603809,豪能股份,21.93,,,
603680,今创集团,30.79,,,
603507,振江股份,27.25,,,
603727,博迈科,43.82,,,
603536,惠发股份,37.2,,,
603331,百达精工,34.44,,,
603612,索通发展,18.9,,,
603278,大业股份,27.05,,,
603080,新疆火炬,64.74,,,
603050,科林电气,77.71,,,
603369,今世缘,18.79,,,
603703,盛洋科技,74.39,,,
603617,君禾股份,40.02,,,
603258,电魂网络,41.43,,,
603685,晨丰科技,25.44,,,
603709,中源家居,36.63,,,
603030,全筑股份,66.05,,,
603516,淳中科技,54.34,,,
603976,正川股份,30.41,,,
603303,得邦照明,22.99,,,
603725,天安新材,57.42,,,
603118,共进股份,34.82,,,
603928,兴业股份,23.54,,,
603225,新凤鸣,13.61,,,
603316,诚邦股份,41.02,,,
603528,多伦科技,45.97,,,
603912,佳力图,52.41,,,
603985,恒润股份,30.21,,,
603103,横店影视,40.73,,,
603389,亚振家居,43.71,,,
603180,金牌厨柜,64.67,,,
603300,华铁科技,65.65,,,
603607,京华激光,39.53,,,
603900,莱绅通灵,28.99,,,
603183,建研院,76.38,,,
603901,永创智能,43.15,,,
603615,茶花股份,30.56,,,
603169,兰石重装,359.29,,,
601968,宝钢包装,0.0,,,
603813,原尚股份,49.12,,,
603016,新宏泰,66.37,,,
603848,好太太,37.86,,,
603819,神力股份,53.91,,,
603711,香飘飘,78.09,,,
603038,华立股份,27.69,,,
603031,安德利,57.52,,,
603015,弘讯科技,44.88,,,
603701,德宏股份,26.81,,,
603089,正裕工业,28.9,,,
603003,龙宇燃油,82.27,,,
603917,合力科技,37.13,,,
603156,养元饮品,18.5,,,
603466,风语筑,40.4,,,
603861,白云电器,53.61,,,
603133,碳元科技,97.64,,,
603729,龙韵股份,170.49,,,
603586,金麒麟,23.61,,,
603777,来伊份,54.05,,,
601966,玲珑轮胎,22.15,,,
603922,金鸿顺,32.24,,,
603161,科华控股,31.58,,,
603179,新泉股份,24.98,,,
603085,天成自控,85.68,,,
603866,桃李面包,42.78,,,
603605,珀莱雅,36.68,,,
603677,奇精机械,32.31,,,
603308,应流股份,72.47,,,
603063,禾望电气,26.45,,,
603958,哈森股份,90.59,,,
603043,广州酒家,27.98,,,
603456,九洲药业,50.97,,,
603599,广信股份,18.87,,,
603776,永安行,58.27,,,
603023,威帝股份,61.65,,,
603421,鼎信通讯,30.19,,,
603890,春秋电子,29.04,,,
603178,圣龙股份,27.7,,,
603885,吉祥航空,15.99,,,
603335,迪生力,58.44,,,
603598,引力传媒,87.12,,,
603208,江山欧派,21.89,,,
603009,北特科技,74.05,,,
603188,亚邦股份,12.63,,,
603789,星光农机,48.46,,,
603859,能科股份,66.32,,,
603159,上海亚虹,52.4,,,
603128,华贸物流,26.29,,,
603329,上海雅仕,59.97,,,
603228,景旺电子,30.23,,,
603313,梦百合,28.93,,,
603196,日播时尚,40.68,,,
603602,纵横通信,104.46,,,
603086,先达股份,24.65,,,
603811,诚意药业,40.99,,,
603041,美思德,35.67,,,
603088,宁波精达,71.28,,,
603661,恒林股份,23.93,,,
603716,塞力斯,50.01,,,
601999,出版传媒,27.65,,,
603505,金石资源,77.65,,,
603668,天马科技,33.54,,,
603611,诺力股份,24.26,,,
603076,乐惠国际,32.68,,,
603689,皖天然气,31.2,,,
603365,水星家纺,30.79,,,
601992,金隅集团,15.28,,,
603728,鸣志电器,41.76,,,
603338,浙江鼎力,38.87,,,
601969,海南矿业,313.78,,,
603359,东珠景观,32.6,,,
603676,卫信康,74.3,,,
603319,湘油泵,26.71,,,
603808,歌力思,25.36,,,
603920,世运电路,30.27,,,
603500,祥和实业,36.41,,,
603017,中衡设计,25.02,,,
603585,苏利股份,19.38,,,
603818,曲美家居,27.12,,,
603898,好莱客,25.93,,,
603117,万林股份,35.6,,,
603766,隆鑫通用,15.26,,,
603999,读者传媒,58.91,,,
603860,中公高科,103.99,,,
603026,石大胜华,22.27,,,
603385,惠达卫浴,21.17,,,
603315,福鞍股份,83.53,,,
603883,老百姓,54.16,,,
603737,三棵树,58.19,,,
603020,爱普股份,19.98,,,
603081,大丰实业,55.35,,,
603871,嘉友国际,23.44,,,
603499,翔港科技,58.53,,,
603826,坤彩科技,42.1,,,
603518,维格娜丝,20.63,,,
603157,拉夏贝尔,17.35,,,
603600,永艺股份,24.0,,,
603960,克来机电,86.66,,,
603100,川仪股份,27.09,,,
603980,吉华集团,22.77,,,
603322,超讯通信,145.67,,,
603458,勘设股份,22.42,,,
603630,拉芳家化,30.98,,,
603886,元祖股份,16.51,,,
603002,宏昌电子,63.63,,,
603167,渤海轮渡,13.67,,,
603730,岱美股份,23.47,,,
603908,牧高笛,28.89,,,
603139,康惠制药,51.52,,,
603569,长久物流,28.52,,,
603979,金诚信,24.56,,,
603717,天域生态,56.99,,,
603619,中曼石油,33.79,,,
603688,石英股份,44.65,,,
603059,倍加洁,49.14,,,
603825,华扬联众,106.1,,,
603116,红蜻蜓,17.24,,,
603286,日盈电子,86.86,,,
603839,安正时尚,23.87,,,
603040,新坐标,40.43,,,
603126,中材节能,46.49,,,
603477,振静股份,54.51,,,
603166,福达股份,32.18,,,
603588,高能环境,42.82,,,
603012,创力集团,31.97,,,
601996,丰林集团,34.59,,,
603655,朗博科技,74.84,,,
603936,博敏电子,51.97,,,
603311,金海环境,37.11,,,
603868,飞科电器,30.13,,,
603987,康德莱,30.69,,,
603726,朗迪集团,24.26,,,
603906,龙蟠科技,30.53,,,
603838,四通股份,56.7,,,
603165,荣晟环保,16.38,,,
601998,中信银行,7.46,,,
603880,南卫股份,42.59,,,
603609,禾丰牧业,16.64,,,
603055,台华新材,21.51,,,
603608,天创时尚,24.28,,,
601985,中国核电,19.06,,,
603388,元成股份,46.4,,,
603181,皇马科技,32.59,,,
603977,国泰集团,47.11,,,
603098,森特股份,35.55,,,
603323,吴江银行,13.91,,,
603123,翠微股份,37.81,,,
603558,健盛集团,30.13,,,
603678,火炬电子,51.54,,,
603330,上海天洋,88.31,,,
603896,寿仙谷,92.02,,,
603056,德邦股份,43.22,,,
603787,新日股份,29.79,,,
603198,迎驾贡酒,21.18,,,
603660,苏州科达,67.59,,,
603568,伟明环保,28.9,,,
603797,联泰环保,60.77,,,
603801,志邦股份,44.85,,,
603816,顾家家居,32.4,,,
603567,珍宝岛,24.72,,,
603444,吉比特,20.12,,,
603919,金徽酒,24.92,,,
603889,新澳股份,26.01,,,
603339,四方冷链,28.6,,,
603007,花王股份,27.44,,,
603909,合诚股份,46.6,,,
603626,科森科技,32.05,,,
601997,贵阳银行,7.85,,,
603535,嘉诚国际,28.81,,,
603601,再升科技,50.5,,,
603260,合盛硅业,33.33,,,
601989,中国重工,81.05,,,
603858,步长制药,23.11,,,
603903,中持股份,54.88,,,
601988,中国银行,6.05,,,
603011,合锻智能,72.26,,,
603533,掌阅科技,152.81,,,
603580,艾艾精工,65.82,,,
603828,柯利达,52.56,,,
603005,晶方科技,75.1,,,
603669,灵康药业,30.6,,,
603083,剑桥科技,59.73,,,
603926,铁流股份,26.79,,,
603288,海天味业,43.88,,,
603817,海峡环保,42.37,,,
603200,上海洗霸,44.6,,,
603106,恒银金融,37.57,,,
603268,松发股份,54.46,,,
603416,信捷电气,32.29,,,
603798,康普顿,22.87,,,
603778,乾景园林,82.81,,,
601991,大唐发电,26.9,,,
603001,奥康国际,20.88,,,
603136,天目湖,29.38,,,
603158,腾龙股份,31.31,,,
603665,康隆达,49.42,,,
603203,快克股份,36.2,,,
601965,中国汽研,27.37,,,
603077,和邦生物,35.49,,,
603968,醋化股份,27.35,,,
603111,康尼机电,46.7,,,
603758,秦安股份,28.92,,,
603698,航天工程,33.1,,,
603618,杭电股份,49.9,,,
603199,九华旅游,29.13,,,
603377,东方时尚,55.01,,,
603606,东方电缆,77.02,,,
603008,喜临门,26.01,,,
603988,中电电机,117.34,,,
603239,浙江仙通,26.38,,,
603060,国检集团,34.17,,,
603226,菲林格尔,30.34,,,
603027,千禾味业,40.08,,,
603959,百利科技,102.69,,,
603595,东尼电子,68.38,,,
603160,汇顶科技,39.33,,,
603566,普莱柯,52.83,,,
603515,欧普照明,46.89,,,
603018,中设集团,19.64,,,
603555,贵人鸟,76.28,,,
603993,洛阳钼业,85.82,,,
603517,绝味食品,28.58,,,
603699,纽威股份,68.23,,,
603035,常熟汽饰,18.79,,,
603556,海兴电力,24.46,,,
603656,泰禾光电,36.14,,,
603333,明星电缆,185.11,,,
603328,依顿电子,21.6,,,
603991,至正股份,66.95,,,
603037,凯众股份,21.95,,,
603637,镇海股份,56.61,,,
603996,中新科技,54.34,,,
603721,中广天择,34.06,,,
603113,金能科技,16.11,,,
603579,荣泰健康,46.04,,,
603360,百傲化学,25.93,,,
603042,华脉科技,44.47,,,
603383,顶点软件,81.86,,,
603345,安井食品,28.76,,,
603998,方盛制药,40.4,,,
603978,深圳新星,66.61,,,
603955,大千生态,42.78,,,
603887,城地股份,42.63,,,
603843,正平股份,145.43,,,
603822,嘉澳环保,65.97,,,
603718,海利生物,53.46,,,
603696,安记食品,128.82,,,
603690,至纯科技,80.14,,,
603667,五洲新春,42.82,,,
603663,三祥新材,45.22,,,
603659,璞泰来,39.75,,,
603616,韩建河山,0.0,,,
603603,博天环境,57.27,,,
603538,美诺华,56.48,,,
603520,司太立,41.8,,,
603508,思维列控,44.39,,,
603429,集友股份,50.52,,,
603398,邦宝益智,46.08,,,
603393,新天然气,25.36,,,
603318,派思股份,82.39,,,
603309,维力医疗,51.09,,,
603227,雪峰科技,85.04,,,
603222,济民制药,72.99,,,
603066,音飞储存,40.59,,,
603033,三维股份,41.91,,,
603032,德新交运,254.14,,,
603686,龙马环卫,28.01,,,
603387,基蛋生物,40.72,,,
603299,井神股份,34.27,,,
603238,诺邦股份,54.37,,,
603519,立霸股份,40.43,,,
603306,华懋科技,21.81,,,
603069,海汽集团,65.54,,,
603990,麦迪科技,78.97,,,
603877,太平鸟,61.98,,,
603101,汇嘉时代,24.43,,,
603197,保隆科技,27.18,,,
603399,吉翔股份,73.48,,,
603022,新通联,81.81,,,
603000,人民网,568.96,,,
603639,海利尔,21.36,,,
603899,晨光文具,43.23,,,
603989,艾华集团,38.76,,,
603025,大豪科技,35.88,,,
603768,常青股份,27.11,,,
603708,家家悦,32.95,,,
603363,傲农生物,63.94,,,
603638,艾迪精密,44.56,,,
603326,我乐家居,59.0,,,
603788,宁波高发,29.08,,,
603358,华达科技,23.28,,,
603779,威龙股份,82.25,,,
603177,德创环保,115.52,,,
603232,格尔软件,201.72,,,
603888,新华网,49.08,,,
603305,旭升股份,53.53,,,
603186,华正新材,35.69,,,
603337,杰克股份,33.6,,,
603496,恒为科技,45.37,,,
603108,润达医疗,41.13,,,
603881,数据港,72.64,,,
603929,亚翔集成,35.72,,,
603648,畅联股份,40.88,,,
603366,日出东方,43.35,,,
603559,中通国脉,228.23,,,
603501,韦尔股份,133.91,,,
603882,金域医学,71.15,,,
603806,福斯特,24.73,,,
603138,海量数据,80.55,,,
603738,泰晶科技,52.08,,,
603658,安图生物,49.85,,,
603019,中科曙光,110.38,,,
603078,江化微,69.98,,,
603986,兆易创新,85.48,,,
603386,广东骏亚,50.67,,,
603127,昭衍新药,79.86,,,
603757,大元泵业,28.99,,,
603233,大参林,44.45,,,
603636,南威软件,110.28,,,
603933,睿能科技,25.15,,,
603099,长白山,32.86,,,
603970,中农立华,38.5,,,
603939,益丰药房,66.15,,,
603938,三孚股份,40.41,,,
603010,万盛股份,56.7,,,
603039,泛微网络,79.98,,,
603799,华友钴业,46.6,,,
603021,山东华鹏,112.13,,,
603096,新经典,40.21,,,
603380,易德龙,36.98,,,
603336,宏辉果蔬,48.03,,,
603578,三星新材,55.47,,,
603897,长城科技,0.0,,,
603876,鼎胜新材,0.0,,,
603773,沃格光电,0.0,,,
603733,仙鹤股份,0.0,,,
603596,伯特利,0.0,,,
603301,振德医疗,0.0,,,
603214,爱婴室,0.0,,,
300504,天邑股份,0.0,,,
002931,锋龙股份,0.0,,,
