,ts_code,name,industry,COL_WEIGHT_RISE_EFFICIENCY,COL_WEIGHT_MIN_INDEX,COL_WEIGHT_MAX_INDEX,COL_CURRENT_PRICE,circ_mv
817,002356.SZ,赫美集团,其他商业,11.65,16.0,0.0,17.15,823610.5744
1206,002750.SZ,龙津药业,中成药,8.48,27.0,0.0,17.33,688500.669
2673,600651.SH,飞乐音响,电器仪表,6.22,26.0,0.0,6.43,633496.4613
2651,600624.SH,复旦复华,综合类,4.53,27.0,0.0,12.09,827816.8201
2205,600088.SH,中视传媒,影视音像,4.26,26.0,0.0,18.51,736154.5464
2381,600290.SH,华仪电气,电气设备,4.06,27.0,0.0,8.83,670994.8002
2210,600094.SH,大名城,区域地产,3.73,27.0,0.0,6.9,1570857.4238
2488,600421.SH,ST仰帆,机械基件,3.67,12.0,0.0,12.16,237849.6
1962,300579.SZ,数字认证,软件服务,3.59,27.0,1.0,40.71,195513.5081
444,000981.SZ,银亿股份,汽车配件,3.52,26.0,1.0,4.5,1158442.02
1858,300471.SZ,厚普股份,专用机械,3.46,27.0,0.0,10.29,281197.4025
2362,600268.SH,国电南自,电气设备,3.25,27.0,0.0,8.68,551393.9047
1407,300016.SZ,北陆药业,中成药,3.25,27.0,1.0,11.23,448851.1412
2825,600818.SH,中路股份,文教休闲,3.23,27.0,0.0,17.42,414522.6792
2190,600072.SH,中船科技,船舶,3.21,18.0,0.0,11.85,711922.8425
261,000715.SZ,中兴商业,百货,3.19,21.0,1.0,10.1,281351.2499
2896,600895.SH,张江高科,园区开发,3.16,26.0,1.0,24.2,3747828.711
1796,300409.SZ,道氏技术,陶瓷,3.12,27.0,0.0,21.84,513244.1845
2326,600226.SH,瀚叶股份,农药化肥,3.11,27.0,0.0,4.48,892805.3147
1587,300198.SZ,纳川股份,塑料,3.1,26.0,0.0,4.48,335331.6709
538,002076.SZ,雪莱特,家用电器,3.06,27.0,0.0,4.66,207543.9406
584,002122.SZ,*ST天马,机械基件,3.04,26.0,0.0,2.82,333958.6833
1925,300539.SZ,横河模具,塑料,2.97,30.0,0.0,13.91,84661.9854
2183,600064.SH,南京高科,园区开发,2.89,26.0,1.0,12.35,1526406.7567
236,000682.SZ,东方电子,电气设备,2.85,28.0,1.0,5.94,580942.1693
3258,603222.SH,济民制药,化学制药,2.83,30.0,0.0,25.46,814720.0
1574,300184.SZ,力源信息,元器件,2.76,27.0,0.0,12.87,398192.8849
2027,300647.SZ,超频三,元器件,2.74,27.0,1.0,18.08,141623.352
1509,300119.SZ,瑞普生物,生物制药,2.72,27.0,0.0,13.59,278246.5211
2639,600612.SH,老凤祥,服饰,2.69,2.0,0.0,42.37,1343593.5023
451,000990.SZ,诚志股份,化工原料,2.69,27.0,0.0,19.02,737372.5791
2355,600259.SH,广晟有色,小金属,2.67,26.0,0.0,35.65,934467.233
12,000016.SZ,深康佳A,家用电器,2.66,27.0,0.0,5.65,902064.4795
1077,002617.SZ,露笑科技,电气设备,2.66,28.0,1.0,5.37,562032.0219
3192,603081.SH,大丰实业,专用机械,2.66,29.0,0.0,19.15,148845.7688
1721,300332.SZ,天壕环境,环境保护,2.63,26.0,0.0,6.03,428132.494
464,002002.SZ,鸿达兴业,化工原料,2.61,27.0,0.0,5.52,1407134.2688
1729,300340.SZ,科恒股份,元器件,2.61,27.0,0.0,22.79,348800.5557
3220,603131.SH,上海沪工,专用机械,2.59,26.0,1.0,25.99,129950.0
68,000159.SZ,国际实业,石油贸易,2.58,27.0,0.0,7.27,349458.7169
1956,300572.SZ,安车检测,电器仪表,2.58,27.0,0.0,76.31,430278.0557
995,002535.SZ,林州重机,工程机械,2.58,26.0,1.0,4.87,287561.7273
395,000917.SZ,电广传媒,影视音像,2.57,26.0,0.0,9.9,1281693.5515
452,000993.SZ,闽东电力,水力发电,2.57,28.0,0.0,7.83,292059.0
1615,300226.SZ,上海钢联,互联网,2.56,29.0,0.0,84.4,1280855.2862
342,000831.SZ,五矿稀土,小金属,2.55,28.0,0.0,14.0,1373244.5734
1338,002892.SZ,科力尔,电气设备,2.54,29.0,1.0,44.48,117142.528
1172,002714.SZ,牧原股份,农业综合,2.53,30.0,0.0,58.28,6944328.7009
1702,300313.SZ,天山生物,农业综合,2.51,27.0,1.0,7.72,140622.6688
2264,600156.SH,华升股份,纺织,2.5,29.0,0.0,7.41,297964.0302
2034,300654.SZ,世纪天鸿,出版业,2.49,27.0,0.0,27.81,172668.8138
2745,600730.SH,中国高科,综合类,2.48,26.0,0.0,7.0,410659.2014
2858,600856.SH,中天能源,供气供热,2.48,26.0,1.0,4.87,654246.5418
1917,300531.SZ,优博讯,软件服务,2.46,26.0,1.0,24.21,295352.316
1143,002683.SZ,宏大爆破,化工原料,2.45,27.0,0.0,13.3,795225.7477
1955,300571.SZ,平治信息,互联网,2.42,27.0,0.0,63.62,438615.366
1379,002938.SZ,鹏鼎控股,元器件,2.41,27.0,1.0,27.34,631945.1862
2567,600530.SH,交大昂立,医疗保健,2.41,26.0,0.0,6.69,521820.0
670,002208.SZ,合肥城建,区域地产,2.41,21.0,0.0,14.26,455282.9386
2982,601113.SH,华鼎股份,化纤,2.38,21.0,0.0,10.29,857208.45
5,000007.SZ,全新好,酒店餐饮,2.35,27.0,0.0,7.92,244686.8508
158,000571.SZ,新大洲A,综合类,2.35,26.0,0.0,4.09,329844.8288
1973,300590.SZ,移为通信,通信设备,2.35,29.0,1.0,43.19,418943.0
956,002495.SZ,佳隆股份,食品,2.34,27.0,1.0,4.26,290554.345
711,002249.SZ,大洋电机,电气设备,2.33,27.0,0.0,5.28,1211031.4466
2712,600695.SH,绿庭投资,多元金融,2.32,26.0,0.0,7.21,264222.8166
1144,002684.SZ,猛狮科技,电气设备,2.32,26.0,0.0,8.41,339372.9838
1780,300393.SZ,中来股份,塑料,2.3,29.0,1.0,24.33,293365.4589
1299,002851.SZ,麦格米特,电气设备,2.28,28.0,0.0,32.95,559650.3627
1706,300317.SZ,珈伟新能,半导体,2.28,26.0,0.0,7.2,472468.7088
149,000560.SZ,我爱我家,房产服务,2.26,26.0,0.0,7.01,1197311.8408
1329,002883.SZ,中设股份,建筑施工,2.26,27.0,0.0,31.99,99225.5583
474,002012.SZ,凯恩股份,造纸,2.25,27.0,0.0,5.32,248430.8303
661,002199.SZ,东晶电子,元器件,2.25,26.0,0.0,14.0,316590.9376
2694,600677.SH,航天通信,通信设备,2.25,27.0,1.0,16.52,687939.1981
225,000669.SZ,金鸿控股,供气供热,2.25,26.0,0.0,6.7,448857.463
639,002177.SZ,御银股份,电脑设备,2.24,26.0,1.0,4.64,299056.9895
921,002460.SZ,赣锋锂业,小金属,2.24,26.0,0.0,31.46,2518560.1021
1726,300337.SZ,银邦股份,铝,2.23,26.0,1.0,4.55,318818.3075
3431,603666.SH,亿嘉和,专用机械,2.22,26.0,0.0,68.28,167705.6489
1625,300236.SZ,上海新阳,半导体,2.21,27.0,0.0,36.38,692015.1358
313,000795.SZ,英洛华,矿物制品,2.21,27.0,0.0,5.52,489277.1883
3207,603108.SH,润达医疗,医药商业,2.19,28.0,0.0,11.16,567242.8303
422,000955.SZ,欣龙控股,纺织,2.18,27.0,0.0,5.81,312805.3163
1347,002902.SZ,铭普光磁,元器件,2.17,27.0,1.0,30.48,220294.2
2706,600689.SH,上海三毛,纺织,2.17,26.0,0.0,12.71,193451.4658
2028,300648.SZ,星云股份,电器仪表,2.16,26.0,0.0,23.0,138095.0774
326,000811.SZ,冰轮环境,工程机械,2.14,26.0,0.0,8.18,534186.1654
904,002443.SZ,金洲管道,钢加工,2.11,26.0,0.0,7.95,403444.2071
321,000803.SZ,金宇车城,纺织,2.11,22.0,0.0,15.73,200920.6947
477,002015.SZ,霞客环保,化纤,2.11,26.0,0.0,6.93,277687.7507
3327,603369.SH,今世缘,白酒,2.1,28.0,0.0,28.38,3560271.0
3345,603456.SH,九洲药业,化学制药,2.09,29.0,1.0,10.13,811365.9674
1893,300506.SZ,名家汇,建筑施工,2.09,27.0,0.0,21.83,292458.0992
2715,600698.SH,湖南天雁,汽车配件,2.09,26.0,1.0,4.46,328752.7811
2559,600521.SH,华海药业,化学制药,2.08,27.0,0.0,16.13,1994432.3926
1461,300071.SZ,华谊嘉信,广告包装,2.08,26.0,1.0,4.36,181813.9345
1439,300048.SZ,合康新能,电气设备,2.08,27.0,1.0,3.22,325387.3717
2862,600860.SH,京城股份,专用机械,2.08,27.0,0.0,7.26,233772.0
2338,600238.SH,*ST椰岛,红黄药酒,2.07,29.0,1.0,9.89,440106.5626
3472,603737.SH,三棵树,染料涂料,2.06,27.0,0.0,57.98,250657.9184
3384,603583.SH,捷昌驱动,电气设备,2.05,29.0,0.0,75.4,227708.0
3016,601231.SH,环旭电子,元器件,2.05,30.0,0.0,14.62,3181200.274
611,002149.SZ,西部材料,小金属,2.05,29.0,0.0,8.93,379827.9717
2468,600392.SH,盛和资源,小金属,2.04,27.0,0.0,12.72,1824394.4317
1044,002584.SZ,西陇科学,化工原料,2.03,27.0,1.0,8.16,310984.341
3218,603128.SH,华贸物流,仓储物流,2.02,26.0,1.0,7.58,723741.8133
2532,600490.SH,鹏欣资源,铜,2.02,27.0,0.0,6.43,958950.7197
218,000661.SZ,长春高新,生物制药,2.01,30.0,0.0,302.0,5134236.9492
1041,002581.SZ,未名医药,生物制药,2.01,26.0,0.0,8.92,357504.4445
2868,600866.SH,星湖科技,食品,2.0,27.0,0.0,4.86,313661.224
1633,300244.SZ,迪安诊断,医疗保健,2.0,27.0,0.0,22.2,927109.1517
886,002425.SZ,凯撒文化,互联网,2.0,27.0,0.0,8.9,715899.6552
3491,603799.SH,华友钴业,小金属,1.99,27.0,0.0,42.04,3446780.5312
2874,600872.SH,中炬高新,食品,1.97,3.0,0.0,32.62,2598630.5268
2703,600686.SH,金龙汽车,汽车整车,1.97,27.0,1.0,10.21,619480.0197
2187,600069.SH,银鸽投资,造纸,1.97,26.0,1.0,3.98,646285.8699
1409,300018.SZ,中元股份,电气设备,1.96,27.0,0.0,7.07,257886.6251
473,002011.SZ,盾安环境,工程机械,1.96,28.0,0.0,6.54,550076.1038
427,000961.SZ,中南建设,建筑施工,1.94,30.0,0.0,9.47,3503746.8228
2234,600119.SH,长江投资,仓储物流,1.94,26.0,1.0,7.98,245305.2
269,000723.SZ,美锦能源,焦炭加工,1.94,27.0,0.0,6.44,696319.4919
1819,300432.SZ,富临精工,汽车配件,1.93,28.0,1.0,7.34,281866.8537
2992,601155.SH,新城控股,区域地产,1.93,30.0,0.0,44.4,9972169.7858
268,000722.SZ,湖南发展,水力发电,1.93,27.0,0.0,8.1,375968.2084
334,000821.SZ,京山轻机,轻工机械,1.92,27.0,0.0,10.64,491672.3465
704,002242.SZ,九阳股份,家用电器,1.92,18.0,0.0,22.93,1747170.9322
519,002057.SZ,中钢天源,元器件,1.92,27.0,0.0,8.58,274253.4683
879,002418.SZ,康盛股份,机械基件,1.91,27.0,0.0,4.71,472699.498
2696,600679.SH,上海凤凰,文教休闲,1.91,27.0,0.0,14.03,323530.3226
1213,002758.SZ,华通医药,医药商业,1.9,27.0,0.0,10.89,195194.0414
3324,603366.SH,日出东方,家用电器,1.9,27.0,0.0,5.37,429600.0
227,000671.SZ,阳光城,区域地产,1.89,30.0,0.0,8.61,3419795.6696
3256,603218.SH,日月股份,工程机械,1.89,16.0,0.0,24.97,248274.3379
126,000533.SZ,顺钠股份,电气设备,1.88,27.0,1.0,4.04,276700.5696
185,000609.SZ,中迪投资,区域地产,1.87,27.0,0.0,7.12,207905.9025
1214,002759.SZ,天际股份,家用电器,1.85,26.0,1.0,9.32,175312.339
232,000678.SZ,襄阳轴承,机械基件,1.85,29.0,0.0,9.24,396469.7324
1568,300178.SZ,腾邦国际,旅游服务,1.84,27.0,1.0,11.0,643960.9253
1481,300091.SZ,金通灵,机械基件,1.83,28.0,0.0,5.46,576378.2989
1736,300347.SZ,泰格医药,医疗保健,1.83,28.0,0.0,65.5,2364032.6483
2103,300725.SZ,药石科技,化工原料,1.83,29.0,0.0,104.48,687625.7272
2259,600150.SH,*ST船舶,船舶,1.83,26.0,0.0,18.9,2604642.2602
1830,300443.SZ,金雷股份,专用机械,1.82,28.0,0.0,17.89,285258.1664
257,000710.SZ,贝瑞基因,医疗保健,1.82,27.0,0.0,46.29,287914.542
330,000816.SZ,*ST慧业,农用机械,1.82,27.0,0.0,2.49,332733.0905
542,002080.SZ,中材科技,化纤,1.81,29.0,0.0,14.1,902400.0
888,002427.SZ,*ST尤夫,化纤,1.81,27.0,0.0,17.0,653913.5408
434,000969.SZ,安泰科技,钢加工,1.8,27.0,0.0,6.8,616060.571
1259,002808.SZ,恒久科技,元器件,1.79,26.0,1.0,17.2,150565.9603
174,000596.SZ,古井贡酒,白酒,1.79,29.0,0.0,100.63,3860166.8
1261,002810.SZ,山东赫达,化工原料,1.79,29.0,0.0,25.72,157900.6664
2092,300713.SZ,英可瑞,电气设备,1.78,26.0,1.0,25.58,109522.9008
2791,600779.SH,水井坊,白酒,1.77,27.0,0.0,44.32,2165234.5335
3198,603090.SH,宏盛股份,专用机械,1.77,26.0,0.0,18.92,76969.0196
49,000065.SZ,北方国际,建筑施工,1.76,27.0,0.0,11.58,728316.6969
2408,600321.SH,*ST正源,其他建材,1.76,27.0,0.0,2.92,441080.6
3463,603721.SH,中广天择,影视音像,1.75,29.0,0.0,24.68,116850.1699
2038,300658.SZ,延江股份,纺织,1.75,26.0,1.0,15.7,65940.0
1234,002780.SZ,三夫户外,其他商业,1.75,29.0,1.0,18.45,148657.9913
1135,002675.SZ,东诚药业,化学制药,1.75,29.0,0.0,13.18,830705.3615
262,000716.SZ,黑芝麻,食品,1.75,27.0,0.0,4.32,267773.3178
808,002347.SZ,泰尔股份,机械基件,1.74,26.0,1.0,4.92,157000.0954
1549,300159.SZ,新研股份,农用机械,1.74,27.0,1.0,6.55,684328.1143
438,000973.SZ,佛塑科技,塑料,1.74,27.0,0.0,5.01,484667.384
2974,601098.SH,中南传媒,出版业,1.74,1.0,0.0,13.09,2350964.0
2297,600192.SH,长城电工,电气设备,1.73,27.0,0.0,7.22,318942.056
2327,600227.SH,圣济堂,农药化肥,1.73,28.0,1.0,4.25,529295.3591
1617,300228.SZ,富瑞特装,化工机械,1.71,27.0,0.0,7.14,289957.3221
2366,600273.SH,嘉化能源,化工原料,1.71,29.0,0.0,13.57,1918435.1803
3217,603127.SH,昭衍新药,医疗保健,1.71,28.0,0.0,79.0,440894.734
751,002290.SZ,中科新材,家用电器,1.7,28.0,0.0,11.17,234926.4626
1922,300536.SZ,农尚环境,建筑施工,1.7,27.0,0.0,12.13,74083.7554
2850,600846.SH,同济科技,综合类,1.7,27.0,0.0,10.2,637256.7463
1772,300385.SZ,雪浪环境,环境保护,1.7,26.0,0.0,18.87,109295.8684
1512,300122.SZ,智飞生物,生物制药,1.69,27.0,0.0,50.97,4430154.5204
61,000150.SZ,宜华健康,医疗保健,1.69,22.0,1.0,13.36,769144.9742
1066,002606.SZ,大连电瓷,电气设备,1.69,27.0,0.0,8.2,331171.2959
2817,600809.SH,山西汾酒,白酒,1.68,29.0,0.0,60.0,5195089.596
2011,300630.SZ,普利制药,化学制药,1.68,27.0,0.0,72.36,716193.9178
2553,600515.SH,海航基础,全国地产,1.68,26.0,0.0,6.53,1082866.874
3532,603882.SH,金域医学,医疗保健,1.67,26.0,0.0,30.96,865763.4833
1266,002816.SZ,和科达,专用机械,1.67,26.0,0.0,22.78,130438.4076
3410,603619.SH,中曼石油,石油开采,1.67,27.0,1.0,19.25,275894.107
831,002370.SZ,亚太药业,化学制药,1.67,27.0,0.0,13.16,535921.8535
42,000056.SZ,皇庭国际,房产服务,1.66,27.0,0.0,6.45,582907.9192
768,002307.SZ,北新路桥,建筑施工,1.66,17.0,0.0,6.84,609930.2016
932,002471.SZ,中超控股,电气设备,1.66,26.0,1.0,3.69,463815.7094
763,002302.SZ,西部建设,水泥,1.65,27.0,0.0,13.61,1686359.0949
2976,601100.SH,恒立液压,工程机械,1.64,27.0,1.0,33.9,2989980.0
2523,600480.SH,凌云股份,汽车配件,1.62,27.0,0.0,11.51,519025.2251
1915,300529.SZ,健帆生物,医疗保健,1.61,27.0,0.0,57.85,620379.2927
3190,603079.SH,圣达生物,食品,1.61,26.0,1.0,21.39,78098.2268
3541,603896.SH,寿仙谷,中成药,1.61,28.0,0.0,39.35,240257.3275
2642,600615.SH,丰华股份,小金属,1.61,27.0,0.0,14.61,274119.4062
780,002319.SZ,乐通股份,染料涂料,1.61,24.0,1.0,13.43,268549.0076
3237,603178.SH,圣龙股份,汽车配件,1.6,27.0,0.0,12.8,65232.64
927,002466.SZ,天齐锂业,小金属,1.59,27.0,0.0,38.99,4429108.0751
1332,002886.SZ,沃特股份,塑料,1.59,26.0,0.0,21.12,104774.2355
1479,300089.SZ,文化长城,陶瓷,1.58,26.0,0.0,7.15,198144.8519
1064,002604.SZ,*ST龙力,食品,1.58,26.0,0.0,2.01,102123.1534
1250,002798.SZ,帝欧家居,家居用品,1.58,30.0,0.0,22.68,356872.6055
1977,300595.SZ,欧普康视,医疗保健,1.58,28.0,0.0,54.4,749742.7475
2857,600855.SH,航天长峰,专用机械,1.58,29.0,1.0,14.87,490954.5
3337,603393.SH,新天然气,供气供热,1.57,26.0,0.0,41.7,398838.3823
360,000868.SZ,安凯客车,汽车整车,1.57,26.0,0.0,4.2,292135.8523
3281,603297.SH,永新光学,电器仪表,1.57,28.0,0.0,61.3,128730.0
1958,300575.SZ,中旗股份,农药化肥,1.56,17.0,0.0,65.28,224504.6112
1671,300282.SZ,三盛教育,文教休闲,1.55,1.0,0.0,13.29,302254.7797
2376,600284.SH,浦东建设,建筑施工,1.55,27.0,1.0,7.17,695673.552
1139,002679.SZ,福建金森,林业,1.55,25.0,0.0,25.0,589390.0
2521,600478.SH,科力远,元器件,1.54,27.0,0.0,6.07,892099.8148
644,002182.SZ,云海金属,小金属,1.54,27.0,0.0,9.02,406750.8647
1896,300509.SZ,新美星,专用机械,1.54,27.0,0.0,14.35,71706.95
1256,002805.SZ,丰元股份,化工原料,1.54,27.0,0.0,18.75,100543.9688
2088,300709.SZ,精研科技,元器件,1.54,26.0,0.0,35.12,198713.7363
3570,603960.SH,克来机电,专用机械,1.54,26.0,0.0,36.42,188677.7725
2591,600560.SH,金自天正,电气设备,1.54,27.0,0.0,10.99,245786.4045
1009,002549.SZ,凯美特气,环境保护,1.53,26.0,0.0,6.76,419278.8093
558,002096.SZ,南岭民爆,化工原料,1.52,27.0,0.0,7.24,268496.848
3363,603519.SH,立霸股份,家用电器,1.52,27.0,0.0,11.31,251013.9884
838,002377.SZ,国创高新,石油加工,1.52,27.0,0.0,5.89,286171.4864
250,000701.SZ,厦门信达,综合类,1.52,27.0,0.0,7.71,313498.6662
307,000788.SZ,北大医药,化学制药,1.52,27.0,0.0,7.16,426725.5722
2999,601177.SH,杭齿前进,机械基件,1.52,27.0,0.0,14.47,578886.82
3221,603133.SH,碳元科技,元器件,1.52,26.0,1.0,21.06,235831.7649
405,000928.SZ,中钢国际,建筑施工,1.51,26.0,0.0,6.03,448124.4332
2149,600018.SH,上港集团,港口,1.51,27.0,1.0,7.25,16800914.1213
214,000655.SZ,*ST金岭,普钢,1.51,27.0,0.0,5.15,306600.2185
1777,300390.SZ,天华超净,元器件,1.51,27.0,0.0,10.37,193822.838
1751,300363.SZ,博腾股份,化学制药,1.51,27.0,1.0,11.34,351401.8618
3071,601678.SH,滨化股份,化工原料,1.5,27.0,0.0,5.92,914284.8
3590,603997.SH,继峰股份,汽车配件,1.5,27.0,1.0,9.84,619920.0
958,002497.SZ,雅化集团,化工原料,1.5,26.0,0.0,8.8,717066.9202
1059,002599.SZ,盛通股份,广告包装,1.5,28.0,1.0,12.35,249808.5073
2226,600111.SH,北方稀土,小金属,1.5,27.0,0.0,11.87,4312449.342
435,000970.SZ,中科三环,元器件,1.5,27.0,0.0,10.38,1105677.6
354,000858.SZ,五粮液,白酒,1.49,30.0,0.0,86.66,32894150.7754
116,000521.SZ,长虹美菱,家用电器,1.49,27.0,0.0,4.15,333054.3046
560,002098.SZ,浔兴股份,服饰,1.49,27.0,1.0,10.64,380912.0
2967,601038.SH,一拖股份,农用机械,1.49,27.0,0.0,5.56,330213.96
2724,600708.SH,光明地产,全国地产,1.48,29.0,1.0,5.2,1157144.4409
3437,603678.SH,火炬电子,元器件,1.48,27.0,0.0,22.03,997223.0879
2682,600662.SH,强生控股,公共交通,1.48,26.0,0.0,5.62,591989.5513
2533,600491.SH,龙元建设,建筑施工,1.48,28.0,0.0,8.71,1099289.1
117,000523.SZ,广州浪奇,日用化工,1.48,27.0,0.0,5.32,333547.8942
2542,600502.SH,安徽水利,建筑施工,1.47,27.0,0.0,5.06,460829.3916
2784,600771.SH,广誉远,中成药,1.46,27.0,0.0,34.21,1034185.9866
561,002099.SZ,海翔药业,化学制药,1.46,27.0,0.0,6.4,1018716.2579
108,000510.SZ,金路集团,化工原料,1.46,27.0,1.0,5.54,304411.453
440,000976.SZ,华铁股份,运输设备,1.46,26.0,1.0,5.42,864163.568
2826,600819.SH,耀皮玻璃,玻璃,1.45,26.0,0.0,5.43,405846.9244
3442,603686.SH,龙马环卫,专用机械,1.45,27.0,0.0,14.89,442079.566
243,000691.SZ,亚太实业,区域地产,1.44,27.0,0.0,5.22,151633.8486
3248,603196.SH,日播时尚,服饰,1.44,26.0,0.0,10.82,70762.8
140,000550.SZ,江铃汽车,汽车整车,1.44,29.0,0.0,21.71,1125505.3644
378,000895.SZ,双汇发展,食品,1.44,5.0,0.0,25.81,8514772.7235
513,002051.SZ,中工国际,建筑施工,1.43,26.0,0.0,16.01,1779074.9073
2161,600031.SH,三一重工,工程机械,1.43,29.0,0.0,12.99,10462428.4896
1999,300618.SZ,寒锐钴业,小金属,1.43,26.0,0.0,84.87,967382.208
2444,600366.SH,宁波韵升,电器仪表,1.43,27.0,0.0,7.24,716118.334
192,000617.SZ,中油资本,多元金融,1.43,29.0,0.0,14.32,411756.1344
624,002162.SZ,悦心健康,医疗保健,1.42,27.0,0.0,3.92,334384.6224
2354,600258.SH,首旅酒店,酒店餐饮,1.42,27.0,0.0,20.99,1311055.0131
353,000856.SZ,冀东装备,机械基件,1.42,27.0,0.0,17.64,400428.0
936,002475.SZ,立讯精密,元器件,1.42,30.0,0.0,23.58,9692540.6359
3080,601777.SH,力帆股份,摩托车,1.42,27.0,1.0,5.1,644688.4393
1984,300602.SZ,飞荣达,元器件,1.41,29.0,0.0,46.25,286750.0
1325,002879.SZ,长缆科技,电气设备,1.41,27.0,0.0,18.56,234931.5631
3304,603330.SH,上海天洋,塑料,1.41,19.0,0.0,24.53,77327.1578
1579,300190.SZ,维尔利,环境保护,1.41,28.0,0.0,6.53,466784.4321
1014,002554.SZ,惠博普,石油开采,1.41,26.0,0.0,3.47,267014.8347
1274,002824.SZ,和胜股份,铝,1.41,27.0,0.0,11.96,88448.4518
1091,002631.SZ,德尔未来,家居用品,1.41,27.0,1.0,8.42,544518.8075
504,002042.SZ,华孚时尚,纺织,1.4,27.0,1.0,7.56,1147392.5816
2655,600630.SH,龙头股份,纺织,1.4,27.0,0.0,8.88,377277.0981
3457,603711.SH,香飘飘,软饮料,1.39,27.0,1.0,26.54,122874.255
1074,002614.SZ,奥佳华,医疗保健,1.39,27.0,0.0,21.08,702469.2497
2828,600821.SH,津劝业,百货,1.39,27.0,1.0,5.05,210215.4536
793,002332.SZ,仙琚制药,生物制药,1.38,27.0,0.0,8.53,771098.0884
1979,300597.SZ,吉大通信,通信设备,1.38,27.0,1.0,16.45,223198.6024
896,002435.SZ,长江润发,化学制药,1.38,27.0,0.0,7.47,225600.8336
364,000877.SZ,天山股份,水泥,1.38,30.0,0.0,10.92,961063.0837
93,000425.SZ,徐工机械,工程机械,1.38,29.0,0.0,4.58,3203051.8348
3199,603096.SH,新经典,出版业,1.38,2.0,0.0,58.9,317577.02
3321,603360.SH,百傲化学,化工原料,1.37,28.0,0.0,20.39,159876.6279
3432,603667.SH,五洲新春,机械基件,1.37,29.0,0.0,10.74,121884.9789
2528,600486.SH,扬农化工,农药化肥,1.37,27.0,1.0,53.72,1664776.9284
1413,300022.SZ,吉峰科技,农用机械,1.36,27.0,0.0,4.79,164191.7455
2727,600712.SH,南宁百货,百货,1.36,26.0,0.0,4.82,259296.467
2869,600867.SH,通化东宝,生物制药,1.36,27.0,0.0,16.25,3174830.217
1108,002648.SZ,卫星石化,化工原料,1.36,27.0,0.0,14.51,1503336.8097
2647,600620.SH,天宸股份,综合类,1.36,30.0,0.0,7.57,519814.5745
2546,600507.SH,方大特钢,特种钢,1.35,27.0,0.0,15.17,2011683.0582
3533,603883.SH,老百姓,医药商业,1.35,29.0,1.0,64.72,1728024.0
1271,002821.SZ,凯莱英,生物制药,1.35,28.0,1.0,96.3,1164635.4438
2659,600636.SH,三爱富,化工原料,1.34,29.0,1.0,16.48,736551.9865
1099,002639.SZ,雪人股份,专用机械,1.34,27.0,0.0,9.41,485748.8909
2773,600759.SH,洲际油气,石油开采,1.33,28.0,0.0,3.5,790364.4063
1127,002667.SZ,鞍重股份,工程机械,1.33,27.0,0.0,8.43,138206.3726
1184,002727.SZ,一心堂,医药商业,1.33,28.0,0.0,26.97,788245.4826
1869,300482.SZ,万孚生物,生物制药,1.32,29.0,0.0,36.01,800715.2271
2301,600197.SH,伊力特,白酒,1.32,27.0,0.0,20.1,886410.0
89,000420.SZ,吉林化纤,化纤,1.32,29.0,0.0,2.71,450667.722
2341,600241.SH,时代万恒,商贸代理,1.32,27.0,0.0,7.3,183643.9626
2086,300707.SZ,威唐工业,专用机械,1.31,26.0,0.0,18.97,146437.3633
3558,603926.SH,铁流股份,汽车配件,1.31,27.0,0.0,18.26,118858.9452
2621,600593.SH,大连圣亚,旅游服务,1.31,22.0,0.0,34.73,447322.4
727,002266.SZ,浙富控股,电气设备,1.31,22.0,0.0,5.2,841566.0406
2799,600789.SH,鲁抗医药,化学制药,1.31,27.0,0.0,10.64,618796.3054
1260,002809.SZ,红墙股份,化工原料,1.31,27.0,0.0,19.59,119073.4562
2329,600229.SH,城市传媒,出版业,1.31,27.0,1.0,9.0,631886.409
2273,600166.SH,福田汽车,汽车整车,1.31,27.0,0.0,2.42,1614171.7722
1276,002826.SZ,易明医药,中成药,1.31,26.0,0.0,12.7,167240.3539
2815,600807.SH,*ST天业,区域地产,1.31,29.0,0.0,5.25,413184.6936
781,002320.SZ,海峡股份,水运,1.3,27.0,0.0,17.88,998352.9314
1237,002783.SZ,凯龙股份,化工原料,1.3,27.0,0.0,9.19,306835.72
64,000155.SZ,川能动力,农药化肥,1.3,26.0,0.0,4.68,438609.6
1122,002662.SZ,京威股份,汽车配件,1.3,27.0,0.0,5.16,752829.0876
2920,600966.SH,博汇纸业,造纸,1.29,26.0,1.0,3.74,499979.7637
2298,600193.SH,*ST创兴,装修装饰,1.29,26.0,0.0,4.38,186313.374
2424,600339.SH,中油工程,石油加工,1.29,29.0,0.0,4.95,768329.4277
567,002105.SZ,信隆健康,文教休闲,1.29,26.0,0.0,5.31,195673.5
2495,600433.SH,冠豪高新,造纸,1.29,26.0,0.0,4.52,574634.5802
2232,600117.SH,西宁特钢,特种钢,1.29,27.0,0.0,4.47,331325.0056
702,002240.SZ,威华股份,家居用品,1.29,26.0,0.0,10.35,507826.2431
469,002007.SZ,华兰生物,生物制药,1.29,27.0,0.0,45.12,3621517.0538
1092,002632.SZ,道明光学,化工原料,1.28,26.0,1.0,9.16,523722.8498
1768,300381.SZ,溢多利,生物制药,1.28,26.0,0.0,10.79,388626.9335
2643,600616.SH,金枫酒业,红黄药酒,1.28,27.0,0.0,6.15,316490.8031
96,000429.SZ,粤高速A,路桥,1.28,2.0,0.0,8.87,415874.4054
1793,300406.SZ,九强生物,生物制药,1.28,29.0,0.0,14.97,493557.5752
2113,300737.SZ,科顺股份,其他建材,1.28,26.0,0.0,10.66,290558.3419
944,002483.SZ,润邦股份,工程机械,1.28,18.0,0.0,4.77,320176.7796
157,000570.SZ,苏常柴A,机械基件,1.28,26.0,0.0,5.19,213503.2752
3517,603856.SH,东宏股份,塑料,1.28,27.0,0.0,13.54,123794.866
543,002081.SZ,金螳螂,装修装饰,1.28,29.0,0.0,11.26,2900758.3253
3452,603703.SH,盛洋科技,通信设备,1.27,30.0,0.0,12.65,137821.75
2590,600559.SH,老白干酒,白酒,1.27,28.0,0.0,18.69,1146228.2483
2854,600851.SH,海欣股份,纺织,1.27,27.0,1.0,8.75,645930.3463
1822,300435.SZ,中泰股份,机械基件,1.27,26.0,0.0,12.67,130265.7118
2672,600650.SH,锦江投资,公共交通,1.26,26.0,0.0,12.63,493277.3747
310,000791.SZ,甘肃电投,水力发电,1.26,27.0,1.0,6.57,638007.7397
2582,600549.SH,厦门钨业,小金属,1.26,27.0,0.0,15.69,2206086.4878
3124,601969.SH,海南矿业,普钢,1.25,29.0,0.0,5.87,1147420.8243
1088,002628.SZ,成都路桥,建筑施工,1.25,27.0,0.0,6.15,444997.0647
1623,300234.SZ,开尔新材,陶瓷,1.25,27.0,0.0,7.81,118656.7536
3555,603919.SH,金徽酒,白酒,1.25,26.0,0.0,15.51,564564.0
1176,002718.SZ,友邦吊顶,家居用品,1.25,26.0,0.0,34.19,156700.2337
3325,603367.SH,辰欣药业,化学制药,1.25,27.0,0.0,19.2,552345.216
216,000657.SZ,中钨高新,小金属,1.25,27.0,0.0,6.97,316251.5407
1308,002861.SZ,瀛通通讯,通信设备,1.24,27.0,0.0,25.69,129078.1847
1795,300408.SZ,三环集团,元器件,1.24,27.0,0.0,22.63,3736591.2175
1570,300180.SZ,华峰超纤,化纤,1.24,28.0,0.0,14.57,996435.3982
184,000608.SZ,阳光股份,区域地产,1.24,28.0,1.0,6.45,483622.1991
419,000951.SZ,中国重汽,汽车整车,1.24,29.0,0.0,16.99,1139863.1096
1155,002695.SZ,煌上煌,食品,1.23,28.0,0.0,13.6,616652.7341
2131,300757.SZ,罗博特科,专用机械,1.23,2.0,0.0,65.72,131440.0
620,002158.SZ,汉钟精机,工程机械,1.23,27.0,0.0,10.33,546599.0881
3160,603027.SH,千禾味业,食品,1.23,16.0,0.0,22.12,711770.4586
352,000852.SZ,石化机械,化工机械,1.23,26.0,0.0,9.4,562268.2286
144,000554.SZ,泰山石油,石油贸易,1.23,26.0,0.0,6.75,244788.5549
208,000637.SZ,茂化实华,石油加工,1.23,26.0,0.0,4.99,182880.9885
2453,600376.SH,首开股份,区域地产,1.22,29.0,0.0,9.62,2449069.1892
156,000568.SZ,泸州老窖,白酒,1.22,27.0,0.0,58.6,8556217.0287
2313,600211.SH,西藏药业,中成药,1.22,27.0,0.0,39.79,579298.631
3399,603605.SH,珀莱雅,日用化工,1.22,29.0,0.0,61.5,381864.57
2752,600737.SH,中粮糖业,食品,1.21,27.0,0.0,9.31,1910296.7003
3434,603669.SH,灵康药业,化学制药,1.21,26.0,0.0,13.27,483028.0
2185,600067.SH,冠城大通,全国地产,1.21,27.0,1.0,4.99,744563.2518
3295,603318.SH,派思股份,专用机械,1.21,29.0,0.0,15.85,637427.209
234,000680.SZ,山推股份,工程机械,1.21,27.0,0.0,4.31,455533.023
1211,002756.SZ,永兴特钢,特种钢,1.21,29.0,0.0,17.1,316257.8122
1246,002793.SZ,东音股份,专用机械,1.21,26.0,0.0,12.93,83285.6211
356,000860.SZ,顺鑫农业,白酒,1.21,27.0,0.0,54.69,3120556.6662
2785,600773.SH,西藏城投,区域地产,1.2,27.0,0.0,7.97,594645.4411
95,000428.SZ,华天酒店,酒店餐饮,1.2,27.0,0.0,3.38,344382.9441
2693,600676.SH,交运股份,公共交通,1.2,26.0,0.0,5.64,542593.5689
2443,600365.SH,通葡股份,红黄药酒,1.19,27.0,0.0,4.8,192000.0
189,000613.SZ,大东海A,旅游服务,1.19,26.0,0.0,7.9,209860.024
3451,603701.SH,德宏股份,汽车配件,1.19,27.0,0.0,13.58,96602.688
1674,300285.SZ,国瓷材料,陶瓷,1.19,28.0,0.0,20.84,851715.6535
3159,603026.SH,石大胜华,化工原料,1.19,27.0,0.0,25.89,524738.52
1227,002773.SZ,康弘药业,中成药,1.18,29.0,0.0,51.76,2466596.4386
1374,002932.SZ,明德生物,医疗保健,1.17,26.0,0.0,51.31,85412.0986
2923,600970.SH,中材国际,建筑施工,1.17,27.0,0.0,7.72,1341006.0092
2215,600099.SH,林海股份,摩托车,1.17,27.0,0.0,7.19,157547.28
3053,601599.SH,鹿港文化,影视音像,1.17,27.0,0.0,4.05,361553.6104
282,000739.SZ,普洛药业,化学制药,1.17,29.0,0.0,10.69,1225954.9255
569,002107.SZ,沃华医药,中成药,1.16,27.0,0.0,8.99,313118.9365
2274,600167.SH,联美控股,供气供热,1.16,27.0,1.0,13.33,1095450.5862
2412,600326.SH,西藏天路,建筑施工,1.15,27.0,0.0,8.78,759807.5998
2776,600763.SH,通策医疗,医疗保健,1.14,29.0,0.0,69.84,2239349.76
2033,300653.SZ,正海生物,医疗保健,1.14,27.0,0.0,60.01,259723.28
1171,002713.SZ,东易日盛,装修装饰,1.14,26.0,1.0,19.08,477337.0158
818,002357.SZ,富临运业,公路,1.14,27.0,1.0,6.84,214253.4295
3254,603208.SH,江山欧派,家居用品,1.14,26.0,0.0,34.47,106222.9623
1292,002843.SZ,泰嘉股份,钢加工,1.13,27.0,0.0,15.01,126084.0
370,000885.SZ,城发环境,公路,1.13,27.0,0.0,9.26,415201.7163
2713,600696.SH,ST岩石,区域地产,1.13,26.0,0.0,6.5,221367.6075
2624,600596.SH,新安股份,农药化肥,1.13,29.0,0.0,13.89,943387.4552
2053,300673.SZ,佩蒂股份,饲料,1.13,26.0,0.0,51.97,197912.154
3453,603706.SH,东方环宇,供气供热,1.13,26.0,0.0,29.11,116440.0
3514,603843.SH,正平股份,建筑施工,1.13,27.0,0.0,9.46,182423.171
1815,300428.SZ,四通新材,铝,1.13,27.0,0.0,12.85,177393.222
2670,600648.SH,外高桥,园区开发,1.12,29.0,1.0,17.45,1631211.3839
2330,600230.SH,沧州大化,农药化肥,1.12,26.0,0.0,21.49,885094.6658
1536,300146.SZ,汤臣倍健,食品,1.12,27.0,0.0,23.28,2051761.4592
732,002271.SZ,东方雨虹,其他建材,1.12,28.0,0.0,21.39,2125042.9694
1278,002828.SZ,贝肯能源,石油开采,1.12,26.0,0.0,13.54,133725.3728
2490,600423.SH,*ST柳化,农药化肥,1.11,26.0,0.0,4.04,322672.7905
129,000537.SZ,广宇发展,区域地产,1.11,26.0,0.0,9.29,377123.6612
2128,300753.SZ,爱朋医疗,医疗保健,1.11,1.0,0.0,42.83,86516.6
57,000090.SZ,天健集团,建筑施工,1.11,27.0,0.0,6.38,916966.1138
1511,300121.SZ,阳谷华泰,化工原料,1.11,27.0,0.0,11.0,392727.1656
2428,600346.SH,恒力股份,化纤,1.11,27.0,0.0,17.32,1592330.0339
712,002250.SZ,联化科技,化工原料,1.11,28.0,0.0,12.65,1126453.3746
447,000985.SZ,大庆华科,化工原料,1.1,27.0,0.0,15.23,197440.9585
2332,600232.SH,金鹰股份,纺织,1.1,27.0,0.0,6.05,220654.7191
3418,603638.SH,艾迪精密,专用机械,1.1,26.0,0.0,30.73,261148.5029
2303,600199.SH,金种子酒,白酒,1.1,28.0,0.0,6.48,360142.2013
482,002020.SZ,京新药业,化学制药,1.09,29.0,0.0,11.16,656759.0841
1204,002748.SZ,世龙实业,化工原料,1.09,26.0,0.0,8.9,213600.0
3314,603348.SH,文灿股份,汽车配件,1.09,26.0,0.0,26.37,145035.0
2631,600603.SH,广汇物流,仓储物流,1.09,29.0,0.0,5.17,260599.1177
985,002524.SZ,光正集团,供气供热,1.09,27.0,0.0,5.81,291107.2583
3262,603227.SH,雪峰科技,化工原料,1.09,27.0,0.0,4.92,324080.4
332,000819.SZ,岳阳兴长,石油加工,1.09,27.0,0.0,11.46,310933.1933
3425,603658.SH,安图生物,医疗保健,1.09,28.0,0.0,67.39,920128.2342
1003,002543.SZ,万和电气,家用电器,1.08,27.0,0.0,16.19,785637.6804
1926,300540.SZ,深冷股份,专用机械,1.08,27.0,0.0,13.67,87534.9715
1113,002653.SZ,海思科,化学制药,1.08,27.0,0.0,12.85,584038.42
2737,600722.SH,金牛化工,化工原料,1.08,27.0,0.0,5.88,400027.9695
1622,300233.SZ,金城医药,化学制药,1.08,29.0,0.0,19.76,701554.4893
2300,600196.SH,复星医药,化学制药,1.08,27.0,0.0,30.62,5850016.4166
635,002173.SZ,创新医疗,医疗保健,1.08,27.0,0.0,9.12,338267.702
814,002353.SZ,杰瑞股份,化工机械,1.08,27.0,0.0,22.53,1516291.8004
3264,603229.SH,奥翔药业,化学制药,1.08,27.0,0.0,14.31,77245.38
288,000756.SZ,新华制药,化学制药,1.07,26.0,0.0,7.79,311206.6642
3525,603871.SH,嘉友国际,仓储物流,1.07,29.0,0.0,47.6,133280.0
2411,600325.SH,华发股份,区域地产,1.07,30.0,0.0,8.73,1837038.2873
3307,603333.SH,尚纬股份,电气设备,1.07,27.0,0.0,7.3,372639.45
74,000401.SZ,冀东水泥,水泥,1.06,30.0,0.0,17.21,2318560.1575
3355,603505.SH,金石资源,矿物制品,1.06,29.0,0.0,17.58,196956.7916
2638,600611.SH,大众交通,公共交通,1.06,28.0,0.0,5.08,794164.7129
1147,002687.SZ,乔治白,服饰,1.06,27.0,0.0,6.91,220720.602
951,002490.SZ,山东墨龙,化工机械,1.06,27.0,0.0,5.27,152183.898
459,001872.SZ,招商港口,港口,1.05,27.0,0.0,18.68,868357.1724
2729,600714.SH,金瑞矿业,煤炭开采,1.05,26.0,1.0,7.4,213250.442
1582,300193.SZ,佳士科技,专用机械,1.05,26.0,0.0,8.48,388064.9408
308,000789.SZ,万年青,水泥,1.05,28.0,0.0,14.55,892423.9939
710,002248.SZ,华东数控,机床制造,1.05,27.0,0.0,11.14,330435.3239
2368,600276.SH,恒瑞医药,化学制药,1.05,29.0,0.0,74.1,27194175.1423
406,000929.SZ,兰州黄河,啤酒,1.05,27.0,0.0,7.93,147303.0988
3311,603338.SH,浙江鼎力,专用机械,1.04,27.0,0.0,81.38,2015755.9074
1017,002557.SZ,洽洽食品,食品,1.04,27.0,0.0,25.81,1308567.0
2134,300760.SZ,迈瑞医疗,医疗保健,1.04,29.0,1.0,132.0,1605120.0
2554,600516.SH,方大炭素,矿物制品,1.03,26.0,0.0,24.08,4267752.2862
1280,002830.SZ,名雕股份,装修装饰,1.03,27.0,0.0,17.15,68325.6
3239,603180.SH,金牌厨柜,家居用品,1.03,16.0,0.0,78.54,144642.9632
179,000601.SZ,韶能股份,水力发电,1.03,27.0,0.0,4.98,537756.3644
255,000708.SZ,大冶特钢,特种钢,1.03,29.0,0.0,12.56,564457.0509
2506,600456.SH,宝钛股份,小金属,1.03,29.0,0.0,22.77,979714.9989
2735,600720.SH,祁连山,水泥,1.03,29.0,1.0,8.74,678366.1884
121,000528.SZ,柳工,工程机械,1.03,29.0,0.0,8.12,1187664.4741
1055,002595.SZ,豪迈科技,专用机械,1.03,28.0,0.0,21.56,1138050.4945
386,000905.SZ,厦门港务,港口,1.03,27.0,0.0,7.82,415242.0
3104,601886.SH,江河集团,装修装饰,1.03,27.0,1.0,9.6,1107888.0
242,000690.SZ,宝新能源,火力发电,1.02,28.0,0.0,8.31,1694570.5422
1087,002627.SZ,宜昌交运,公共交通,1.02,25.0,0.0,7.94,220187.5256
943,002482.SZ,广田集团,装修装饰,1.02,29.0,0.0,6.53,998630.1874
3292,603313.SH,梦百合,家居用品,1.02,27.0,0.0,27.07,222913.4427
3349,603486.SH,科沃斯,家用电器,1.02,27.0,0.0,62.78,251747.8
276,000732.SZ,泰禾集团,区域地产,1.02,29.0,0.0,18.29,2273556.1876
2156,600026.SH,中远海能,水运,1.01,29.0,0.0,6.23,1704548.4724
2844,600838.SH,上海九百,百货,1.01,27.0,0.0,7.76,311084.4173
1194,002737.SZ,葵花药业,中成药,1.01,27.0,0.0,18.49,955523.9014
72,000338.SZ,潍柴动力,汽车配件,1.01,29.0,0.0,11.44,4854951.9556
2814,600805.SH,悦达投资,综合类,1.01,27.0,0.0,5.92,503363.0179
29,000036.SZ,华联控股,全国地产,1.01,27.0,0.0,7.19,817030.9492
1151,002691.SZ,冀凯股份,专用机械,1.01,26.0,0.0,8.52,288904.7652
2060,300680.SZ,隆盛科技,汽车配件,1.01,26.0,1.0,19.28,66177.8288
3417,603637.SH,镇海股份,建筑施工,1.01,27.0,0.0,17.7,76506.3862
588,002126.SZ,银轮股份,汽车配件,1.01,27.0,0.0,9.6,735700.5053
2635,600608.SH,ST沪科,钢加工,1.0,26.0,0.0,5.08,161732.692
497,002035.SZ,华帝股份,家用电器,1.0,27.0,0.0,12.68,992684.8964
1238,002785.SZ,万里石,其他建材,1.0,26.0,0.0,11.19,222789.3561
3574,603969.SH,银龙股份,其他建材,1.0,27.0,0.0,5.69,478529.0
2934,600983.SH,惠而浦,家用电器,1.0,27.0,0.0,7.37,392673.6
3103,601882.SH,海天精工,机床制造,1.0,27.0,0.0,9.67,121783.98
991,002531.SZ,天顺风能,电气设备,0.99,29.0,0.0,6.6,1167529.1516
2105,300727.SZ,润禾材料,化工原料,0.98,26.0,0.0,21.99,70002.4163
2692,600675.SH,中华企业,区域地产,0.98,29.0,0.0,6.84,1277068.6282
3271,603260.SH,合盛硅业,化工原料,0.98,30.0,0.0,60.78,1585396.4908
1517,300127.SZ,银河磁体,元器件,0.97,27.0,0.0,13.56,307967.7908
3186,603069.SH,海汽集团,公路,0.97,27.0,0.0,7.96,138344.8
2873,600871.SH,*ST油服,石油开采,0.97,27.0,0.0,2.35,2830025.3338
3285,603301.SH,振德医疗,医疗保健,0.97,26.0,0.0,36.83,92075.0
3173,603041.SH,美思德,化工原料,0.97,26.0,0.0,16.84,78348.1
3225,603156.SH,养元饮品,软饮料,0.97,26.0,0.0,50.92,2325753.9978
992,002532.SZ,新界泵业,农用机械,0.97,23.0,0.0,6.06,228991.3192
2513,600466.SH,蓝光发展,区域地产,0.97,30.0,0.0,7.21,2151541.8932
2769,600755.SH,厦门国贸,商贸代理,0.96,29.0,0.0,8.85,1607401.1767
1034,002574.SZ,明牌珠宝,服饰,0.96,27.0,0.0,6.12,323136.0
1370,002928.SZ,华夏航空,空运,0.96,26.0,0.0,22.85,311046.0363
735,002274.SZ,华昌化工,农药化肥,0.96,27.0,0.0,7.2,450239.5822
3334,603387.SH,基蛋生物,生物制药,0.96,27.0,0.0,33.97,312842.5944
1403,300012.SZ,华测检测,电器仪表,0.96,29.0,0.0,9.04,1360217.7485
210,000639.SZ,西王食品,食品,0.96,25.0,0.0,9.2,709338.4626
3310,603337.SH,杰克股份,纺织机械,0.96,27.0,0.0,46.34,375630.1864
4,000006.SZ,深振业A,区域地产,0.95,29.0,0.0,6.71,904714.6492
401,000923.SZ,河北宣工,铜,0.95,26.0,0.0,15.9,314820.0
306,000786.SZ,北新建材,其他建材,0.95,29.0,0.0,20.85,2948151.6193
397,000919.SZ,金陵药业,化学制药,0.95,26.0,0.0,7.77,390847.007
2481,600409.SH,三友化工,化工原料,0.95,27.0,0.0,7.33,1493357.3346
1023,002563.SZ,森马服饰,服饰,0.94,30.0,0.0,11.56,2125704.1218
317,000799.SZ,酒鬼酒,白酒,0.94,29.0,0.0,22.46,729790.4891
2390,600301.SH,ST南化,化工原料,0.94,26.0,0.0,7.34,172598.7348
163,000582.SZ,北部湾港,港口,0.94,27.0,0.0,9.0,236857.6746
500,002038.SZ,双鹭药业,生物制药,0.94,26.0,0.0,29.37,1665167.4175
3383,603580.SH,艾艾精工,化工原料,0.94,26.0,0.0,18.5,55801.55
384,000902.SZ,新洋丰,农药化肥,0.94,27.0,1.0,10.9,1278454.1875
3112,601918.SH,新集能源,煤炭开采,0.93,29.0,0.0,3.71,961091.0078
1953,300569.SZ,天能重工,专用机械,0.93,29.0,0.0,20.76,175615.587
1673,300284.SZ,苏交科,建筑施工,0.93,30.0,0.0,13.5,734620.0797
595,002133.SZ,广宇集团,全国地产,0.93,27.0,0.0,4.39,278746.1862
2883,600882.SH,妙可蓝多,乳制品,0.93,27.0,1.0,9.07,366184.9648
293,000761.SZ,本钢板材,普钢,0.92,26.0,0.0,4.19,1146384.0
2818,600810.SH,神马股份,化纤,0.92,28.0,0.0,14.5,641306.0
3374,603558.SH,健盛集团,纺织,0.92,12.0,0.0,11.07,343441.981
2173,600054.SH,黄山旅游,旅游景点,0.92,26.0,0.0,11.39,584648.7
3317,603356.SH,华菱精工,机械基件,0.92,27.0,0.0,15.22,137345.28
228,000672.SZ,上峰水泥,水泥,0.92,27.0,1.0,10.93,889271.4356
1192,002735.SZ,王子新材,塑料,0.91,26.0,0.0,26.22,111474.33
3467,603727.SH,博迈科,石油开采,0.91,27.0,0.0,14.81,140502.47
2017,300636.SZ,同和药业,化学制药,0.91,26.0,0.0,22.35,105716.3247
553,002091.SZ,江苏国泰,商贸代理,0.91,27.0,0.0,7.07,687367.095
2377,600285.SH,羚锐制药,中成药,0.91,27.0,0.0,9.11,482431.8147
1349,002905.SZ,金逸影视,影视音像,0.91,28.0,0.0,16.73,112425.6
1330,002884.SZ,凌霄泵业,专用机械,0.91,27.0,0.0,26.25,170110.1063
32,000039.SZ,中集集团,轻工机械,0.91,27.0,0.0,14.14,1792390.3606
2740,600725.SH,ST云维,焦炭加工,0.9,26.0,0.0,2.9,357416.3
2031,300651.SZ,金陵体育,文教休闲,0.9,27.0,0.0,55.52,138080.4608
253,000705.SZ,浙江震元,医药商业,0.9,27.0,0.0,7.59,214025.582
2522,600479.SH,千金药业,中成药,0.89,29.0,0.0,10.23,428132.7807
2811,600802.SH,福建水泥,水泥,0.89,26.0,0.0,8.98,342922.5521
1106,002646.SZ,青青稞酒,白酒,0.89,27.0,0.0,12.96,583200.0
1761,300374.SZ,恒通科技,其他建材,0.89,27.0,0.0,11.62,191247.7375
2460,600383.SH,金地集团,全国地产,0.89,30.0,0.0,13.42,6058571.1536
2221,600106.SH,重庆路桥,路桥,0.89,27.0,0.0,3.8,417379.7716
1282,002832.SZ,比音勒芬,服饰,0.88,26.0,0.0,41.69,329343.9127
2503,600449.SH,宁夏建材,水泥,0.88,29.0,0.0,9.73,465270.1539
2608,600579.SH,天华院,化工机械,0.87,26.0,0.0,10.33,424187.0128
2587,600556.SH,ST慧球,软件服务,0.87,25.0,0.0,7.54,297674.4558
2840,600834.SH,申通地铁,公共交通,0.87,27.0,0.0,8.15,389066.2526
2718,600702.SH,舍得酒业,白酒,0.87,27.0,0.0,30.95,1019861.305
211,000650.SZ,仁和药业,中成药,0.87,27.0,0.0,6.74,834408.6435
2348,600250.SH,南纺股份,商贸代理,0.87,30.0,0.0,8.94,231271.0592
922,002461.SZ,珠江啤酒,啤酒,0.87,26.0,0.0,6.1,829797.357
3482,603777.SH,来伊份,食品,0.87,26.0,0.0,12.34,136513.6045
873,002412.SZ,汉森制药,中成药,0.86,29.0,0.0,17.82,512904.15
2678,600657.SH,信达地产,全国地产,0.86,27.0,0.0,5.25,800236.7321
66,000157.SZ,中联重科,工程机械,0.86,28.0,0.0,4.63,2913045.4764
457,000999.SZ,华润三九,中成药,0.86,28.0,0.0,27.86,2725809.3281
431,000966.SZ,长源电力,火力发电,0.86,26.0,0.0,4.39,486536.7111
3051,601595.SH,上海电影,影视音像,0.86,28.0,0.0,15.51,164476.3022
2455,600378.SH,天科股份,化工原料,0.86,29.0,0.0,11.76,349499.3114
2922,600969.SH,郴电国际,水力发电,0.86,26.0,0.0,7.67,283828.7212
2446,600368.SH,五洲交通,路桥,0.86,27.0,0.0,3.75,422112.0255
2688,600668.SH,尖峰集团,水泥,0.86,27.0,0.0,14.34,493416.2094
2230,600115.SH,东方航空,空运,0.85,29.0,0.0,6.35,6228388.4081
608,002146.SZ,荣盛发展,全国地产,0.85,30.0,0.0,11.21,4364677.4564
3250,603198.SH,迎驾贡酒,白酒,0.85,27.0,0.0,18.21,1456800.0
2979,601107.SH,四川成渝,路桥,0.85,26.0,0.0,4.37,945117.38
2138,600004.SH,白云机场,机场,0.85,29.0,0.0,14.15,2928088.5273
559,002097.SZ,山河智能,工程机械,0.85,28.0,0.0,7.09,596845.2561
429,000963.SZ,华东医药,化学制药,0.85,28.0,0.0,33.75,4921339.356
9,000011.SZ,深物业A,区域地产,0.85,27.0,0.0,11.37,199955.8058
3361,603517.SH,绝味食品,食品,0.84,26.0,0.0,45.64,747137.7536
3005,601200.SH,上海环境,环境保护,0.84,27.0,0.0,16.32,1097244.6751
3266,603233.SH,大参林,医药商业,0.84,27.0,1.0,46.9,300869.0201
2653,600628.SH,新世界,百货,0.84,26.0,1.0,7.72,410549.0364
301,000779.SZ,三毛派神,纺织,0.84,27.0,0.0,10.65,198559.6863
3426,603659.SH,璞泰来,化工原料,0.84,28.0,0.0,56.97,1100199.8944
181,000605.SZ,渤海股份,水务,0.84,27.0,0.0,10.79,294553.5039
420,000952.SZ,广济药业,化学制药,0.83,26.0,0.0,11.86,298510.5582
3492,603800.SH,道森股份,专用机械,0.83,29.0,0.0,14.19,295152.0
733,002272.SZ,川润股份,机械基件,0.83,29.0,0.0,5.41,173468.6139
203,000631.SZ,顺发恒业,区域地产,0.83,27.0,0.0,3.72,904897.1305
1957,300573.SZ,兴齐眼药,化学制药,0.82,27.0,0.0,19.04,101842.104
2846,600841.SH,上柴股份,机械基件,0.82,26.0,0.0,9.0,469703.277
2253,600141.SH,兴发集团,化工原料,0.82,26.0,0.0,12.0,856376.3916
2839,600833.SH,第一医药,医药商业,0.81,27.0,0.0,11.05,246510.4134
2588,600557.SH,康缘药业,中成药,0.81,28.0,0.0,13.46,805623.0423
2650,600623.SH,华谊集团,汽车配件,0.81,27.0,0.0,9.52,1784363.0292
99,000498.SZ,山东路桥,建筑施工,0.81,27.0,0.0,6.34,279403.8
2685,600665.SH,天地源,全国地产,0.81,27.0,0.0,4.4,380213.9092
3406,603615.SH,茶花股份,家居用品,0.81,27.0,0.0,10.32,77257.9813
2414,600328.SH,兰太实业,化工原料,0.81,27.0,0.0,8.55,374516.5674
1158,002698.SZ,博实股份,化工机械,0.81,27.0,0.0,12.15,661483.2276
3535,603886.SH,元祖股份,食品,0.81,29.0,0.0,23.32,282659.388
590,002128.SZ,露天煤业,煤炭开采,0.8,29.0,0.0,9.26,1513429.7897
1277,002827.SZ,高争民爆,化工原料,0.8,26.0,0.0,17.38,109748.617
3305,603331.SH,百达精工,专用机械,0.8,26.0,1.0,17.25,54877.9425
3195,603086.SH,先达股份,农药化肥,0.8,29.0,0.0,29.72,215510.8442
3332,603385.SH,惠达卫浴,家居用品,0.8,27.0,0.0,10.61,279814.2695
2167,600039.SH,四川路桥,建筑施工,0.8,27.0,0.0,4.05,1400114.4941
2856,600854.SH,春兰股份,家用电器,0.8,27.0,0.0,4.64,241028.7616
2290,600185.SH,格力地产,区域地产,0.8,29.0,0.0,5.12,1054782.5388
572,002110.SZ,三钢闽光,普钢,0.79,29.0,0.0,17.39,1082127.1787
3389,603589.SH,口子窖,白酒,0.79,29.0,0.0,52.66,3159600.0
1021,002561.SZ,徐家汇,百货,0.79,27.0,1.0,9.74,386549.92
3219,603129.SH,春风动力,摩托车,0.79,29.0,0.0,21.75,141760.5275
2492,600426.SH,华鲁恒升,农药化肥,0.79,29.0,0.0,15.23,2463325.8869
175,000597.SZ,东北制药,化学制药,0.79,29.0,0.0,13.42,635273.7081
3430,603665.SH,康隆达,纺织,0.79,25.0,0.0,26.55,98954.0643
1272,002822.SZ,中装建设,装修装饰,0.79,29.0,0.0,6.4,195878.4
1554,300164.SZ,通源石油,石油开采,0.79,29.0,0.0,7.63,242059.3305
2497,600436.SH,片仔癀,中成药,0.78,29.0,0.0,111.95,6754136.166
2229,600114.SH,东睦股份,机械基件,0.78,29.0,0.0,8.33,528453.968
2625,600597.SH,光明乳业,乳制品,0.78,27.0,0.0,10.05,1230423.519
2646,600619.SH,海立股份,机械基件,0.78,27.0,0.0,9.94,578648.2007
2820,600812.SH,华北制药,化学制药,0.78,27.0,0.0,4.94,805617.5361
3316,603355.SH,莱克电气,家用电器,0.77,28.0,0.0,26.44,1060244.0
3387,603587.SH,地素时尚,服饰,0.77,29.0,0.0,27.58,168238.0
1081,002621.SZ,三垒股份,专用机械,0.77,18.0,0.0,25.0,676676.545
162,000581.SZ,威孚高科,汽车配件,0.77,29.0,0.0,23.24,1944002.7391
1121,002661.SZ,克明面业,食品,0.77,27.0,0.0,14.77,483503.397
2374,600282.SH,南钢股份,普钢,0.77,26.0,0.0,4.35,1923707.7458
2603,600573.SH,惠泉啤酒,啤酒,0.77,27.0,0.0,8.47,211750.0
2599,600569.SH,安阳钢铁,普钢,0.77,29.0,0.0,3.9,933536.9507
2178,600059.SH,古越龙山,红黄药酒,0.76,27.0,0.0,8.1,654904.5737
2410,600323.SH,瀚蓝环境,水务,0.76,28.0,0.0,17.36,1330234.3352
3023,601318.SH,中国平安,保险,0.76,28.0,0.0,75.0,81244983.735
683,002221.SZ,东华能源,石油贸易,0.76,27.0,0.0,9.62,1460916.8835
2928,600977.SH,中国电影,影视音像,0.76,27.0,0.0,18.27,1032255.0
3362,603518.SH,维格娜丝,服饰,0.76,27.0,0.0,16.67,295818.8136
2793,600781.SH,辅仁药业,中成药,0.76,27.0,0.0,14.84,555406.6214
2830,600823.SH,世茂股份,全国地产,0.76,29.0,0.0,4.79,1796809.597
3557,603922.SH,金鸿顺,汽车配件,0.75,27.0,0.0,19.39,62048.0
3147,603012.SH,创力集团,专用机械,0.75,27.0,1.0,9.3,592000.8
3030,601339.SH,百隆东方,纺织,0.75,27.0,0.0,5.84,876000.0
3326,603368.SH,柳药股份,医药商业,0.75,27.0,1.0,31.0,803127.6671
2219,600104.SH,上汽集团,汽车整车,0.74,2.0,0.0,26.35,30311545.5782
1300,002852.SZ,道道全,食品,0.74,27.0,0.0,15.9,199388.6156
883,002422.SZ,科伦药业,化学制药,0.74,28.0,0.0,25.79,2654794.0195
895,002434.SZ,万里扬,汽车配件,0.74,29.0,0.0,7.12,725582.3256
1472,300082.SZ,奥克股份,化工原料,0.73,27.0,0.0,7.25,489137.3095
728,002267.SZ,陕天然气,供气供热,0.73,27.0,0.0,8.84,983074.6934
3385,603585.SH,苏利股份,化工原料,0.73,29.0,0.0,26.06,140724.0
2768,600754.SH,锦江股份,酒店餐饮,0.73,28.0,0.0,26.06,1690037.2304
2352,600256.SH,广汇能源,石油开采,0.72,29.0,0.0,4.5,3031696.4715
3508,603826.SH,坤彩科技,染料涂料,0.71,27.0,0.0,17.9,339129.0539
3460,603716.SH,塞力斯,医药商业,0.71,27.0,0.0,19.24,184908.9214
2953,601006.SH,大秦铁路,铁路,0.71,1.0,0.0,8.59,12770573.8908
92,000423.SZ,东阿阿胶,中成药,0.7,29.0,0.0,49.9,3262797.8919
458,001696.SZ,宗申动力,摩托车,0.7,27.0,0.0,6.01,535604.4388
547,002085.SZ,万丰奥威,汽车配件,0.69,27.0,0.0,8.73,1845289.3525
3318,603357.SH,设计总院,建筑施工,0.69,27.0,0.0,21.32,338291.595
2268,600160.SH,巨化股份,化工原料,0.69,28.0,0.0,8.65,2299533.3493
2794,600782.SH,新钢股份,普钢,0.68,30.0,0.0,6.43,2050348.6935
1283,002833.SZ,弘亚数控,专用机械,0.68,27.0,0.0,44.12,253582.1266
341,000830.SZ,鲁西化工,农药化肥,0.68,30.0,0.0,13.61,1992473.8225
2465,600389.SH,江山股份,农药化肥,0.68,26.0,1.0,19.16,569052.0
589,002127.SZ,南极电商,互联网,0.67,30.0,0.0,11.45,2142946.5462
2812,600803.SH,新奥股份,农药化肥,0.67,29.0,0.0,12.18,1497355.3437
3286,603303.SH,得邦照明,家用电器,0.67,29.0,0.0,14.64,149328.0
1063,002603.SZ,以岭药业,中成药,0.67,29.0,0.0,13.08,1294144.9799
968,002507.SZ,涪陵榨菜,食品,0.67,30.0,0.0,28.29,2205975.9244
3122,601966.SH,玲珑轮胎,汽车配件,0.66,29.0,0.0,17.22,679163.5537
1746,300357.SZ,我武生物,生物制药,0.66,29.0,0.0,47.56,1207970.0384
939,002478.SZ,常宝股份,钢加工,0.65,29.0,0.0,5.99,355572.2432
3175,603043.SH,广州酒家,食品,0.65,27.0,0.0,33.67,422582.8232
695,002233.SZ,塔牌集团,水泥,0.65,30.0,0.0,12.59,1463020.5786
2207,600090.SH,同济堂,医药商业,0.64,26.0,1.0,6.31,443401.7937
2269,600161.SH,天坛生物,生物制药,0.64,27.0,0.0,24.0,2090733.6144
87,000418.SZ,小天鹅A,家用电器,0.64,30.0,1.0,57.47,2525025.7528
2109,300732.SZ,设研院,建筑施工,0.63,28.0,0.0,39.06,329378.7075
1458,300068.SZ,南都电源,电气设备,0.62,27.0,0.0,16.15,1003040.2933
91,000422.SZ,*ST宜化,农药化肥,0.62,27.0,0.0,4.0,359125.1936
1137,002677.SZ,浙江美大,家用电器,0.62,27.0,0.0,13.57,388033.3575
2738,600723.SH,首商股份,百货,0.62,26.0,0.0,7.27,478416.5658
3210,603113.SH,金能科技,化工原料,0.62,29.0,0.0,14.22,471912.3926
648,002186.SZ,全聚德,酒店餐饮,0.61,27.0,0.0,13.27,406491.9905
3182,603060.SH,国检集团,建筑施工,0.61,29.0,0.0,26.88,171568.32
373,000888.SZ,峨眉山A,旅游景点,0.61,27.0,0.0,7.15,376742.8679
2432,600352.SH,浙江龙盛,染料涂料,0.61,30.0,0.0,11.47,3731571.6434
90,000421.SZ,南京公用,供气供热,0.6,27.0,0.0,5.45,312092.579
2557,600519.SH,贵州茅台,白酒,0.6,29.0,0.0,810.09,101763327.5802
2418,600332.SH,白云山,中成药,0.6,26.0,0.0,40.2,4306140.585
1104,002644.SZ,佛慈制药,中成药,0.6,27.0,0.0,9.1,464697.87
3313,603345.SH,安井食品,食品,0.6,15.0,0.0,37.55,461299.497
495,002033.SZ,丽江旅游,旅游景点,0.59,29.0,0.0,6.9,379141.3249
969,002508.SZ,老板电器,家用电器,0.59,27.0,0.0,29.01,2712147.1657
3456,603709.SH,中源家居,家居用品,0.59,29.0,0.0,30.84,61680.0
506,002044.SZ,美年健康,医疗保健,0.59,27.0,0.0,18.69,4381991.1365
3487,603789.SH,星光农机,农用机械,0.58,27.0,0.0,14.25,370500.0
212,000651.SZ,格力电器,家用电器,0.57,29.0,0.0,47.9,28595417.5479
2797,600785.SH,新华百货,百货,0.57,27.0,0.0,18.24,411551.4547
2565,600528.SH,中铁工业,建筑施工,0.56,27.0,0.0,12.76,2344967.59
2775,600761.SH,安徽合力,工程机械,0.56,29.0,0.0,10.86,803836.351
3328,603377.SH,东方时尚,汽车服务,0.56,28.0,0.0,15.89,934332.0
2954,601007.SH,金陵饭店,酒店餐饮,0.56,29.0,0.0,10.05,301500.0
380,000898.SZ,鞍钢股份,普钢,0.56,29.0,0.0,6.05,3720141.7391
3400,603606.SH,东方电缆,电气设备,0.55,29.0,0.0,11.45,562673.8321
3233,603167.SH,渤海轮渡,水运,0.55,27.0,0.0,9.93,478030.2
719,002258.SZ,利尔化学,农药化肥,0.55,27.0,0.0,17.1,894230.7909
2402,600315.SH,上海家化,日用化工,0.53,30.0,0.0,32.6,2188269.9829
2946,600998.SH,九州通,医药商业,0.53,28.0,1.0,16.37,2717484.9283
3504,603819.SH,神力股份,电气设备,0.52,27.0,0.0,18.23,102270.3
1057,002597.SZ,金禾实业,化工原料,0.52,29.0,0.0,19.15,1061006.3341
2810,600801.SH,华新水泥,水泥,0.52,28.0,1.0,20.64,2007800.0148
2240,600126.SH,杭钢股份,普钢,0.51,29.0,0.0,5.39,649539.0767
3323,603365.SH,水星家纺,纺织,0.51,27.0,0.0,17.17,152098.728
2369,600277.SH,亿利洁能,综合类,0.51,27.0,0.0,6.83,1826345.4731
1314,002867.SZ,周大生,服饰,0.51,30.0,0.0,31.99,521680.3575
665,002203.SZ,海亮股份,铜,0.5,30.0,0.0,8.59,1403466.8978
2690,600673.SH,东阳光科,铝,0.49,29.0,0.0,9.53,2343356.7229
3419,603639.SH,海利尔,农药化肥,0.49,27.0,0.0,31.48,170950.3929
3522,603866.SH,桃李面包,食品,0.48,27.0,0.0,56.97,2681156.322
2168,600048.SH,保利地产,全国地产,0.48,30.0,0.0,14.4,16953017.7254
880,002419.SZ,天虹股份,百货,0.46,27.0,0.0,13.3,1595851.6837
252,000703.SZ,恒逸石化,化纤,0.46,29.0,0.0,14.78,3360374.3057
2841,600835.SH,上海机电,运输设备,0.46,27.0,1.0,17.84,1438803.6712
3276,603278.SH,大业股份,钢加工,0.43,27.0,0.0,17.78,153856.0296
1188,002731.SZ,萃华珠宝,服饰,0.43,26.0,0.0,20.8,267487.6526
1164,002705.SZ,新宝股份,家用电器,0.43,26.0,0.0,11.6,923563.3364
954,002493.SZ,荣盛石化,化纤,0.42,26.0,0.0,12.09,6414739.4025
2566,600529.SH,山东药玻,医疗保健,0.4,28.0,0.0,22.98,828043.2922
2393,600305.SH,恒顺醋业,食品,0.37,27.0,0.0,12.75,999038.235
3544,603899.SH,晨光文具,文教休闲,0.32,29.0,0.0,33.5,3082000.0
2628,600600.SH,青岛啤酒,啤酒,0.31,29.0,0.0,41.55,2891521.0786
2691,600674.SH,川投能源,水力发电,0.2,30.0,0.0,9.47,4168827.0346
2454,600377.SH,宁沪高速,路桥,0.16,16.0,0.0,9.94,3775193.4669
