,ts_code,name,industry,COL_LASTPRICE,COL_MA_20_SLOPE,COL_ACCUMULATE
0,002552.SZ,宝鼎科技,机械基件,26.96,10.76,28.09
1,300526.SZ,中潜股份,服饰,49.87,6.24,95.01
2,002201.SZ,九鼎新材,玻璃,23.77,5.71,78.16
3,300417.SZ,南华仪器,电器仪表,55.02,4.88,78.0
4,002524.SZ,光正集团,医疗保健,11.08,4.84,14.75
5,002463.SZ,沪电股份,元器件,25.81,4.79,58.55
6,600745.SH,闻泰科技,通信设备,72.95,4.59,52.57
7,300552.SZ,万集科技,软件服务,55.86,4.53,60.45
8,002241.SZ,歌尔股份,元器件,18.4,4.47,31.55
9,300322.SZ,硕贝德,通信设备,26.92,4.39,29.4
10,300602.SZ,飞荣达,元器件,50.0,4.31,18.32
11,002800.SZ,天顺股份,仓储物流,35.52,4.02,8.14
12,300775.SZ,三角防务,航空,38.84,3.98,3.98
13,603068.SH,博通集成,半导体,108.17,3.96,29.08
14,603501.SH,韦尔股份,半导体,99.0,3.92,50.98
15,300379.SZ,东方通,软件服务,39.16,3.89,21.84
16,600052.SH,浙江广厦,影视音像,5.86,3.87,19.62
17,600183.SH,生益科技,元器件,27.85,3.78,51.8
18,002916.SZ,深南电路,元器件,161.5,3.73,13.43
19,300492.SZ,山鼎设计,建筑工程,46.08,3.71,19.86
20,002869.SZ,金溢科技,通信设备,63.56,3.55,84.77
21,603882.SH,金域医学,医疗保健,61.91,3.48,45.93
22,603129.SH,春风动力,摩托车,35.59,3.38,12.94
23,300433.SZ,蓝思科技,元器件,12.26,3.32,11.72
24,300363.SZ,博腾股份,化学制药,15.47,3.29,21.77
25,600696.SH,ST岩石,区域地产,13.64,3.27,51.62
26,000043.SZ,中航善达,房产服务,18.98,3.2,42.93
27,300093.SZ,金刚玻璃,玻璃,12.35,3.15,28.71
28,300326.SZ,凯利泰,医疗保健,15.5,3.14,10.94
29,300502.SZ,新易盛,通信设备,40.2,3.08,13.88
30,300661.SZ,圣邦股份,元器件,169.58,3.02,37.34
31,002600.SZ,领益智造,元器件,10.38,3.02,22.95
32,300657.SZ,弘信电子,元器件,36.71,3.0,18.25
33,601872.SH,招商轮船,水运,6.4,3.0,4.39
34,002881.SZ,美格智能,通信设备,32.82,2.89,38.05
35,300566.SZ,激智科技,元器件,25.29,2.88,10.29
36,000799.SZ,酒鬼酒,白酒,39.25,2.87,14.99
37,300223.SZ,北京君正,半导体,49.71,2.84,45.78
38,300601.SZ,康泰生物,生物制药,83.9,2.81,38.26
39,300639.SZ,凯普生物,医疗保健,22.83,2.79,7.23
40,300598.SZ,诚迈科技,软件服务,51.47,2.78,8.21
41,603986.SH,兆易创新,半导体,141.2,2.78,20.16
42,603160.SH,汇顶科技,元器件,200.51,2.76,51.29
43,300579.SZ,数字认证,软件服务,39.07,2.73,5.64
44,002938.SZ,鹏鼎控股,元器件,40.72,2.72,34.75
45,603127.SH,昭衍新药,医疗保健,73.28,2.71,12.82
46,300202.SZ,聚龙股份,专用机械,11.08,2.71,6.15
47,600812.SH,华北制药,化学制药,7.38,2.69,24.34
48,603327.SH,福蓉科技,元器件,27.76,2.68,2.68
49,300306.SZ,远方信息,电器仪表,13.5,2.65,10.79
50,300595.SZ,欧普康视,医疗保健,51.89,2.64,4.92
51,603283.SH,赛腾股份,专用机械,30.45,2.63,26.67
52,300136.SZ,信维通信,通信设备,37.5,2.62,12.82
53,300464.SZ,星徽精密,机械基件,12.99,2.6,5.25
54,300777.SZ,中简科技,化纤,33.22,2.59,6.3
55,002850.SZ,科达利,机械基件,32.3,2.58,16.02
56,300436.SZ,广生堂,化学制药,41.68,2.57,27.16
57,600844.SH,丹化科技,化工原料,5.65,2.56,5.65
58,002194.SZ,武汉凡谷,通信设备,22.2,2.55,8.99
59,603787.SH,新日股份,摩托车,21.32,2.54,51.49
60,002835.SZ,同为股份,元器件,13.93,2.54,9.62
61,603186.SH,华正新材,元器件,43.5,2.53,33.17
62,300368.SZ,汇金股份,IT设备,10.74,2.52,6.05
63,002123.SZ,梦网集团,互联网,18.06,2.51,34.91
64,300759.SZ,康龙化成,化学制药,53.53,2.51,7.98
65,300482.SZ,万孚生物,生物制药,54.3,2.5,29.26
66,603936.SH,博敏电子,元器件,24.32,2.45,11.9
67,300659.SZ,中孚信息,软件服务,58.79,2.45,38.58
68,300537.SZ,广信材料,染料涂料,20.74,2.45,29.74
69,603012.SH,创力集团,专用机械,15.42,2.44,29.26
70,600146.SH,商赢环球,服饰,20.65,2.41,15.4
71,300042.SZ,朗科科技,IT设备,19.44,2.39,2.39
72,002901.SZ,大博医疗,医疗保健,51.25,2.39,18.13
73,300462.SZ,华铭智能,专用机械,26.48,2.38,32.79
74,300573.SZ,兴齐眼药,化学制药,82.95,2.37,87.72
75,002642.SZ,*ST荣联,软件服务,6.85,2.36,5.79
76,600882.SH,妙可蓝多,乳制品,15.18,2.35,32.18
77,603811.SH,诚意药业,化学制药,28.22,2.35,20.38
78,603456.SH,九洲药业,化学制药,12.86,2.33,16.6
79,300012.SZ,华测检测,电器仪表,14.08,2.33,31.48
80,603317.SH,天味食品,食品,52.65,2.33,10.6
81,300345.SZ,红宇新材,钢加工,10.98,2.33,45.45
82,002822.SZ,中装建设,装修装饰,8.65,2.32,27.35
83,002351.SZ,漫步者,IT设备,8.38,2.32,6.75
84,300655.SZ,晶瑞股份,化工原料,23.38,2.3,10.86
85,002487.SZ,大金重工,钢加工,6.21,2.3,5.35
86,603078.SH,江化微,化工原料,34.83,2.29,4.98
87,002785.SZ,万里石,其他建材,14.44,2.28,5.09
88,300088.SZ,长信科技,元器件,7.64,2.28,14.32
89,002947.SZ,恒铭达,元器件,61.94,2.27,15.21
90,002045.SZ,国光电器,元器件,7.63,2.26,7.65
91,603658.SH,安图生物,医疗保健,95.74,2.25,25.16
92,603607.SH,京华激光,造纸,26.4,2.25,4.07
93,002653.SZ,海思科,化学制药,19.95,2.25,37.13
94,300624.SZ,万兴科技,软件服务,74.47,2.23,8.9
95,002353.SZ,杰瑞股份,化工机械,30.88,2.22,6.43
96,000049.SZ,德赛电池,电气设备,39.77,2.21,12.36
97,603566.SH,普莱柯,生物制药,19.23,2.19,15.63
98,600143.SH,金发科技,塑料,7.2,2.18,10.78
99,300474.SZ,景嘉微,元器件,61.1,2.17,10.1
100,300585.SZ,奥联电子,汽车配件,15.72,2.17,51.02
101,300653.SZ,正海生物,医疗保健,85.6,2.16,23.86
102,300682.SZ,朗新科技,软件服务,24.4,2.15,5.76
103,002626.SZ,金达威,食品,19.24,2.11,4.48
104,300357.SZ,我武生物,生物制药,42.46,2.1,5.65
105,603308.SH,应流股份,专用机械,13.83,2.09,7.88
106,002456.SZ,欧菲光,元器件,11.82,2.09,5.69
107,601808.SH,中海油服,石油开采,13.76,2.08,9.98
108,600984.SH,建设机械,工程机械,9.76,2.08,22.49
109,300346.SZ,南大光电,元器件,12.88,2.08,7.77
110,002714.SZ,牧原股份,农业综合,82.3,2.07,30.09
111,300214.SZ,日科化学,化工原料,8.44,2.06,7.85
112,300738.SZ,奥飞数据,电信运营,35.83,2.05,4.72
113,000603.SZ,盛达矿业,铅锌,14.51,2.05,19.03
114,002384.SZ,东山精密,通信设备,20.0,2.04,9.47
115,603978.SH,深圳新星,铝,31.81,2.02,37.08
116,002942.SZ,新农股份,农药化肥,36.5,2.01,4.47
117,603516.SH,淳中科技,通信设备,32.37,1.99,18.76
118,600004.SH,白云机场,机场,23.5,1.98,32.86
119,002607.SZ,中公教育,文教休闲,17.09,1.98,28.47
120,601058.SH,赛轮轮胎,汽车配件,4.42,1.97,22.25
121,300576.SZ,容大感光,染料涂料,24.92,1.97,26.4
122,002555.SZ,三七互娱,互联网,18.01,1.96,12.03
123,000037.SZ,深南电A,火力发电,14.32,1.96,8.9
124,000601.SZ,韶能股份,水力发电,6.1,1.95,9.26
125,002791.SZ,坚朗五金,其他建材,23.52,1.95,27.29
126,300394.SZ,天孚通信,通信设备,36.35,1.95,8.37
127,002402.SZ,和而泰,元器件,12.98,1.94,16.4
128,002786.SZ,银宝山新,专用机械,10.65,1.94,8.0
129,603520.SH,司太立,化学制药,40.46,1.94,1.94
130,300525.SZ,博思软件,软件服务,36.91,1.93,2.54
131,002436.SZ,兴森科技,元器件,7.91,1.92,30.44
132,300416.SZ,苏试试验,电器仪表,25.77,1.92,6.23
133,000007.SZ,全新好,酒店餐饮,9.6,1.92,9.49
134,002396.SZ,星网锐捷,通信设备,30.45,1.91,7.86
135,300328.SZ,宜安科技,铝,13.08,1.91,33.68
136,000708.SZ,中信特钢,特种钢,17.3,1.9,6.39
137,300019.SZ,硅宝科技,化工原料,9.58,1.89,4.5
138,603377.SH,东方时尚,汽车服务,23.0,1.88,6.44
139,300559.SZ,佳发教育,软件服务,29.75,1.86,6.08
140,002821.SZ,凯莱英,生物制药,123.38,1.86,20.14
141,300151.SZ,昌红科技,机械基件,8.89,1.86,23.03
142,300115.SZ,长盈精密,元器件,14.61,1.83,7.78
143,300191.SZ,潜能恒信,石油开采,24.78,1.83,28.26
144,002531.SZ,天顺风能,电气设备,7.11,1.82,10.0
145,600095.SH,哈高科,区域地产,9.41,1.82,51.52
146,600703.SH,三安光电,半导体,13.83,1.8,5.67
147,002945.SZ,华林证券,证券,16.23,1.8,29.05
148,300638.SZ,广和通,通信设备,65.4,1.8,10.36
149,002273.SZ,水晶光电,元器件,15.26,1.79,5.38
150,002568.SZ,百润股份,红黄酒,21.65,1.79,31.65
151,300473.SZ,德尔股份,汽车配件,38.81,1.78,3.08
152,601100.SH,恒立液压,工程机械,40.71,1.77,8.81
153,603118.SH,共进股份,通信设备,13.52,1.77,10.4
154,600378.SH,昊华科技,化工原料,18.17,1.75,5.06
155,300058.SZ,蓝色光标,广告包装,5.68,1.75,9.25
156,603738.SH,泰晶科技,元器件,20.95,1.75,31.29
157,600809.SH,山西汾酒,白酒,79.98,1.75,31.61
158,603360.SH,百傲化学,化工原料,36.68,1.74,35.69
159,002036.SZ,联创电子,元器件,14.64,1.73,5.47
160,002152.SZ,广电运通,IT设备,8.81,1.73,5.13
161,300529.SZ,健帆生物,医疗保健,81.85,1.72,23.33
162,002915.SZ,中欣氟材,化工原料,28.6,1.72,21.05
163,603556.SH,海兴电力,电器仪表,19.08,1.72,8.89
164,002169.SZ,智光电气,电气设备,7.31,1.71,10.54
165,002479.SZ,富春环保,火力发电,7.53,1.71,22.86
166,300267.SZ,尔康制药,化学制药,6.52,1.7,3.22
167,300352.SZ,北信源,软件服务,6.91,1.7,7.69
168,002706.SZ,良信电器,电气设备,8.0,1.69,9.22
169,300285.SZ,国瓷材料,陶瓷,22.31,1.69,14.9
170,600371.SH,万向德农,种植业,12.63,1.69,50.11
171,000672.SZ,上峰水泥,水泥,16.05,1.68,3.87
172,300726.SZ,宏达电子,元器件,27.65,1.67,26.35
173,000988.SZ,华工科技,电器仪表,19.6,1.67,11.89
174,300570.SZ,太辰光,元器件,29.35,1.67,21.31
175,000868.SZ,*ST安凯,汽车整车,3.76,1.67,2.68
176,600763.SH,通策医疗,医疗保健,106.05,1.67,37.72
177,600276.SH,恒瑞医药,化学制药,83.39,1.66,10.05
178,603444.SH,吉比特,互联网,273.1,1.66,10.67
179,300315.SZ,掌趣科技,互联网,4.69,1.66,4.49
180,300571.SZ,平治信息,互联网,54.0,1.65,5.69
181,300581.SZ,晨曦航空,航空,19.58,1.65,16.7
182,300134.SZ,大富科技,通信设备,18.35,1.65,8.19
183,000035.SZ,中国天楹,环境保护,6.1,1.65,7.7
184,002819.SZ,东方中科,电器仪表,29.92,1.65,8.68
185,300386.SZ,飞天诚信,软件服务,15.26,1.64,5.35
186,600131.SH,岷江水电,水力发电,20.29,1.64,4.2
187,300767.SZ,震安科技,橡胶,47.3,1.64,3.27
188,603703.SH,盛洋科技,通信设备,16.23,1.63,22.67
189,000739.SZ,普洛药业,化学制药,12.95,1.63,7.16
190,002481.SZ,双塔食品,食品,8.12,1.63,63.09
191,603939.SH,益丰药房,医药商业,84.2,1.63,29.33
192,002395.SZ,双象股份,塑料,24.13,1.63,47.35
193,300014.SZ,亿纬锂能,电气设备,33.39,1.62,33.09
194,603226.SH,菲林格尔,家居用品,30.55,1.62,22.04
195,600588.SH,用友网络,软件服务,31.54,1.62,5.3
196,300369.SZ,绿盟科技,软件服务,16.86,1.61,24.25
197,000058.SZ,深赛格,元器件,8.43,1.61,16.82
198,002352.SZ,顺丰控股,仓储物流,41.4,1.61,8.56
199,002316.SZ,亚联发展,软件服务,10.28,1.6,1.6
200,002876.SZ,三利谱,元器件,44.58,1.59,5.71
201,002129.SZ,中环股份,半导体,12.89,1.59,9.18
202,603042.SH,华脉科技,通信设备,17.6,1.59,5.4
203,002387.SZ,维信诺,元器件,16.16,1.58,24.62
204,603429.SH,集友股份,广告包装,33.82,1.57,11.38
205,600363.SH,联创光电,元器件,12.52,1.57,24.18
206,000001.SZ,平安银行,银行,16.81,1.57,15.25
207,300533.SZ,冰川网络,软件服务,45.04,1.57,8.01
208,000032.SZ,深桑达A,元器件,11.77,1.57,9.89
209,600933.SH,爱柯迪,汽车配件,10.36,1.57,7.49
210,603681.SH,永冠新材,化工原料,31.88,1.56,2.9
211,603666.SH,亿嘉和,专用机械,65.79,1.56,6.0
212,300244.SZ,迪安诊断,医疗保健,24.92,1.56,8.87
213,002660.SZ,茂硕电源,电气设备,9.19,1.56,5.58
214,300162.SZ,雷曼光电,元器件,8.39,1.55,6.03
215,002439.SZ,启明星辰,软件服务,32.53,1.54,8.29
216,300632.SZ,光莆股份,半导体,19.39,1.54,2.64
217,601139.SH,深圳燃气,供气供热,7.17,1.54,3.44
218,300331.SZ,苏大维格,元器件,22.06,1.54,10.11
219,000661.SZ,长春高新,生物制药,401.08,1.53,30.22
220,300476.SZ,胜宏科技,元器件,14.72,1.53,6.92
221,300468.SZ,四方精创,软件服务,21.24,1.52,7.12
222,603605.SH,珀莱雅,日用化工,84.3,1.52,24.46
223,002486.SZ,嘉麟杰,服饰,4.86,1.51,6.97
224,300685.SZ,艾德生物,生物制药,66.69,1.51,7.64
225,002913.SZ,奥士康,元器件,57.04,1.51,5.05
226,002138.SZ,顺络电子,元器件,21.7,1.51,15.79
227,603021.SH,山东华鹏,玻璃,8.25,1.51,5.99
228,002364.SZ,中恒电气,电气设备,13.37,1.51,4.88
229,002801.SZ,微光股份,电气设备,36.15,1.51,18.0
230,002409.SZ,雅克科技,化工原料,20.62,1.5,6.6
231,600861.SH,北京城乡,百货,9.97,1.5,14.33
232,300622.SZ,博士眼镜,其他商业,23.94,1.5,5.75
233,002880.SZ,卫光生物,生物制药,54.78,1.49,4.56
234,603090.SH,宏盛股份,专用机械,18.8,1.48,3.37
235,300487.SZ,蓝晓科技,化工原料,37.61,1.48,4.78
236,002475.SZ,立讯精密,元器件,27.2,1.47,3.66
237,000021.SZ,深科技,IT设备,11.09,1.47,15.28
238,603859.SH,能科股份,软件服务,26.03,1.47,6.66
239,300548.SZ,博创科技,元器件,42.59,1.46,7.89
240,300739.SZ,明阳电路,元器件,20.63,1.46,1.46
241,000975.SZ,银泰资源,铅锌,13.95,1.45,30.21
242,002861.SZ,瀛通通讯,通信设备,27.0,1.45,4.31
243,600519.SH,贵州茅台,白酒,1174.6,1.45,25.55
244,300458.SZ,全志科技,元器件,27.13,1.45,7.71
245,300395.SZ,菲利华,玻璃,23.5,1.45,5.84
246,300445.SZ,康斯特,电器仪表,15.21,1.45,5.04
247,603338.SH,浙江鼎力,专用机械,62.04,1.45,1.45
248,603318.SH,派思股份,专用机械,31.7,1.44,33.38
249,000048.SZ,*ST康达,饲料,24.87,1.43,5.74
250,002683.SZ,宏大爆破,化工原料,14.07,1.43,4.26
251,300078.SZ,思创医惠,元器件,12.25,1.42,6.78
252,603477.SH,振静股份,纺织,10.0,1.42,3.51
253,300311.SZ,任子行,软件服务,8.54,1.42,2.42
254,600007.SH,中国国贸,园区开发,17.84,1.41,11.15
255,002732.SZ,燕塘乳业,乳制品,21.67,1.41,15.14
256,603305.SH,旭升股份,汽车配件,28.7,1.41,3.74
257,002634.SZ,棒杰股份,服饰,7.93,1.41,15.41
258,603079.SH,圣达生物,食品,35.32,1.41,41.79
259,000620.SZ,新华联,全国地产,5.29,1.4,2.34
260,603222.SH,济民制药,化学制药,46.64,1.4,62.79
261,603690.SH,至纯科技,专用机械,24.1,1.4,6.86
262,300735.SZ,光弘科技,通信设备,28.47,1.4,7.18
263,002153.SZ,石基信息,软件服务,39.39,1.39,8.69
264,000636.SZ,风华高科,元器件,15.4,1.39,3.39
265,600315.SH,上海家化,日用化工,36.53,1.39,6.27
266,002379.SZ,宏创控股,铝,4.12,1.38,7.09
267,603027.SH,千禾味业,食品,22.69,1.38,1.38
268,603369.SH,今世缘,白酒,32.75,1.38,22.74
269,300316.SZ,晶盛机电,专用机械,15.11,1.37,4.72
270,002250.SZ,联化科技,化工原料,13.51,1.37,8.88
271,002697.SZ,红旗连锁,超市连锁,7.67,1.36,18.53
272,300118.SZ,东方日升,半导体,13.65,1.36,6.59
273,600592.SH,龙溪股份,机械基件,15.1,1.35,58.7
274,002237.SZ,恒邦股份,黄金,13.77,1.35,45.71
275,603198.SH,迎驾贡酒,白酒,21.79,1.35,6.2
276,002705.SZ,新宝股份,家用电器,13.28,1.35,3.64
277,300689.SZ,澄天伟业,元器件,38.42,1.34,8.34
278,603228.SH,景旺电子,元器件,47.0,1.34,2.39
279,600628.SH,新世界,百货,8.93,1.34,4.07
280,002537.SZ,海联金汇,汽车整车,10.39,1.33,1.59
281,300542.SZ,新晨科技,软件服务,16.27,1.32,1.87
282,600063.SH,皖维高新,化纤,3.59,1.32,2.33
283,603976.SH,正川股份,医疗保健,19.7,1.31,5.35
284,600767.SH,ST运盛,医疗保健,5.65,1.31,1.5
285,600234.SH,*ST山水,文教休闲,8.33,1.31,1.71
286,002886.SZ,沃特股份,塑料,25.92,1.31,3.94
287,603883.SH,老百姓,医药商业,77.54,1.3,16.82
288,002777.SZ,久远银海,软件服务,37.83,1.3,2.44
289,600079.SH,人福医药,化学制药,12.73,1.3,3.36
290,300033.SZ,同花顺,软件服务,107.37,1.3,6.68
291,603638.SH,艾迪精密,专用机械,26.12,1.3,6.39
292,002902.SZ,铭普光磁,元器件,31.79,1.29,6.04
293,300613.SZ,富瀚微,半导体,123.2,1.29,10.52
294,603208.SH,江山欧派,家居用品,38.35,1.29,4.31
295,300127.SZ,银河磁体,元器件,19.22,1.29,44.64
296,000034.SZ,神州数码,综合类,15.95,1.29,5.33
297,603866.SH,桃李面包,食品,48.87,1.29,6.13
298,300709.SZ,精研科技,元器件,57.94,1.29,45.8
299,300760.SZ,迈瑞医疗,医疗保健,182.36,1.29,29.86
300,603258.SH,电魂网络,互联网,23.13,1.29,31.19
301,600845.SH,宝信软件,软件服务,37.55,1.28,3.37
302,603178.SH,圣龙股份,汽车配件,11.75,1.28,2.08
303,600870.SH,ST厦华,家用电器,3.48,1.28,3.23
304,600593.SH,大连圣亚,旅游服务,40.2,1.28,3.77
305,603187.SH,海容冷链,机械基件,37.27,1.28,1.28
306,002048.SZ,宁波华翔,汽车配件,14.4,1.28,6.28
307,002332.SZ,仙琚制药,生物制药,8.17,1.28,2.87
308,600261.SH,阳光照明,家用电器,4.51,1.28,3.35
309,300253.SZ,卫宁健康,软件服务,15.86,1.27,5.38
310,300041.SZ,回天新材,化工原料,10.85,1.27,24.64
311,300251.SZ,光线传媒,影视音像,8.73,1.26,5.55
312,300208.SZ,青岛中程,电气设备,8.14,1.26,5.14
313,603008.SH,喜临门,家居用品,12.87,1.26,3.46
314,603920.SH,世运电路,元器件,16.71,1.26,15.74
315,002414.SZ,高德红外,电器仪表,22.63,1.26,4.41
316,000089.SZ,深圳机场,机场,10.7,1.25,7.2
317,600186.SH,*ST莲花,食品,1.7,1.25,1.25
318,000066.SZ,中国长城,IT设备,12.69,1.25,11.14
319,002655.SZ,共达电声,元器件,9.85,1.25,6.51
320,300406.SZ,九强生物,生物制药,16.77,1.25,3.33
321,002903.SZ,宇环数控,机床制造,18.21,1.25,4.12
322,002050.SZ,三花智控,机械基件,13.2,1.25,3.34
323,603081.SH,大丰实业,专用机械,15.08,1.24,2.49
324,603908.SH,牧高笛,纺织,29.09,1.24,5.23
325,601038.SH,一拖股份,农用机械,6.82,1.24,36.55
326,000858.SZ,五粮液,白酒,131.25,1.24,42.36
327,600584.SH,长电科技,半导体,16.67,1.23,11.71
328,603806.SH,福斯特,塑料,43.55,1.23,18.64
329,002080.SZ,中材科技,化纤,11.08,1.23,1.23
330,603358.SH,华达科技,汽车配件,13.92,1.22,4.28
331,000949.SZ,新乡化纤,化纤,3.72,1.22,6.55
332,300229.SZ,拓尔思,软件服务,13.25,1.21,2.33
333,000632.SZ,三木集团,综合类,6.23,1.21,24.64
334,002134.SZ,天津普林,元器件,9.58,1.21,11.24
335,300615.SZ,欣天科技,元器件,23.4,1.21,21.87
336,300686.SZ,智动力,元器件,20.04,1.2,8.42
337,600536.SH,中国软件,软件服务,72.81,1.2,14.02
338,000785.SZ,武汉中商,百货,11.31,1.2,2.41
339,300779.SZ,惠城环保,环境保护,32.84,1.2,1.2
340,603839.SH,安正时尚,服饰,14.36,1.2,3.9
341,600867.SH,通化东宝,生物制药,17.34,1.19,6.38
342,300114.SZ,中航电测,元器件,11.33,1.19,7.81
343,002410.SZ,广联达,软件服务,35.4,1.19,24.09
344,002922.SZ,伊戈尔,电气设备,17.82,1.18,2.43
345,300023.SZ,宝德股份,专用机械,8.09,1.18,9.15
346,300330.SZ,华虹计通,软件服务,10.99,1.18,5.92
347,300697.SZ,电工合金,铜,15.68,1.18,16.88
348,300339.SZ,润和软件,软件服务,15.03,1.18,10.71
349,600119.SH,*ST长投,仓储物流,5.51,1.18,1.18
350,601137.SH,博威合金,铜,11.0,1.18,9.03
351,300209.SZ,天泽信息,软件服务,14.06,1.18,3.17
352,600048.SH,保利地产,全国地产,15.71,1.17,3.18
353,600769.SH,祥龙电业,建筑工程,6.29,1.17,21.63
354,002317.SZ,众生药业,中成药,10.47,1.17,4.86
355,600201.SH,生物股份,生物制药,18.85,1.17,4.82
356,002236.SZ,大华股份,电器仪表,15.92,1.17,4.57
357,300348.SZ,长亮科技,软件服务,17.94,1.17,1.17
358,002643.SZ,万润股份,化工原料,12.41,1.17,6.47
359,300034.SZ,钢研高纳,小金属,16.51,1.16,27.26
360,002611.SZ,东方精工,轻工机械,5.09,1.15,2.3
361,300650.SZ,太龙照明,电气设备,17.65,1.15,4.75
362,002202.SZ,金风科技,电气设备,13.23,1.15,4.49
363,603321.SH,梅轮电梯,运输设备,9.27,1.15,3.22
364,300113.SZ,顺网科技,互联网,18.57,1.14,3.04
365,300543.SZ,朗科智能,电气设备,22.42,1.14,19.84
366,002324.SZ,普利特,塑料,12.12,1.14,1.14
367,600380.SH,健康元,化学制药,9.9,1.14,5.33
368,600641.SH,万业企业,区域地产,13.31,1.14,5.29
369,601966.SH,玲珑轮胎,汽车配件,21.24,1.13,14.16
370,300052.SZ,中青宝,互联网,12.11,1.13,6.11
371,600083.SH,博信股份,综合类,19.42,1.12,2.72
372,300207.SZ,欣旺达,元器件,14.02,1.12,4.22
373,002815.SZ,崇达技术,元器件,18.12,1.12,9.83
374,601888.SH,中国国旅,旅游服务,94.81,1.12,28.54
375,300751.SZ,迈为股份,专用机械,157.08,1.12,3.15
376,002111.SZ,威海广泰,航空,15.33,1.12,6.28
377,300776.SZ,帝尔激光,专用机械,146.8,1.12,3.9
378,300702.SZ,天宇股份,化学制药,44.19,1.12,7.44
379,600685.SH,中船防务,船舶,16.78,1.12,6.11
380,300057.SZ,万顺新材,广告包装,6.73,1.12,1.31
381,002511.SZ,中顺洁柔,造纸,12.79,1.11,33.95
382,002855.SZ,捷荣技术,塑料,11.88,1.1,6.27
383,300122.SZ,智飞生物,生物制药,50.0,1.1,6.08
384,603706.SH,东方环宇,供气供热,25.19,1.1,1.95
385,600557.SH,康缘药业,中成药,17.39,1.1,21.39
386,600647.SH,同达创业,综合类,17.59,1.1,8.33
387,603031.SH,安德利,百货,14.67,1.1,15.23
388,600837.SH,海通证券,证券,14.97,1.09,4.12
389,002751.SZ,易尚展示,家居用品,25.81,1.09,7.76
390,002213.SZ,特尔佳,汽车配件,9.72,1.09,2.69
391,002156.SZ,通富微电,半导体,10.85,1.09,5.59
392,603386.SH,广东骏亚,元器件,18.28,1.09,5.56
393,300658.SZ,延江股份,纺织,14.84,1.08,1.87
394,002841.SZ,视源股份,元器件,91.36,1.08,6.43
395,603133.SH,碳元科技,元器件,17.77,1.08,6.16
396,600698.SH,*ST天雁,汽车配件,2.97,1.08,1.08
397,600511.SH,国药股份,医药商业,27.97,1.08,5.42
398,601360.SH,三六零,互联网,25.46,1.08,3.37
399,603757.SH,大元泵业,专用机械,16.47,1.08,1.7
400,300190.SZ,维尔利,环境保护,7.51,1.08,24.83
401,000031.SZ,大悦城,全国地产,7.6,1.07,1.07
402,000526.SZ,紫光学大,文教休闲,26.95,1.07,4.82
403,603267.SH,鸿远电子,元器件,53.6,1.07,2.8
404,300428.SZ,四通新材,铝,13.54,1.07,5.3
405,600612.SH,老凤祥,服饰,49.95,1.07,10.37
406,603688.SH,石英股份,矿物制品,14.7,1.06,5.5
407,002142.SZ,宁波银行,银行,27.53,1.06,17.02
408,300144.SZ,宋城演艺,旅游景点,26.32,1.06,14.32
409,300383.SZ,光环新网,电信运营,19.05,1.06,4.81
410,002796.SZ,世嘉科技,专用机械,39.89,1.06,5.6
411,002755.SZ,奥赛康,化学制药,14.77,1.06,1.22
412,300496.SZ,中科创达,软件服务,36.39,1.06,6.38
413,603466.SH,风语筑,文教休闲,18.19,1.06,2.19
414,600570.SH,恒生电子,软件服务,76.32,1.05,1.85
415,603595.SH,东尼电子,元器件,27.23,1.05,2.2
416,300220.SZ,金运激光,元器件,38.0,1.04,65.73
417,300198.SZ,纳川股份,塑料,4.29,1.04,1.04
418,002205.SZ,国统股份,其他建材,21.15,1.04,2.04
419,002179.SZ,中航光电,元器件,40.1,1.03,2.2
420,600523.SH,贵航股份,汽车配件,14.82,1.03,3.48
421,002415.SZ,海康威视,电器仪表,30.68,1.03,3.14
422,002638.SZ,勤上股份,文教休闲,3.43,1.03,2.77
423,603169.SH,兰石重装,专用机械,6.68,1.03,3.56
424,600185.SH,格力地产,区域地产,5.42,1.03,2.07
425,600211.SH,西藏药业,中成药,38.35,1.03,1.75
426,601958.SH,金钼股份,小金属,7.78,1.02,3.69
427,300248.SZ,新开普,软件服务,8.9,1.02,1.79
428,600720.SH,祁连山,水泥,10.13,1.02,4.39
429,600603.SH,广汇物流,仓储物流,5.65,1.02,3.3
430,600389.SH,江山股份,农药化肥,22.83,1.02,1.7
431,002049.SZ,紫光国微,元器件,51.62,1.02,25.99
432,002214.SZ,大立科技,电器仪表,10.75,1.02,25.42
433,300768.SZ,迪普科技,软件服务,38.02,1.02,1.07
434,000403.SZ,振兴生化,生物制药,34.51,1.01,4.18
435,002557.SZ,洽洽食品,食品,26.32,1.01,4.26
436,600894.SH,广日股份,运输设备,9.29,1.01,6.74
437,603823.SH,百合花,染料涂料,22.0,1.01,3.27
438,000892.SZ,欢瑞世纪,影视音像,4.7,1.0,1.51
439,300270.SZ,中威电子,通信设备,9.36,0.99,7.03
440,603803.SH,瑞斯康达,通信设备,13.56,0.99,6.65
441,300059.SZ,东方财富,证券,15.31,0.99,0.99
442,603919.SH,金徽酒,白酒,17.45,0.99,4.29
443,600850.SH,华东电脑,软件服务,24.92,0.99,5.07
444,002063.SZ,远光软件,软件服务,10.5,0.99,3.0
445,002078.SZ,太阳纸业,造纸,7.82,0.98,4.41
446,600212.SH,江泉实业,综合类,5.01,0.98,2.22
447,600552.SH,凯盛科技,玻璃,5.77,0.98,3.17
448,300354.SZ,东华测试,电器仪表,13.44,0.98,21.14
449,300454.SZ,深信服,软件服务,107.66,0.98,6.24
450,300129.SZ,泰胜风能,电气设备,4.94,0.98,1.97
451,002637.SZ,赞宇科技,日用化工,8.19,0.98,1.4
452,600078.SH,澄星股份,化工原料,5.22,0.98,26.37
453,600815.SH,*ST厦工,工程机械,3.35,0.98,2.3
454,600423.SH,*ST柳化,农药化肥,3.67,0.97,0.97
455,002690.SZ,美亚光电,专用机械,32.85,0.97,21.45
456,002417.SZ,深南股份,多元金融,8.35,0.97,0.97
457,600741.SH,华域汽车,汽车配件,24.1,0.97,8.41
458,002058.SZ,威尔泰,电器仪表,14.77,0.97,4.4
459,300715.SZ,凯伦股份,其他建材,22.68,0.97,0.97
460,300327.SZ,中颖电子,半导体,26.72,0.97,7.4
461,300494.SZ,盛天网络,互联网,12.55,0.96,3.35
462,600031.SH,三一重工,工程机械,14.75,0.96,20.43
463,002779.SZ,中坚科技,农用机械,17.92,0.96,2.5
464,002444.SZ,巨星科技,轻工机械,11.25,0.96,1.92
465,300725.SZ,药石科技,化工原料,73.12,0.95,3.32
466,300192.SZ,科斯伍德,文教休闲,11.4,0.95,2.44
467,000568.SZ,泸州老窖,白酒,87.67,0.95,35.63
468,002892.SZ,科力尔,电气设备,49.9,0.95,4.41
469,002318.SZ,久立特材,特种钢,8.33,0.95,2.46
470,300020.SZ,银江股份,软件服务,9.79,0.94,2.38
471,300460.SZ,惠伦晶体,元器件,10.22,0.94,6.21
472,600668.SH,尖峰集团,水泥,15.08,0.94,2.43
473,300076.SZ,GQY视讯,IT设备,6.08,0.93,1.68
474,002180.SZ,纳思达,IT设备,29.3,0.93,4.18
475,002853.SZ,皮阿诺,家居用品,20.65,0.93,2.93
476,601231.SH,环旭电子,元器件,14.5,0.93,4.8
477,603299.SH,苏盐井神,化工原料,7.66,0.93,0.93
478,000595.SZ,宝塔实业,机械基件,3.51,0.93,4.76
479,002911.SZ,佛燃股份,供气供热,18.03,0.93,2.0
480,600026.SH,中远海能,水运,7.15,0.92,3.1
481,600025.SH,华能水电,水力发电,4.5,0.92,16.14
482,300568.SZ,星源材质,化工原料,28.58,0.92,1.92
483,603038.SH,华立股份,装修装饰,15.36,0.92,1.28
484,002216.SZ,三全食品,食品,10.7,0.92,22.66
485,300298.SZ,三诺生物,医疗保健,14.48,0.92,1.09
486,002641.SZ,永高股份,塑料,4.66,0.92,13.12
487,002617.SZ,露笑科技,电气设备,6.24,0.91,3.89
488,600426.SH,华鲁恒升,农药化肥,16.99,0.91,3.82
489,600821.SH,津劝业,百货,5.14,0.91,4.63
490,000599.SZ,青岛双星,汽车配件,5.18,0.91,0.91
491,002636.SZ,金安国纪,元器件,9.09,0.91,4.38
492,300753.SZ,爱朋医疗,医疗保健,38.86,0.91,2.71
493,300644.SZ,南京聚隆,塑料,31.85,0.91,2.19
494,300636.SZ,同和药业,化学制药,22.92,0.91,4.46
495,002458.SZ,益生股份,农业综合,26.03,0.9,0.9
496,603110.SH,东方材料,染料涂料,17.7,0.9,5.47
497,603661.SH,恒林股份,家居用品,38.48,0.9,1.47
498,300584.SZ,海辰药业,化学制药,29.3,0.9,12.66
499,600173.SH,卧龙地产,全国地产,5.24,0.9,3.43
500,600608.SH,ST沪科,钢加工,5.11,0.89,2.93
501,300398.SZ,飞凯材料,染料涂料,14.42,0.89,1.57
502,002581.SZ,未名医药,生物制药,8.07,0.89,1.18
503,002197.SZ,证通电子,电器仪表,9.0,0.88,0.88
504,600323.SH,瀚蓝环境,水务,17.79,0.88,4.69
505,601238.SH,广汽集团,汽车整车,12.69,0.88,1.15
506,002695.SZ,煌上煌,食品,14.9,0.88,1.55
507,300397.SZ,天和防务,通信设备,24.8,0.88,4.63
508,600864.SH,哈投股份,证券,7.2,0.87,1.31
509,600084.SH,*ST中葡,红黄酒,2.66,0.87,1.31
510,000950.SZ,重药控股,医药商业,6.35,0.87,2.46
511,600470.SH,六国化工,农药化肥,4.74,0.87,1.97
512,000823.SZ,超声电子,元器件,10.75,0.87,4.44
513,300565.SZ,科信技术,通信设备,15.73,0.87,4.77
514,600491.SH,龙元建设,建筑工程,7.86,0.87,2.18
515,002734.SZ,利民股份,农药化肥,16.11,0.86,3.95
516,002729.SZ,好利来,元器件,36.9,0.86,33.29
517,603707.SH,健友股份,化学制药,40.2,0.86,3.76
518,002583.SZ,海能达,通信设备,10.04,0.86,2.61
519,300007.SZ,汉威科技,电器仪表,14.39,0.86,2.04
520,603586.SH,金麒麟,汽车配件,17.74,0.86,3.37
521,603899.SH,晨光文具,文教休闲,46.05,0.85,21.78
522,300489.SZ,中飞股份,铝,18.17,0.85,18.95
523,300142.SZ,沃森生物,生物制药,28.5,0.85,2.62
524,600195.SH,中牧股份,饲料,14.42,0.85,9.27
525,300708.SZ,聚灿光电,半导体,14.42,0.85,23.02
526,603333.SH,尚纬股份,电气设备,10.38,0.84,3.74
527,002011.SZ,盾安环境,工程机械,5.22,0.84,1.26
528,600525.SH,长园集团,电气设备,6.14,0.83,2.66
529,000700.SZ,模塑科技,汽车配件,4.19,0.83,0.83
530,300429.SZ,强力新材,化工原料,12.94,0.83,1.58
531,002362.SZ,汉王科技,IT设备,17.31,0.83,2.19
532,002315.SZ,焦点科技,互联网,18.13,0.82,4.6
533,002001.SZ,新和成,化学制药,22.02,0.82,15.76
534,300179.SZ,四方达,矿物制品,5.26,0.82,2.89
535,002182.SZ,云海金属,小金属,8.89,0.82,11.57
536,002889.SZ,东方嘉盛,仓储物流,26.89,0.82,1.89
537,000953.SZ,*ST河化,农药化肥,3.84,0.82,0.82
538,600886.SH,国投电力,水力发电,9.06,0.81,6.57
539,600546.SH,山煤国际,煤炭开采,6.49,0.81,39.63
540,002388.SZ,新亚制程,元器件,8.15,0.81,26.76
541,002949.SZ,华阳国际,建筑工程,23.71,0.81,3.71
542,601615.SH,明阳智能,机械基件,12.35,0.81,2.53
543,002268.SZ,卫士通,软件服务,27.66,0.81,3.0
544,002230.SZ,科大讯飞,软件服务,33.88,0.81,1.95
545,300420.SZ,五洋停车,机械基件,6.52,0.81,4.13
546,603600.SH,永艺股份,家居用品,11.01,0.81,2.77
547,601258.SH,*ST庞大,汽车服务,1.25,0.81,0.81
548,002750.SZ,龙津药业,中成药,15.69,0.81,0.81
549,002635.SZ,安洁科技,IT设备,14.71,0.8,2.56
550,600072.SH,中船科技,船舶,15.04,0.8,6.0
551,601798.SH,ST蓝科,化工机械,6.51,0.8,2.25
552,002939.SZ,长城证券,证券,15.51,0.8,7.15
553,600446.SH,金证股份,软件服务,22.29,0.8,1.4
554,000038.SZ,深大通,广告包装,12.71,0.8,0.8
555,300541.SZ,先进数通,软件服务,18.04,0.8,2.66
556,300724.SZ,捷佳伟创,专用机械,32.8,0.8,4.23
557,300085.SZ,银之杰,软件服务,16.26,0.79,2.53
558,603180.SH,金牌厨柜,家居用品,63.0,0.79,2.05
559,601595.SH,上海电影,影视音像,15.5,0.79,16.24
560,603288.SH,海天味业,食品,110.14,0.79,27.2
561,002837.SZ,英维克,专用机械,18.96,0.79,2.96
562,002897.SZ,意华股份,元器件,24.1,0.79,4.79
563,603987.SH,康德莱,医疗保健,8.38,0.79,3.59
564,600216.SH,浙江医药,化学制药,11.88,0.79,4.56
565,300256.SZ,星星科技,元器件,4.08,0.79,3.2
566,600161.SH,天坛生物,生物制药,29.88,0.79,14.71
567,601369.SH,陕鼓动力,机械基件,7.14,0.78,1.88
568,603005.SH,晶方科技,半导体,21.04,0.78,5.75
569,002828.SZ,贝肯能源,石油开采,13.47,0.78,1.72
570,300010.SZ,立思辰,软件服务,9.96,0.78,1.23
571,002589.SZ,瑞康医药,医药商业,8.17,0.78,3.58
572,601818.SH,光大银行,银行,4.31,0.78,0.78
573,002859.SZ,洁美科技,元器件,33.9,0.78,1.84
574,600966.SH,博汇纸业,造纸,4.14,0.78,9.26
575,300578.SZ,会畅通讯,通信设备,28.15,0.78,0.78
576,300555.SZ,路通视信,通信设备,11.18,0.78,0.78
577,000520.SZ,长航凤凰,水运,4.05,0.78,10.98
578,601318.SH,中国平安,保险,89.9,0.77,18.55
579,600071.SH,凤凰光学,元器件,10.81,0.77,1.83
580,300450.SZ,先导智能,专用机械,32.63,0.77,2.73
581,300521.SZ,爱司凯,专用机械,11.57,0.77,1.55
582,300700.SZ,岱勒新材,矿物制品,22.94,0.77,4.81
583,603316.SH,诚邦股份,建筑工程,9.28,0.77,3.22
584,002534.SZ,杭锅股份,专用机械,7.22,0.77,1.69
585,002647.SZ,仁东控股,多元金融,15.9,0.77,12.41
586,300761.SZ,立华股份,农业综合,71.24,0.76,5.1
587,600129.SH,太极集团,中成药,12.12,0.76,1.32
588,600009.SH,上海机场,机场,80.26,0.76,30.52
589,603189.SH,网达软件,软件服务,17.14,0.76,29.02
590,603997.SH,继峰股份,汽车配件,8.67,0.76,0.76
591,300664.SZ,鹏鹞环保,环境保护,11.69,0.76,10.7
592,603727.SH,博迈科,石油开采,17.18,0.76,19.32
593,300486.SZ,东杰智能,专用机械,14.9,0.76,1.36
594,002831.SZ,裕同科技,广告包装,21.93,0.76,1.32
595,002428.SZ,云南锗业,小金属,7.88,0.76,8.31
596,000697.SZ,炼石航空,航空,12.67,0.76,4.22
597,603041.SH,美思德,化工原料,17.36,0.75,1.88
598,300737.SZ,科顺股份,其他建材,10.35,0.75,0.75
599,600674.SH,川投能源,水力发电,10.12,0.75,3.68
600,300621.SZ,维业股份,装修装饰,11.4,0.75,4.7
601,000976.SZ,华铁股份,运输设备,5.74,0.75,1.13
602,002675.SZ,东诚药业,化学制药,13.2,0.75,4.65
603,002100.SZ,天康生物,饲料,9.98,0.75,0.75
604,603505.SH,金石资源,矿物制品,19.98,0.75,20.35
605,300463.SZ,迈克生物,医疗保健,26.97,0.75,23.85
606,002019.SZ,亿帆医药,化学制药,13.8,0.74,0.99
607,002452.SZ,长高集团,电气设备,4.57,0.74,0.74
608,002473.SZ,圣莱达,家用电器,9.18,0.74,1.11
609,002758.SZ,华通医药,医药商业,10.97,0.74,1.92
610,300569.SZ,天能重工,专用机械,18.7,0.74,1.26
611,603199.SH,九华旅游,旅游景点,24.4,0.74,6.15
612,600422.SH,昆药集团,中成药,11.38,0.74,0.74
613,600986.SH,科达股份,互联网,4.97,0.74,0.74
614,601138.SH,工业富联,通信设备,14.82,0.74,1.48
615,002579.SZ,中京电子,元器件,11.77,0.74,4.26
616,300148.SZ,天舟文化,出版业,4.53,0.73,1.95
617,300607.SZ,拓斯达,专用机械,38.94,0.73,2.57
618,300193.SZ,佳士科技,专用机械,8.56,0.73,4.85
619,002605.SZ,姚记科技,文教休闲,12.37,0.73,4.93
620,000063.SZ,中兴通讯,通信设备,32.9,0.73,2.28
621,603300.SH,华铁应急,钢加工,9.8,0.73,0.73
622,600765.SH,中航重机,机械基件,10.56,0.73,2.95
623,300388.SZ,国祯环保,环境保护,10.39,0.73,1.99
624,300037.SZ,新宙邦,化工原料,24.92,0.73,2.63
625,000861.SZ,海印股份,房产服务,2.84,0.73,1.83
626,002848.SZ,高斯贝尔,通信设备,13.81,0.73,3.39
627,002912.SZ,中新赛克,软件服务,101.5,0.72,0.72
628,002725.SZ,跃岭股份,汽车配件,10.46,0.72,7.05
629,300443.SZ,金雷股份,专用机械,15.76,0.72,3.06
630,002624.SZ,完美世界,影视音像,28.47,0.72,1.61
631,300549.SZ,优德精密,专用机械,14.79,0.72,3.26
632,002015.SZ,协鑫能科,新型电力,5.91,0.72,1.07
633,002870.SZ,香山股份,电器仪表,20.86,0.72,2.88
634,300233.SZ,金城医药,化学制药,20.39,0.72,3.53
635,603678.SH,火炬电子,元器件,22.98,0.71,16.95
636,000707.SZ,ST双环,化工原料,3.34,0.71,0.71
637,300271.SZ,华宇软件,软件服务,21.3,0.71,2.82
638,000157.SZ,中联重科,工程机械,6.09,0.7,4.47
639,000890.SZ,法尔胜,多元金融,6.49,0.7,0.7
640,000408.SZ,藏格控股,农药化肥,8.82,0.7,1.05
641,300442.SZ,普丽盛,轻工机械,16.31,0.7,2.67
642,603606.SH,东方电缆,电气设备,12.26,0.7,1.6
643,600406.SH,国电南瑞,软件服务,21.6,0.7,1.67
644,002098.SZ,浔兴股份,服饰,6.66,0.7,0.7
645,600872.SH,中炬高新,食品,43.45,0.69,20.22
646,300669.SZ,沪宁股份,机械基件,23.15,0.69,2.99
647,603636.SH,南威软件,软件服务,11.18,0.69,2.08
648,300679.SZ,电连技术,元器件,36.09,0.69,1.48
649,002609.SZ,捷顺科技,软件服务,9.1,0.69,17.47
650,002649.SZ,博彦科技,软件服务,10.13,0.69,0.92
651,002017.SZ,东信和平,通信设备,15.43,0.68,4.48
652,603737.SH,三棵树,染料涂料,64.03,0.68,1.39
653,300333.SZ,兆日科技,元器件,10.56,0.68,3.05
654,300384.SZ,三联虹普,纺织机械,17.7,0.68,4.72
655,300036.SZ,超图软件,软件服务,17.78,0.67,3.72
656,600547.SH,山东黄金,黄金,34.72,0.67,23.21
657,002693.SZ,双成药业,化学制药,5.05,0.67,0.9
658,002909.SZ,集泰股份,化工原料,11.49,0.67,1.83
659,600737.SH,中粮糖业,食品,9.09,0.67,0.67
660,603887.SH,城地股份,建筑工程,18.71,0.67,3.06
661,601858.SH,中国科传,出版业,11.97,0.67,1.52
662,603080.SH,新疆火炬,供气供热,20.48,0.66,1.61
663,002625.SZ,光启技术,汽车配件,10.06,0.66,0.66
664,600356.SH,恒丰纸业,造纸,8.31,0.66,0.79
665,300268.SZ,佳沃股份,农业综合,15.7,0.66,0.99
666,600171.SH,上海贝岭,半导体,15.35,0.66,4.99
667,600466.SH,蓝光发展,区域地产,6.65,0.66,0.66
668,000999.SZ,华润三九,中成药,31.13,0.66,2.72
669,600489.SH,中金黄金,黄金,8.92,0.65,11.37
670,600360.SH,华微电子,半导体,6.48,0.65,1.64
671,300465.SZ,高伟达,软件服务,8.66,0.65,0.78
672,000017.SZ,深中华A,文教休闲,4.9,0.65,3.05
673,002105.SZ,信隆健康,文教休闲,4.91,0.65,2.17
674,603500.SH,祥和实业,运输设备,13.55,0.65,1.62
675,601567.SH,三星医疗,电器仪表,6.98,0.65,1.47
676,002155.SZ,湖南黄金,黄金,8.81,0.65,13.49
677,300553.SZ,集智股份,电器仪表,37.59,0.65,3.25
678,603197.SH,保隆科技,汽车配件,21.89,0.65,1.65
679,002041.SZ,登海种业,种植业,8.4,0.65,0.65
680,603778.SH,乾景园林,建筑工程,4.8,0.65,2.17
681,002743.SZ,富煌钢构,钢加工,6.85,0.65,1.47
682,600869.SH,智慧能源,电气设备,5.15,0.64,0.85
683,002008.SZ,大族激光,电器仪表,36.65,0.64,0.97
684,002866.SZ,传艺科技,IT设备,12.6,0.64,2.44
685,300053.SZ,欧比特,半导体,11.23,0.64,3.71
686,603345.SH,安井食品,食品,51.79,0.64,0.85
687,300619.SZ,金银河,专用机械,24.9,0.64,1.5
688,000677.SZ,恒天海龙,化纤,3.63,0.63,0.63
689,002591.SZ,恒大高新,化工原料,8.42,0.63,0.63
690,002563.SZ,森马服饰,服饰,12.59,0.63,2.81
691,002730.SZ,电光科技,电气设备,8.72,0.63,1.65
692,603383.SH,顶点软件,软件服务,80.71,0.63,0.71
693,000607.SZ,华媒控股,广告包装,5.08,0.63,0.63
694,002845.SZ,同兴达,元器件,18.29,0.63,3.25
695,002420.SZ,*ST毅昌,塑料,3.43,0.63,0.95
696,600030.SH,中信证券,证券,22.94,0.62,2.11
697,002597.SZ,金禾实业,化工原料,19.98,0.62,2.07
698,300215.SZ,电科院,电气设备,6.86,0.62,2.33
699,603813.SH,原尚股份,仓储物流,20.09,0.62,0.62
700,300748.SZ,金力永磁,元器件,44.08,0.62,82.6
701,603165.SH,荣晟环保,造纸,18.66,0.62,1.52
702,600746.SH,江苏索普,化工原料,6.93,0.62,0.62
703,000656.SZ,金科股份,区域地产,7.25,0.62,0.77
704,000977.SZ,浪潮信息,IT设备,26.59,0.62,2.13
705,300043.SZ,星辉娱乐,文教休闲,5.1,0.62,0.82
706,603229.SH,奥翔药业,化学制药,14.2,0.62,0.7
707,002830.SZ,名雕股份,装修装饰,16.08,0.62,5.18
708,600206.SH,有研新材,半导体,10.84,0.62,30.09
709,300606.SZ,金太阳,矿物制品,18.76,0.61,1.63
710,600359.SH,新农开发,农业综合,6.01,0.61,0.61
711,300729.SZ,乐歌股份,家居用品,25.37,0.61,3.23
712,300680.SZ,隆盛科技,汽车配件,21.21,0.61,1.94
713,601066.SH,中信建投,证券,25.19,0.61,1.56
714,601928.SH,凤凰传媒,出版业,8.28,0.61,2.34
715,300447.SZ,全信股份,电气设备,11.66,0.61,3.55
716,603937.SH,丽岛新材,铝,11.89,0.61,0.88
717,000544.SZ,中原环保,环境保护,6.65,0.61,2.64
718,603609.SH,禾丰牧业,饲料,12.42,0.61,0.61
719,600107.SH,美尔雅,服饰,7.39,0.6,1.36
720,600155.SH,华创阳安,证券,14.9,0.6,1.72
721,300631.SZ,久吾高科,环境保护,17.36,0.6,2.79
722,600621.SH,华鑫股份,证券,13.29,0.6,1.74
723,300507.SZ,苏奥传感,汽车配件,11.49,0.6,0.6
724,000611.SZ,*ST天首,纺织,3.84,0.6,0.89
725,603730.SH,岱美股份,汽车配件,25.59,0.6,0.73
726,300455.SZ,康拓红外,运输设备,8.76,0.6,3.89
727,002847.SZ,盐津铺子,食品,35.88,0.6,2.39
728,601069.SH,西部黄金,黄金,15.38,0.6,4.96
729,000413.SZ,东旭光电,元器件,5.38,0.6,1.19
730,000792.SZ,*ST盐湖,化工原料,8.28,0.59,2.22
731,000100.SZ,TCL集团,家用电器,3.53,0.59,1.48
732,002489.SZ,浙江永强,家居用品,3.7,0.59,1.19
733,300770.SZ,新媒股份,影视音像,92.77,0.59,6.51
734,300470.SZ,日机密封,机械基件,27.75,0.59,2.15
735,600778.SH,友好集团,百货,6.01,0.59,0.59
736,300211.SZ,亿通科技,通信设备,6.76,0.59,3.16
737,603111.SH,康尼机电,运输设备,5.15,0.59,1.59
738,300498.SZ,温氏股份,农业综合,38.3,0.59,0.8
739,300623.SZ,捷捷微电,半导体,21.05,0.59,3.11
740,002857.SZ,三晖电气,电器仪表,13.93,0.59,3.2
741,002584.SZ,西陇科学,化工原料,5.74,0.59,0.98
742,600666.SH,*ST瑞德,元器件,1.86,0.59,0.59
743,603881.SH,数据港,电信运营,35.68,0.59,2.42
744,000627.SZ,天茂集团,保险,7.07,0.59,1.19
745,603683.SH,晶华新材,化工原料,14.2,0.59,2.09
746,603259.SH,药明康德,化学制药,88.63,0.58,1.56
747,300235.SZ,方直科技,软件服务,10.49,0.58,2.45
748,002281.SZ,光迅科技,通信设备,28.86,0.58,2.49
749,002212.SZ,南洋股份,电气设备,16.3,0.58,4.78
750,603322.SH,超讯通信,通信设备,21.71,0.58,0.97
751,600449.SH,宁夏建材,水泥,9.3,0.58,1.28
752,600383.SH,金地集团,全国地产,12.88,0.58,0.58
753,600193.SH,ST创兴,装修装饰,3.45,0.58,1.45
754,002064.SZ,华峰氨纶,化纤,5.58,0.58,0.58
755,603985.SH,恒润股份,机械基件,16.73,0.58,0.58
756,001872.SZ,招商港口,港口,17.95,0.58,1.11
757,300690.SZ,双一科技,电气设备,24.86,0.58,3.43
758,000010.SZ,*ST美丽,建筑工程,3.39,0.58,1.46
759,300609.SZ,汇纳科技,互联网,39.27,0.57,1.63
760,300303.SZ,聚飞光电,半导体,3.68,0.57,1.43
761,603043.SH,广州酒家,食品,31.87,0.57,6.66
762,002028.SZ,思源电气,电气设备,11.66,0.57,1.06
763,000400.SZ,许继电气,电气设备,9.82,0.57,0.57
764,300054.SZ,鼎龙股份,化工原料,9.31,0.57,3.25
765,300236.SZ,上海新阳,半导体,37.98,0.57,2.81
766,000657.SZ,中钨高新,小金属,7.14,0.57,3.65
767,300003.SZ,乐普医疗,医疗保健,26.53,0.57,1.3
768,300380.SZ,安硕信息,软件服务,22.48,0.57,0.93
769,002104.SZ,恒宝股份,元器件,7.72,0.57,1.73
770,300706.SZ,阿石创,元器件,24.79,0.57,2.58
771,000810.SZ,创维数字,家用电器,10.17,0.57,0.57
772,300274.SZ,阳光电源,电气设备,10.61,0.57,1.82
773,300590.SZ,移为通信,通信设备,36.99,0.57,1.34
774,603602.SH,纵横通信,通信设备,22.35,0.57,1.1
775,000426.SZ,兴业矿业,铅锌,5.45,0.56,1.11
776,601012.SH,隆基股份,半导体,26.52,0.56,4.59
777,601519.SH,大智慧,软件服务,7.68,0.56,4.87
778,300226.SZ,上海钢联,互联网,74.4,0.56,1.14
779,002271.SZ,东方雨虹,其他建材,22.17,0.56,2.16
780,600597.SH,光明乳业,乳制品,10.56,0.56,2.62
781,002079.SZ,苏州固锝,半导体,7.43,0.55,2.63
782,603885.SH,吉祥航空,空运,13.66,0.55,1.81
783,000411.SZ,英特集团,医药商业,13.97,0.55,0.63
784,300667.SZ,必创科技,电器仪表,29.47,0.55,3.06
785,002093.SZ,国脉科技,电信运营,8.98,0.55,2.2
786,300554.SZ,三超新材,矿物制品,17.46,0.55,2.12
787,600999.SH,招商证券,证券,17.01,0.55,0.97
788,600333.SH,长春燃气,供气供热,5.85,0.55,1.3
789,300218.SZ,安利股份,塑料,7.97,0.55,0.55
790,002627.SZ,宜昌交运,公共交通,8.05,0.55,0.83
791,603808.SH,歌力思,服饰,16.99,0.54,0.68
792,300699.SZ,光威复材,化工原料,41.19,0.54,0.65
793,603798.SH,康普顿,石油加工,12.11,0.54,1.82
794,600456.SH,宝钛股份,小金属,23.8,0.54,6.22
795,600309.SH,万华化学,化工原料,44.78,0.54,1.29
796,000718.SZ,苏宁环球,区域地产,3.91,0.54,0.82
797,000829.SZ,天音控股,其他商业,6.16,0.54,0.54
798,600667.SH,太极实业,半导体,7.37,0.54,2.58
799,600651.SH,飞乐音响,电器仪表,4.06,0.54,1.64
800,603214.SH,爱婴室,百货,39.77,0.54,1.74
801,600615.SH,丰华股份,小金属,8.39,0.54,0.95
802,000725.SZ,京东方A,元器件,3.76,0.54,2.16
803,603999.SH,读者传媒,出版业,6.04,0.54,1.07
804,000534.SZ,万泽股份,生物制药,10.45,0.54,1.85
805,000681.SZ,视觉中国,互联网,20.64,0.54,1.33
806,000625.SZ,长安汽车,汽车整车,7.84,0.54,0.54
807,600387.SH,海越能源,石油贸易,8.67,0.54,0.95
808,002312.SZ,三泰控股,IT设备,3.91,0.54,1.09
809,300131.SZ,英唐智控,元器件,5.89,0.53,1.61
810,601628.SH,中国人寿,保险,28.41,0.53,1.09
811,300674.SZ,宇信科技,软件服务,30.9,0.53,4.31
812,300480.SZ,光力科技,电器仪表,17.05,0.53,28.39
813,002083.SZ,孚日股份,纺织,6.04,0.53,1.23
814,601989.SH,中国重工,船舶,5.51,0.53,1.59
815,603177.SH,德创环保,环境保护,10.86,0.53,1.88
816,000088.SZ,盐田港,港口,5.99,0.53,1.07
817,002407.SZ,多氟多,化工原料,13.16,0.53,1.51
818,600721.SH,*ST百花,生物制药,5.73,0.53,0.89
819,603568.SH,伟明环保,环境保护,20.99,0.53,1.07
820,600571.SH,信雅达,软件服务,10.38,0.53,2.16
821,002252.SZ,上海莱士,生物制药,8.1,0.53,0.53
822,002217.SZ,合力泰,元器件,5.78,0.53,2.16
823,002670.SZ,国盛金控,证券,11.84,0.53,1.59
824,603239.SH,浙江仙通,汽车配件,9.86,0.53,0.53
825,603179.SH,新泉股份,汽车配件,14.62,0.52,0.82
826,600764.SH,中国海防,通信设备,29.26,0.52,3.34
827,002199.SZ,东晶电子,元器件,13.72,0.52,2.83
828,300769.SZ,德方纳米,化工原料,90.78,0.52,0.59
829,002106.SZ,莱宝高科,元器件,8.09,0.52,3.18
830,600000.SH,浦发银行,银行,12.45,0.52,1.38
831,603880.SH,南卫股份,医疗保健,10.15,0.52,0.52
832,002541.SZ,鸿路钢构,钢加工,8.47,0.52,0.52
833,300772.SZ,运达股份,电气设备,19.5,0.52,0.52
834,603739.SH,蔚蓝生物,农业综合,28.06,0.52,4.02
835,002010.SZ,传化智联,仓储物流,8.05,0.52,1.05
836,601128.SH,常熟银行,银行,8.37,0.52,0.52
837,300188.SZ,美亚柏科,软件服务,18.35,0.52,0.75
838,300558.SZ,贝达药业,化学制药,46.0,0.52,5.5
839,300117.SZ,嘉寓股份,装修装饰,4.05,0.52,0.52
840,300589.SZ,江龙船艇,船舶,13.17,0.51,3.81
841,300407.SZ,凯发电气,电气设备,8.08,0.51,1.94
842,300212.SZ,易华录,软件服务,30.21,0.51,1.62
843,601717.SH,郑煤机,汽车配件,6.17,0.51,2.55
844,603168.SH,莎普爱思,化学制药,8.06,0.51,0.76
845,601200.SH,上海环境,环境保护,11.24,0.51,1.12
846,002034.SZ,旺能环境,环境保护,16.1,0.51,0.7
847,300620.SZ,光库科技,元器件,38.7,0.51,1.27
848,002868.SZ,绿康生化,农业综合,18.42,0.51,0.51
849,300080.SZ,易成新能,半导体,6.4,0.51,0.51
850,603416.SH,信捷电气,电气设备,27.91,0.51,0.58
851,600203.SH,福日电子,元器件,7.05,0.5,0.66
852,603030.SH,全筑股份,装修装饰,6.91,0.5,0.5
853,603789.SH,星光农机,农用机械,14.65,0.5,2.38
854,300286.SZ,安科瑞,电器仪表,10.83,0.5,1.3
855,002096.SZ,南岭民爆,化工原料,6.5,0.5,1.0
856,300095.SZ,华伍股份,机械基件,5.95,0.5,2.0
857,300588.SZ,熙菱信息,软件服务,12.55,0.5,0.93
858,002478.SZ,常宝股份,钢加工,6.44,0.5,0.67
859,002107.SZ,沃华医药,中成药,7.99,0.5,1.24
860,300371.SZ,汇中股份,电器仪表,12.84,0.5,0.5
861,603626.SH,科森科技,专用机械,8.8,0.5,0.5
862,000519.SZ,中兵红箭,矿物制品,7.98,0.49,5.12
863,300257.SZ,开山股份,机械基件,11.54,0.49,0.49
864,600475.SH,华光股份,专用机械,10.36,0.49,1.17
865,300719.SZ,安达维尔,航空,12.09,0.49,5.6
866,300562.SZ,乐心医疗,医疗保健,12.34,0.49,1.81
867,000876.SZ,新希望,饲料,18.62,0.49,0.49
868,603029.SH,天鹅股份,农用机械,15.06,0.49,0.83
869,603960.SH,克来机电,专用机械,27.92,0.49,0.79
870,002587.SZ,奥拓电子,元器件,6.32,0.49,2.63
871,600585.SH,海螺水泥,水泥,43.26,0.49,1.78
872,300656.SZ,民德电子,IT设备,22.39,0.49,2.26
873,002380.SZ,科远智慧,电气设备,15.39,0.48,0.55
874,603655.SH,朗博科技,汽车配件,17.41,0.48,2.84
875,300683.SZ,海特生物,生物制药,31.35,0.48,1.32
876,300518.SZ,盛讯达,软件服务,25.12,0.48,1.61
877,300629.SZ,新劲刚,矿物制品,19.39,0.48,3.38
878,300260.SZ,新莱应材,机械基件,11.99,0.48,0.56
879,300140.SZ,中环装备,电气设备,10.43,0.48,1.36
880,601677.SH,明泰铝业,铝,10.97,0.48,1.65
881,300503.SZ,昊志机电,机械基件,9.35,0.48,0.48
882,000068.SZ,华控赛格,环境保护,4.83,0.48,0.48
883,603488.SH,展鹏科技,电气设备,8.88,0.48,0.48
884,300293.SZ,蓝英装备,专用机械,8.55,0.48,1.7
885,603003.SH,龙宇燃油,石油贸易,8.75,0.48,1.33
886,300168.SZ,万达信息,软件服务,14.38,0.48,0.48
887,300314.SZ,戴维医疗,医疗保健,9.28,0.47,0.47
888,000703.SZ,恒逸石化,化纤,14.04,0.47,0.47
889,603619.SH,中曼石油,石油开采,16.54,0.47,0.47
890,000586.SZ,汇源通信,通信设备,12.08,0.47,0.47
891,300424.SZ,航新科技,航空,16.4,0.47,2.94
892,600483.SH,福能股份,火力发电,8.74,0.47,1.06
893,002484.SZ,江海股份,元器件,6.83,0.47,0.78
894,000915.SZ,山大华特,化学制药,21.88,0.47,0.65
895,002506.SZ,协鑫集成,电气设备,6.52,0.47,1.73
896,000933.SZ,神火股份,煤炭开采,4.91,0.47,0.7
897,600998.SH,九州通,医药商业,14.25,0.46,0.46
898,300563.SZ,神宇股份,通信设备,30.94,0.46,0.53
899,603328.SH,依顿电子,元器件,11.05,0.46,4.53
900,601601.SH,中国太保,保险,36.49,0.46,1.53
901,300378.SZ,鼎捷软件,软件服务,16.52,0.46,1.66
902,603380.SH,易德龙,元器件,16.24,0.46,1.65
903,601881.SH,中国银河,证券,11.1,0.45,1.08
904,000918.SZ,嘉凯城,全国地产,6.77,0.45,0.45
905,601788.SH,光大证券,证券,11.75,0.45,0.8
906,002434.SZ,万里扬,汽车配件,7.07,0.45,1.21
907,002137.SZ,麦达数字,互联网,7.53,0.45,0.45
908,300514.SZ,友讯达,通信设备,13.35,0.45,0.45
909,300061.SZ,康旗股份,多元金融,7.29,0.45,2.29
910,002378.SZ,章源钨业,小金属,6.8,0.45,3.02
911,600731.SH,湖南海利,农药化肥,7.06,0.45,0.45
912,002860.SZ,星帅尔,电气设备,19.75,0.45,1.57
913,600288.SH,大恒科技,软件服务,11.3,0.45,3.0
914,002824.SZ,和胜股份,铝,11.99,0.45,0.45
915,603982.SH,泉峰汽车,汽车配件,19.11,0.45,0.45
916,300676.SZ,华大基因,医疗保健,65.1,0.45,1.9
917,600038.SH,中直股份,航空,44.42,0.44,3.33
918,002728.SZ,特一药业,中成药,16.85,0.44,0.69
919,002301.SZ,齐心集团,文教休闲,11.76,0.44,2.57
920,600560.SH,金自天正,电气设备,9.7,0.44,1.11
921,600961.SH,株冶集团,铅锌,9.0,0.44,2.56
922,300004.SZ,南风股份,电气设备,4.53,0.44,0.66
923,600766.SH,园城黄金,黄金,8.7,0.44,0.44
924,600606.SH,绿地控股,全国地产,7.29,0.44,0.58
925,000425.SZ,徐工机械,工程机械,4.66,0.44,0.67
926,600150.SH,中国船舶,船舶,21.55,0.44,1.56
927,300642.SZ,透景生命,医疗保健,42.5,0.43,0.43
928,600162.SH,香江控股,全国地产,2.39,0.43,0.43
929,002401.SZ,中远海科,软件服务,11.72,0.43,2.1
930,000598.SZ,兴蓉环境,水务,4.86,0.43,1.09
931,002816.SZ,和科达,专用机械,20.2,0.43,0.49
932,000062.SZ,深圳华强,批发业,15.53,0.43,0.79
933,300200.SZ,高盟新材,化工原料,9.59,0.43,1.18
934,300075.SZ,数字政通,软件服务,12.05,0.43,0.95
935,002234.SZ,民和股份,农业综合,34.95,0.43,0.43
936,300415.SZ,伊之密,专用机械,7.41,0.43,0.43
937,601208.SH,东材科技,化工原料,5.0,0.43,0.64
938,000045.SZ,深纺织A,元器件,7.33,0.42,1.56
939,300381.SZ,溢多利,生物制药,10.44,0.42,0.42
940,603659.SH,璞泰来,化工原料,50.36,0.42,0.9
941,603040.SH,新坐标,机械基件,29.29,0.42,1.31
942,600228.SH,ST昌九,化工原料,7.69,0.42,0.56
943,603722.SH,阿科力,化工原料,24.01,0.42,0.42
944,000651.SZ,格力电器,家用电器,58.57,0.42,1.33
945,002920.SZ,德赛西威,汽车配件,23.79,0.42,0.75
946,601919.SH,中远海控,水运,5.25,0.42,0.42
947,600505.SH,西昌电力,水力发电,7.48,0.42,1.12
948,603590.SH,康辰药业,化学制药,38.8,0.42,2.36
949,002072.SZ,*ST凯瑞,互联网,4.98,0.41,0.82
950,300073.SZ,当升科技,矿物制品,24.39,0.41,1.63
951,600589.SH,广东榕泰,塑料,5.38,0.41,1.44
952,603203.SH,快克股份,专用机械,22.3,0.41,0.45
953,000099.SZ,中信海直,空运,7.68,0.41,1.38
954,002084.SZ,海鸥住工,家居用品,5.41,0.41,1.85
955,600490.SH,鹏欣资源,铜,4.67,0.41,0.41
956,300402.SZ,宝色股份,专用机械,10.16,0.4,1.41
957,600702.SH,舍得酒业,白酒,28.62,0.4,1.58
958,600521.SH,华海药业,化学制药,14.74,0.4,2.5
959,601886.SH,江河集团,装修装饰,7.65,0.4,0.4
960,600843.SH,上工申贝,纺织机械,8.18,0.4,1.07
961,002890.SZ,弘宇股份,农用机械,20.69,0.4,1.07
962,300773.SZ,拉卡拉,软件服务,62.43,0.4,0.4
963,601211.SH,国泰君安,证券,17.79,0.4,0.97
964,603559.SH,中通国脉,通信设备,20.47,0.4,0.4
965,600036.SH,招商银行,银行,36.29,0.4,0.96
966,300505.SZ,川金诺,化工原料,23.33,0.4,1.25
967,300504.SZ,天邑股份,通信设备,24.93,0.4,1.61
968,600793.SH,宜宾纸业,造纸,18.53,0.39,0.84
969,601163.SH,三角轮胎,汽车配件,13.75,0.39,0.39
970,600469.SH,风神股份,汽车配件,5.41,0.39,0.39
971,002781.SZ,奇信股份,装修装饰,17.94,0.39,4.49
972,000912.SZ,泸天化,农药化肥,5.14,0.39,0.39
973,603657.SH,春光科技,塑料,27.3,0.39,0.43
974,600137.SH,浪莎股份,服饰,15.06,0.39,0.85
975,601177.SH,杭齿前进,机械基件,10.46,0.38,0.38
976,600640.SH,号百控股,影视音像,14.65,0.38,0.92
977,002025.SZ,航天电器,元器件,26.35,0.38,2.12
978,300366.SZ,创意信息,软件服务,10.88,0.38,20.14
979,603901.SH,永创智能,专用机械,8.13,0.38,1.4
980,002190.SZ,*ST集成,汽车配件,19.82,0.38,1.31
981,300254.SZ,仟源医药,化学制药,8.28,0.38,0.38
982,002688.SZ,金河生物,化学制药,6.0,0.38,1.72
983,600391.SH,航发科技,航空,15.38,0.38,2.73
984,603700.SH,宁波水表,电器仪表,25.7,0.38,1.02
985,300124.SZ,汇川技术,电器仪表,24.65,0.38,0.68
986,600900.SH,长江电力,水力发电,18.37,0.38,11.04
987,603368.SH,柳药股份,医药商业,36.18,0.37,12.97
988,600885.SH,宏发股份,电气设备,24.85,0.37,1.65
989,002931.SZ,锋龙股份,汽车配件,29.08,0.37,0.37
990,000877.SZ,天山股份,水泥,11.65,0.37,1.03
991,002185.SZ,华天科技,半导体,5.54,0.37,3.8
992,002338.SZ,奥普光电,电器仪表,14.66,0.37,1.03
993,300762.SZ,上海瀚讯,通信设备,59.8,0.37,0.37
994,002391.SZ,长青股份,农药化肥,8.45,0.37,0.37
995,600066.SH,宇通客车,汽车整车,13.72,0.37,1.04
996,600070.SH,浙江富润,互联网,8.68,0.37,0.49
997,601799.SH,星宇股份,汽车配件,76.49,0.37,1.51
998,603527.SH,众源新材,铜,10.93,0.37,0.37
999,300264.SZ,佳创视讯,通信设备,5.66,0.37,1.68
1000,002270.SZ,华明装备,电气设备,5.42,0.37,1.67
1001,603233.SH,大参林,医药商业,59.55,0.37,0.37
1002,000667.SZ,美好置业,全国地产,2.81,0.37,0.74
1003,002369.SZ,卓翼科技,通信设备,8.16,0.37,1.25
1004,300678.SZ,中科信息,软件服务,21.7,0.37,1.58
1005,000533.SZ,顺钠股份,电气设备,3.09,0.37,0.37
1006,600826.SH,兰生股份,商贸代理,12.19,0.36,0.36
1007,002276.SZ,万马股份,电气设备,6.07,0.36,0.36
1008,000961.SZ,中南建设,建筑工程,8.85,0.36,0.36
1009,603022.SH,新通联,广告包装,8.66,0.36,0.83
1010,002416.SZ,爱施德,电器连锁,5.61,0.36,0.36
1011,603220.SH,中贝通信,通信设备,27.14,0.36,1.37
1012,300030.SZ,阳普医疗,医疗保健,5.79,0.36,0.36
1013,603679.SH,华体科技,电气设备,46.54,0.36,0.36
1014,600768.SH,宁波富邦,铝,11.5,0.36,1.28
1015,600926.SH,杭州银行,银行,8.69,0.36,0.48
1016,002799.SZ,环球印务,广告包装,15.45,0.36,0.65
1017,002168.SZ,惠程科技,互联网,8.44,0.36,0.36
1018,600988.SH,赤峰黄金,黄金,5.08,0.36,0.36
1019,002390.SZ,信邦制药,中成药,5.85,0.36,1.27
1020,000833.SZ,粤桂股份,造纸,5.43,0.36,0.36
1021,002326.SZ,永太科技,化工原料,8.57,0.36,1.43
1022,002429.SZ,兆驰股份,家用电器,2.88,0.35,0.35
1023,002664.SZ,长鹰信质,汽车配件,14.82,0.35,3.37
1024,002851.SZ,麦格米特,电气设备,20.35,0.35,0.35
1025,002668.SZ,奥马电器,家用电器,7.28,0.35,2.7
1026,000779.SZ,甘咨询,建筑工程,11.75,0.35,1.15
1027,000931.SZ,中关村,生物制药,8.92,0.35,1.89
1028,002574.SZ,明牌珠宝,服饰,5.55,0.35,0.35
1029,002657.SZ,中科金财,软件服务,18.51,0.35,0.7
1030,603676.SH,卫信康,化学制药,11.29,0.35,0.35
1031,002498.SZ,汉缆股份,电气设备,3.0,0.35,0.35
1032,603315.SH,福鞍股份,机械基件,12.66,0.35,0.35
1033,603269.SH,海鸥股份,机械基件,14.95,0.34,0.34
1034,002803.SZ,吉宏股份,互联网,22.15,0.34,0.63
1035,300149.SZ,量子生物,生物制药,16.16,0.34,0.55
1036,600563.SH,法拉电子,元器件,43.79,0.34,1.04
1037,000582.SZ,北部湾港,港口,8.91,0.34,0.56
1038,002741.SZ,光华科技,化工原料,12.55,0.34,0.34
1039,300018.SZ,中元股份,电气设备,5.65,0.34,2.03
1040,300517.SZ,海波重科,建筑工程,15.39,0.34,0.4
1041,600482.SH,中国动力,电气设备,23.17,0.34,0.89
1042,600725.SH,ST云维,焦炭加工,3.03,0.33,0.33
1043,300196.SZ,长海股份,玻璃,9.16,0.33,0.44
1044,603938.SH,三孚股份,化工原料,18.23,0.33,0.5
1045,300457.SZ,赢合科技,专用机械,24.16,0.33,0.74
1046,000005.SZ,世纪星源,环境保护,3.24,0.33,0.33
1047,601330.SH,绿色动力,环境保护,11.32,0.33,1.49
1048,002724.SZ,海洋王,半导体,6.31,0.33,0.82
1049,300351.SZ,永贵电器,元器件,9.84,0.33,0.76
1050,600098.SH,广州发展,火力发电,6.44,0.33,0.33
1051,603355.SH,莱克电气,家用电器,21.99,0.33,0.38
1052,600448.SH,华纺股份,纺织,6.55,0.33,0.33
1053,300083.SZ,劲胜智能,元器件,3.44,0.33,0.33
1054,603326.SH,我乐家居,家居用品,11.78,0.33,6.18
1055,600050.SH,中国联通,电信运营,6.12,0.33,0.5
1056,000875.SZ,吉电股份,火力发电,3.16,0.33,0.33
1057,300045.SZ,华力创通,IT设备,9.87,0.33,0.66
1058,603192.SH,汇得科技,化工原料,28.29,0.33,0.74
1059,002560.SZ,通达股份,电气设备,6.3,0.33,2.33
1060,603286.SH,日盈电子,汽车配件,15.6,0.33,0.92
1061,002645.SZ,华宏科技,专用机械,9.14,0.33,0.33
1062,300009.SZ,安科生物,生物制药,15.99,0.32,0.32
1063,600877.SH,*ST电能,电气设备,6.02,0.32,0.48
1064,002171.SZ,楚江新材,铜,6.24,0.32,1.78
1065,002314.SZ,南山控股,区域地产,3.21,0.32,0.65
1066,000671.SZ,阳光城,区域地产,6.51,0.32,0.32
1067,603615.SH,茶花股份,家居用品,9.46,0.32,0.53
1068,601162.SH,天风证券,证券,8.7,0.32,1.93
1069,603356.SH,华菱精工,机械基件,12.84,0.32,0.32
1070,002211.SZ,宏达新材,橡胶,6.58,0.32,13.15
1071,601811.SH,新华文轩,出版业,13.48,0.32,2.84
1072,300716.SZ,国立科技,塑料,11.17,0.32,1.11
1073,002292.SZ,奥飞娱乐,影视音像,6.75,0.32,0.32
1074,603916.SH,苏博特,化工原料,13.22,0.32,0.4
1075,600863.SH,内蒙华电,火力发电,3.0,0.32,10.22
1076,601949.SH,中国出版,出版业,6.6,0.32,1.77
1077,300275.SZ,梅安森,软件服务,10.03,0.31,0.31
1078,600862.SH,中航高科,航空,9.75,0.31,2.4
1079,000593.SZ,大通燃气,供气供热,6.48,0.31,0.31
1080,002330.SZ,得利斯,食品,6.33,0.31,0.31
1081,300483.SZ,沃施股份,专用机械,39.45,0.31,14.21
1082,300771.SZ,智莱科技,IT设备,59.07,0.31,0.31
1083,002447.SZ,晨鑫科技,互联网,3.31,0.31,0.31
1084,002465.SZ,海格通信,通信设备,9.84,0.31,2.65
1085,002455.SZ,百川股份,化工原料,6.13,0.31,12.38
1086,603989.SH,艾华集团,元器件,19.46,0.31,2.01
1087,002622.SZ,融钰集团,综合类,3.71,0.31,0.31
1088,600996.SH,贵广网络,影视音像,9.06,0.31,1.37
1089,600439.SH,瑞贝卡,服饰,3.24,0.31,0.31
1090,002736.SZ,国信证券,证券,12.47,0.31,1.1
1091,300577.SZ,开润股份,纺织,32.61,0.3,0.3
1092,603536.SH,惠发食品,食品,10.14,0.3,1.01
1093,002926.SZ,华西证券,证券,10.06,0.3,0.5
1094,300294.SZ,博雅生物,生物制药,31.21,0.3,0.3
1095,300133.SZ,华策影视,影视音像,6.63,0.3,0.76
1096,002669.SZ,康达新材,化工原料,13.23,0.3,0.45
1097,000547.SZ,航天发展,通信设备,10.46,0.3,3.3
1098,002296.SZ,辉煌科技,通信设备,6.85,0.3,0.3
1099,300026.SZ,红日药业,中成药,3.46,0.3,0.3
1100,000023.SZ,深天地A,其他建材,13.84,0.3,0.6
1101,300666.SZ,江丰电子,元器件,40.8,0.3,2.02
1102,300692.SZ,中环环保,环境保护,12.84,0.3,0.6
1103,000776.SZ,广发证券,证券,13.89,0.3,0.37
1104,603121.SH,华培动力,汽车配件,23.86,0.3,3.41
1105,600759.SH,洲际油气,石油开采,3.18,0.3,0.3
1106,002162.SZ,悦心健康,医疗保健,3.39,0.3,0.3
1107,603822.SH,嘉澳环保,环境保护,24.96,0.29,0.29
1108,000333.SZ,美的集团,家用电器,52.92,0.29,0.33
1109,600917.SH,重庆燃气,供气供热,7.48,0.29,0.44
1110,601992.SH,金隅集团,水泥,3.56,0.29,0.29
1111,002879.SZ,长缆科技,电气设备,14.5,0.29,0.29
1112,300259.SZ,新天科技,电器仪表,3.6,0.29,0.29
1113,603716.SH,塞力斯,医药商业,18.18,0.29,1.11
1114,000050.SZ,深天马A,元器件,14.22,0.29,1.07
1115,000878.SZ,云南铜业,铜,10.3,0.29,0.39
1116,300319.SZ,麦捷科技,元器件,6.95,0.29,1.77
1117,603039.SH,泛微网络,软件服务,64.88,0.29,0.29
1118,002039.SZ,黔源电力,水力发电,14.35,0.29,0.79
1119,600990.SH,四创电子,通信设备,49.06,0.29,1.96
1120,600008.SH,首创股份,环境保护,3.46,0.29,0.29
1121,600739.SH,辽宁成大,商贸代理,13.34,0.29,0.44
1122,300557.SZ,理工光科,电器仪表,27.98,0.29,1.64
1123,000948.SZ,南天信息,软件服务,10.87,0.28,1.32
1124,600326.SH,西藏天路,水泥,7.47,0.28,0.28
1125,600139.SH,西部资源,综合类,3.72,0.28,0.28
1126,601636.SH,旗滨集团,玻璃,3.77,0.28,0.28
1127,002042.SZ,华孚时尚,纺织,7.33,0.28,2.42
1128,002392.SZ,北京利尔,其他建材,3.79,0.28,1.13
1129,603238.SH,诺邦股份,纺织,17.77,0.28,0.45
1130,601099.SH,太平洋,证券,3.5,0.28,0.28
1131,300231.SZ,银信科技,软件服务,7.64,0.28,0.56
1132,300535.SZ,达威股份,化工原料,14.22,0.28,0.78
1133,000722.SZ,湖南发展,水力发电,6.97,0.28,0.28
1134,300592.SZ,华凯创意,软件服务,10.63,0.28,0.65
1135,000985.SZ,大庆华科,化工原料,14.96,0.28,0.49
1136,600829.SH,人民同泰,医药商业,7.3,0.28,0.42
1137,000069.SZ,华侨城A,旅游景点,7.27,0.28,0.28
1138,300160.SZ,秀强股份,玻璃,3.63,0.28,0.28
1139,603098.SH,森特股份,装修装饰,11.49,0.27,0.27
1140,600223.SH,鲁商发展,区域地产,3.85,0.27,0.27
1141,600605.SH,汇通能源,商贸代理,10.75,0.27,0.81
1142,000555.SZ,神州信息,软件服务,12.08,0.27,1.26
1143,300440.SZ,运达科技,软件服务,7.24,0.27,0.27
1144,002161.SZ,远望谷,通信设备,7.25,0.27,1.93
1145,300698.SZ,万马科技,通信设备,18.41,0.27,0.55
1146,600428.SH,中远海特,水运,3.77,0.27,0.27
1147,002298.SZ,中电兴发,软件服务,7.77,0.27,1.1
1148,002871.SZ,伟隆股份,机械基件,22.36,0.27,0.27
1149,600091.SH,ST明科,化工原料,3.9,0.27,0.27
1150,002086.SZ,ST东海洋,渔业,4.01,0.27,0.54
1151,002311.SZ,海大集团,饲料,32.1,0.26,5.51
1152,000909.SZ,数源科技,综合类,8.03,0.26,1.31
1153,603955.SH,大千生态,环境保护,15.7,0.26,0.33
1154,000026.SZ,飞亚达A,其他商业,8.09,0.26,0.26
1155,300227.SZ,光韵达,元器件,11.42,0.26,2.38
1156,002873.SZ,新天药业,中成药,16.36,0.26,0.45
1157,600316.SH,洪都航空,航空,14.56,0.26,0.93
1158,000402.SZ,金融街,全国地产,7.95,0.26,0.26
1159,300681.SZ,英搏尔,元器件,28.87,0.26,0.78
1160,603991.SH,至正股份,塑料,19.35,0.26,0.51
1161,603050.SH,科林电气,电气设备,11.84,0.26,0.26
1162,600742.SH,一汽富维,汽车配件,11.99,0.26,0.53
1163,603801.SH,志邦家居,家居用品,20.03,0.26,0.26
1164,600184.SH,光电股份,专用机械,11.55,0.26,1.29
1165,603227.SH,雪峰科技,化工原料,4.13,0.26,0.26
1166,300750.SZ,宁德时代,电气设备,71.46,0.25,0.25
1167,603002.SH,宏昌电子,化工原料,3.95,0.25,0.25
1168,000596.SZ,古井贡酒,白酒,113.98,0.25,0.25
1169,002235.SZ,安妮股份,互联网,8.47,0.25,0.25
1170,600657.SH,信达地产,全国地产,4.14,0.25,0.25
1171,300710.SZ,万隆光电,通信设备,28.38,0.25,2.12
1172,603825.SH,华扬联众,互联网,12.83,0.25,0.25
1173,603800.SH,道森股份,专用机械,12.9,0.24,0.24
1174,600060.SH,海信电器,家用电器,8.69,0.24,0.24
1175,000883.SZ,湖北能源,火力发电,4.18,0.24,0.97
1176,300184.SZ,力源信息,元器件,7.17,0.24,0.49
1177,300360.SZ,炬华科技,电器仪表,8.59,0.24,0.61
1178,002544.SZ,杰赛科技,软件服务,12.73,0.24,0.24
1179,603979.SH,金诚信,建筑工程,8.45,0.24,0.35
1180,601009.SH,南京银行,银行,9.0,0.24,0.48
1181,000016.SZ,深康佳A,家用电器,4.22,0.24,0.24
1182,002136.SZ,安纳达,化工原料,8.35,0.24,0.36
1183,002528.SZ,英飞拓,IT设备,4.27,0.24,0.96
1184,603136.SH,天目湖,旅游景点,20.76,0.24,1.85
1185,603366.SH,日出东方,家用电器,4.11,0.24,0.48
1186,002032.SZ,苏泊尔,家用电器,73.31,0.24,1.34
1187,300593.SZ,新雷能,电气设备,19.62,0.23,1.76
1188,600248.SH,延长化建,建筑工程,4.38,0.23,0.23
1189,300074.SZ,华平股份,通信设备,4.8,0.23,2.3
1190,002508.SZ,老板电器,家用电器,28.25,0.23,0.23
1191,300635.SZ,达安股份,建筑工程,17.13,0.23,0.23
1192,002052.SZ,同洲电子,通信设备,4.73,0.23,0.23
1193,600311.SH,荣华实业,黄金,3.8,0.23,0.23
1194,600501.SH,航天晨光,汽车配件,8.39,0.23,0.23
1195,002925.SZ,盈趣科技,元器件,43.2,0.23,0.23
1196,002681.SZ,奋达科技,家用电器,4.38,0.23,0.23
1197,002677.SZ,浙江美大,家用电器,13.72,0.23,0.23
1198,603200.SH,上海洗霸,环境保护,24.94,0.23,0.23
1199,601212.SH,白银有色,铜,4.04,0.23,0.23
1200,603385.SH,惠达卫浴,家居用品,9.29,0.22,0.44
1201,601319.SH,中国人保,保险,8.79,0.22,1.24
1202,600222.SH,太龙药业,中成药,4.86,0.22,0.22
1203,600807.SH,ST天业,区域地产,4.21,0.22,0.22
1204,603788.SH,宁波高发,汽车配件,14.16,0.22,0.22
1205,600350.SH,山东高速,路桥,4.84,0.22,0.22
1206,603535.SH,嘉诚国际,仓储物流,18.85,0.22,0.22
1207,002340.SZ,格林美,小金属,4.58,0.22,0.44
1208,002898.SZ,赛隆药业,化学制药,14.18,0.22,0.22
1209,002899.SZ,英派斯,文教休闲,14.37,0.22,0.59
1210,300481.SZ,濮阳惠成,化工原料,14.02,0.22,0.29
1211,000166.SZ,申万宏源,证券,4.85,0.21,0.41
1212,603277.SH,银都股份,专用机械,9.69,0.21,0.21
1213,603696.SH,安记食品,食品,9.55,0.21,0.21
1214,600281.SH,太化股份,综合类,4.5,0.21,1.47
1215,603076.SH,乐惠国际,专用机械,24.08,0.21,0.21
1216,300721.SZ,怡达股份,化工原料,18.67,0.21,0.21
1217,002539.SZ,云图控股,农药化肥,4.92,0.21,0.21
1218,600127.SH,金健米业,农业综合,4.41,0.21,0.21
1219,000096.SZ,广聚能源,石油贸易,10.15,0.21,0.31
1220,002817.SZ,黄山胶囊,化学制药,19.2,0.21,0.21
1221,601898.SH,中煤能源,煤炭开采,5.02,0.21,0.42
1222,000546.SZ,金圆股份,水泥,10.09,0.21,0.21
1223,600939.SH,重庆建工,建筑工程,5.02,0.21,0.21
1224,300756.SZ,中山金马,专用机械,41.56,0.21,0.21
1225,600639.SH,浦东金桥,园区开发,14.38,0.21,0.21
1226,002562.SZ,兄弟科技,化学制药,4.84,0.21,0.42
1227,601186.SH,中国铁建,建筑工程,9.71,0.21,0.21
1228,300515.SZ,三德科技,电器仪表,9.53,0.21,0.43
1229,002550.SZ,千红制药,生物制药,4.82,0.21,0.42
1230,002651.SZ,利君股份,专用机械,5.21,0.21,0.42
1231,600857.SH,宁波中百,百货,9.69,0.21,0.96
1232,000011.SZ,深物业A,区域地产,9.82,0.2,0.2
1233,300103.SZ,达刚控股,工程机械,9.5,0.2,0.2
1234,300155.SZ,安居宝,元器件,5.22,0.2,0.2
1235,603588.SH,高能环境,环境保护,9.82,0.2,0.2
1236,300201.SZ,海伦哲,专用机械,4.82,0.2,0.2
1237,000750.SZ,国海证券,证券,5.05,0.2,0.2
1238,002012.SZ,凯恩股份,造纸,4.95,0.2,0.2
1239,600760.SH,中航沈飞,航空,29.96,0.2,2.6
1240,300408.SZ,三环集团,元器件,19.12,0.2,1.43
1241,600319.SH,亚星化学,化工原料,4.92,0.2,0.2
1242,300479.SZ,神思电子,软件服务,14.93,0.2,1.0
1243,002272.SZ,川润股份,机械基件,5.11,0.2,0.2
1244,000869.SZ,张裕A,红黄酒,29.4,0.2,0.94
1245,002291.SZ,星期六,服饰,5.38,0.2,0.2
1246,603637.SH,镇海股份,建筑工程,16.2,0.19,0.19
1247,300545.SZ,联得装备,专用机械,25.05,0.19,0.19
1248,600377.SH,宁沪高速,路桥,10.56,0.19,4.74
1249,000158.SZ,常山北明,软件服务,5.74,0.19,0.19
1250,002030.SZ,达安基因,生物制药,11.41,0.19,0.19
1251,002521.SZ,齐峰新材,造纸,5.62,0.19,0.19
1252,600353.SH,旭光股份,元器件,5.4,0.19,0.75
1253,300580.SZ,贝斯特,汽车配件,15.32,0.19,0.26
1254,600711.SH,盛屯矿业,小金属,5.15,0.19,0.19
1255,600892.SH,大晟文化,影视音像,5.02,0.19,0.38
1256,600136.SH,当代明诚,影视音像,11.35,0.19,0.19
1257,600141.SH,兴发集团,化工原料,10.52,0.19,0.37
1258,300015.SZ,爱尔眼科,医疗保健,36.58,0.19,0.19
1259,300422.SZ,博世科,环境保护,10.45,0.19,0.28
1260,002331.SZ,皖通科技,软件服务,10.36,0.19,0.58
1261,000733.SZ,振华科技,元器件,16.24,0.19,0.25
1262,002127.SZ,南极电商,互联网,11.38,0.19,0.19
1263,603686.SH,龙马环卫,环境保护,11.65,0.19,0.19
1264,002826.SZ,易明医药,中成药,10.71,0.19,0.29
1265,600132.SH,重庆啤酒,啤酒,41.64,0.19,0.19
1266,000966.SZ,长源电力,火力发电,5.06,0.19,0.19
1267,603011.SH,合锻智能,机床制造,5.37,0.19,0.19
1268,002615.SZ,哈尔斯,家居用品,5.67,0.18,0.36
1269,002606.SZ,大连电瓷,电气设备,5.65,0.18,0.18
1270,300130.SZ,新国都,IT设备,17.61,0.18,0.18
1271,600167.SH,联美控股,供气供热,11.61,0.18,0.18
1272,000401.SZ,冀东水泥,水泥,16.83,0.18,0.18
1273,300484.SZ,蓝海华腾,电气设备,10.97,0.18,0.36
1274,300617.SZ,安靠智电,电气设备,23.1,0.18,0.22
1275,600976.SH,健民集团,中成药,17.11,0.18,0.42
1276,600967.SH,内蒙一机,运输设备,10.6,0.18,0.18
1277,600710.SH,苏美达,工程机械,5.66,0.18,0.18
1278,000409.SZ,ST地矿,综合类,5.92,0.18,0.18
1279,000416.SZ,民生控股,多元金融,5.6,0.18,0.18
1280,600149.SH,ST坊展,综合类,5.66,0.18,0.18
1281,300403.SZ,汉宇集团,家用电器,5.31,0.18,0.18
1282,600498.SH,烽火通信,通信设备,27.27,0.18,0.4
1283,300279.SZ,和晶科技,元器件,5.57,0.18,0.73
1284,600583.SH,海油工程,石油开采,5.9,0.18,0.18
1285,600429.SH,三元股份,乳制品,5.62,0.18,0.18
1286,002719.SZ,麦趣尔,乳制品,10.63,0.18,0.18
1287,603922.SH,金鸿顺,汽车配件,16.21,0.18,0.18
1288,002425.SZ,凯撒文化,互联网,6.02,0.17,0.17
1289,000617.SZ,中油资本,多元金融,12.35,0.17,0.41
1290,002721.SZ,金一文化,服饰,5.68,0.17,0.17
1291,600461.SH,洪城水业,水务,6.16,0.17,0.17
1292,000338.SZ,潍柴动力,汽车配件,11.88,0.17,0.17
1293,002261.SZ,拓维信息,互联网,5.97,0.17,1.22
1294,601998.SH,中信银行,银行,6.0,0.17,0.17
1295,002224.SZ,三力士,橡胶,6.51,0.17,0.17
1296,603758.SH,秦安股份,汽车配件,5.68,0.17,0.17
1297,002467.SZ,二六三,电信运营,6.13,0.17,0.17
1298,600835.SH,上海机电,运输设备,17.01,0.17,0.99
1299,002023.SZ,海特高新,航空,11.9,0.17,1.34
1300,603123.SH,翠微股份,百货,6.01,0.17,0.17
1301,600642.SH,申能股份,火力发电,5.85,0.17,0.17
1302,601166.SH,兴业银行,银行,18.66,0.17,0.17
1303,002476.SZ,宝莫股份,化工原料,6.37,0.17,0.17
1304,000862.SZ,银星能源,新型电力,5.72,0.17,0.34
1305,000798.SZ,中水渔业,渔业,6.03,0.17,0.17
1306,002789.SZ,建艺集团,装修装饰,16.81,0.17,0.41
1307,300610.SZ,晨化股份,化工原料,12.51,0.16,0.16
1308,603578.SH,三星新材,玻璃,19.47,0.16,0.16
1309,002461.SZ,珠江啤酒,啤酒,6.63,0.16,0.16
1310,300596.SZ,利安隆,化工原料,33.51,0.16,0.16
1311,300778.SZ,新城市,建筑工程,42.91,0.16,0.16
1312,300205.SZ,天喻信息,元器件,12.25,0.16,0.16
1313,002322.SZ,理工环科,软件服务,13.24,0.16,0.32
1314,000702.SZ,正虹科技,饲料,6.36,0.16,0.16
1315,002339.SZ,积成电子,电气设备,6.39,0.16,0.16
1316,600909.SH,华安证券,证券,6.31,0.16,0.31
1317,601068.SH,中铝国际,建筑工程,5.89,0.16,0.16
1318,601377.SH,兴业证券,证券,6.33,0.16,0.47
1319,000153.SZ,丰原药业,化学制药,6.38,0.16,0.16
1320,603000.SH,人民网,互联网,20.88,0.16,1.87
1321,600510.SH,黑牡丹,全国地产,6.48,0.16,0.16
1322,002545.SZ,东方铁塔,农药化肥,6.6,0.16,0.16
1323,002797.SZ,第一创业,证券,6.46,0.16,0.32
1324,600354.SH,敦煌种业,种植业,5.41,0.16,0.16
1325,603618.SH,杭电股份,电气设备,5.81,0.15,0.15
1326,600545.SH,卓郎智能,纺织机械,7.7,0.15,0.29
1327,300625.SZ,三雄极光,半导体,13.96,0.15,0.29
1328,002430.SZ,杭氧股份,化工机械,12.88,0.15,2.57
1329,600671.SH,天目药业,中成药,13.61,0.15,0.15
1330,600061.SH,国投资本,证券,12.54,0.15,0.45
1331,000967.SZ,盈峰环境,环境保护,6.37,0.15,0.15
1332,002209.SZ,达意隆,轻工机械,7.04,0.15,0.15
1333,300241.SZ,瑞丰光电,半导体,5.98,0.15,0.15
1334,300141.SZ,和顺电气,电气设备,7.35,0.15,0.15
1335,600727.SH,鲁北化工,农药化肥,6.88,0.15,0.15
1336,002686.SZ,亿利达,专用机械,6.96,0.15,0.3
1337,300652.SZ,雷迪克,汽车配件,21.06,0.15,0.15
1338,603066.SH,音飞储存,仓储物流,7.49,0.14,0.14
1339,601116.SH,三江购物,超市连锁,14.08,0.14,0.14
1340,300334.SZ,津膜科技,专用机械,7.59,0.14,0.41
1341,300044.SZ,赛为智能,软件服务,7.47,0.14,0.14
1342,300277.SZ,海联讯,软件服务,6.76,0.14,1.3
1343,002014.SZ,永新股份,塑料,7.21,0.14,0.14
1344,002443.SZ,金洲管道,钢加工,7.06,0.14,0.14
1345,000766.SZ,通化金马,化学制药,7.71,0.14,0.14
1346,002575.SZ,群兴玩具,文教休闲,7.36,0.14,0.58
1347,002616.SZ,长青集团,环境保护,7.39,0.14,0.14
1348,000687.SZ,华讯方舟,通信设备,7.13,0.14,0.14
1349,300365.SZ,恒华科技,软件服务,14.05,0.14,0.49
1350,601939.SH,建设银行,银行,7.21,0.14,0.14
1351,603860.SH,中公高科,公路,27.9,0.14,1.13
1352,603817.SH,海峡环保,环境保护,6.82,0.14,0.14
1353,600436.SH,片仔癀,中成药,107.89,0.14,0.14
1354,002253.SZ,川大智胜,软件服务,14.5,0.14,0.83
1355,603628.SH,清源股份,电气设备,8.27,0.13,0.13
1356,002462.SZ,嘉事堂,医药商业,15.73,0.13,0.13
1357,600732.SH,ST新梅,区域地产,7.32,0.13,0.13
1358,603601.SH,再升科技,玻璃,7.21,0.13,0.13
1359,002438.SZ,江苏神通,机械基件,8.03,0.13,0.13
1360,300137.SZ,先河环保,环境保护,7.83,0.13,0.13
1361,603933.SH,睿能科技,纺织机械,17.38,0.13,1.87
1362,601882.SH,海天精工,机床制造,7.81,0.13,1.01
1363,300321.SZ,同大股份,塑料,15.52,0.13,0.2
1364,603712.SH,七一二,通信设备,22.18,0.13,16.65
1365,603339.SH,四方科技,专用机械,14.9,0.13,0.13
1366,600318.SH,新力金融,多元金融,7.36,0.13,0.13
1367,603367.SH,辰欣药业,化学制药,15.19,0.13,0.13
1368,601298.SH,青岛港,港口,7.58,0.13,0.13
1369,002722.SZ,金轮股份,纺织机械,15.0,0.13,0.13
1370,300161.SZ,华中数控,机床制造,15.84,0.13,14.04
1371,603519.SH,立霸股份,家用电器,17.06,0.13,32.85
1372,002659.SZ,凯文教育,文教休闲,7.55,0.13,0.13
1373,300645.SZ,正元智慧,软件服务,15.13,0.13,0.13
1374,002700.SZ,新疆浩源,供气供热,8.57,0.13,0.13
1375,300717.SZ,华信新材,塑料,16.69,0.12,0.12
1376,002561.SZ,徐家汇,百货,8.32,0.12,0.12
1377,002500.SZ,山西证券,证券,7.96,0.12,0.12
1378,300243.SZ,瑞丰高材,化工原料,7.97,0.12,0.12
1379,600272.SH,开开实业,中成药,8.05,0.12,0.12
1380,603319.SH,湘油泵,汽车配件,17.3,0.12,0.18
1381,002457.SZ,青龙管业,塑料,8.34,0.12,0.12
1382,300112.SZ,万讯自控,电器仪表,8.0,0.12,0.5
1383,002246.SZ,北化股份,化工原料,7.94,0.12,0.12
1384,000880.SZ,潍柴重机,机械基件,8.14,0.12,0.12
1385,603557.SH,起步股份,服饰,9.01,0.12,0.12
1386,603139.SH,康惠制药,中成药,16.96,0.12,0.18
1387,600463.SH,空港股份,园区开发,7.64,0.12,1.1
1388,603331.SH,百达精工,专用机械,16.52,0.12,0.12
1389,300396.SZ,迪瑞医疗,医疗保健,16.79,0.12,0.12
1390,002403.SZ,爱仕达,家用电器,8.69,0.12,0.12
1391,300087.SZ,荃银高科,种植业,8.0,0.12,0.12
1392,300560.SZ,中富通,通信设备,17.54,0.11,0.16
1393,000987.SZ,越秀金控,多元金融,9.14,0.11,0.11
1394,002282.SZ,博深股份,轻工机械,9.03,0.11,0.11
1395,300643.SZ,万通智控,汽车配件,9.61,0.11,0.22
1396,603099.SH,长白山,旅游景点,9.47,0.11,0.11
1397,603855.SH,华荣股份,专用机械,8.94,0.11,0.23
1398,300718.SZ,长盛轴承,机械基件,19.37,0.11,0.61
1399,002633.SZ,申科股份,机械基件,8.74,0.11,0.11
1400,300284.SZ,苏交科,建筑工程,8.83,0.11,0.11
1401,600153.SH,建发股份,商贸代理,8.73,0.11,0.11
1402,600188.SH,兖州煤业,煤炭开采,10.87,0.1,0.1
1403,603829.SH,洛凯股份,电气设备,10.42,0.1,0.1
1404,603108.SH,润达医疗,医药商业,10.13,0.1,0.1
1405,002313.SZ,日海智能,通信设备,19.28,0.1,0.37
1406,600803.SH,新奥股份,农药化肥,10.57,0.1,0.1
1407,000025.SZ,特力A,汽车服务,20.88,0.1,0.1
1408,603856.SH,东宏股份,塑料,10.35,0.1,0.1
1409,300741.SZ,华宝股份,食品,31.45,0.1,0.1
1410,600262.SH,北方股份,汽车整车,19.42,0.1,0.15
1411,601088.SH,中国神华,煤炭开采,18.92,0.1,0.26
1412,002022.SZ,科华生物,医疗保健,10.13,0.1,0.1
1413,600548.SH,深高速,路桥,10.68,0.1,0.92
1414,600579.SH,克劳斯,化工机械,9.41,0.1,0.1
1415,601688.SH,华泰证券,证券,19.02,0.1,0.45
1416,000968.SZ,蓝焰控股,煤炭开采,10.81,0.09,0.09
1417,002302.SZ,西部建设,水泥,11.46,0.09,0.09
1418,600682.SH,南京新百,百货,10.87,0.09,0.09
1419,002184.SZ,海得控制,软件服务,10.77,0.09,0.09
1420,603895.SH,天永智能,专用机械,24.05,0.09,0.7
1421,300665.SZ,飞鹿股份,染料涂料,10.56,0.09,0.09
1422,600093.SH,易见股份,仓储物流,11.81,0.09,0.09
1423,300377.SZ,赢时胜,软件服务,11.82,0.09,0.09
1424,600299.SH,安迪苏,化学制药,10.8,0.09,0.09
1425,603773.SH,沃格光电,元器件,33.18,0.09,0.22
1426,002095.SZ,生意宝,互联网,24.63,0.09,0.09
1427,002941.SZ,新疆交建,建筑工程,24.45,0.08,0.17
1428,603728.SH,鸣志电器,电气设备,12.49,0.08,1.43
1429,600104.SH,上汽集团,汽车整车,23.93,0.08,0.08
1430,002393.SZ,力生制药,化学制药,24.63,0.08,0.08
1431,000666.SZ,经纬纺机,多元金融,12.51,0.08,0.08
1432,300695.SZ,兆丰股份,汽车配件,52.65,0.08,0.08
1433,300546.SZ,雄帝科技,元器件,27.48,0.08,0.08
1434,603648.SH,畅联股份,仓储物流,11.52,0.08,0.17
1435,002376.SZ,新北洋,IT设备,12.61,0.08,0.08
1436,002382.SZ,蓝帆医疗,医疗保健,13.02,0.08,0.08
1437,300586.SZ,美联新材,化工原料,13.93,0.08,0.08
1438,603036.SH,如通股份,专用机械,12.18,0.08,0.08
1439,600774.SH,汉商集团,百货,11.88,0.08,0.08
1440,600362.SH,江西铜业,铜,14.5,0.07,0.2
1441,300183.SZ,东软载波,软件服务,14.38,0.07,1.55
1442,601021.SH,春秋航空,空运,42.65,0.07,2.3
1443,300373.SZ,扬杰科技,半导体,15.42,0.07,0.79
1444,600855.SH,航天长峰,专用机械,13.18,0.07,0.07
1445,300648.SZ,星云股份,电器仪表,16.78,0.06,0.11
1446,002840.SZ,华统股份,食品,16.13,0.06,0.06
1447,002738.SZ,中矿资源,小金属,16.57,0.06,0.06
1448,002157.SZ,正邦科技,饲料,16.26,0.06,0.06
1449,300551.SZ,古鳌科技,专用机械,15.5,0.06,0.06
1450,600258.SH,首旅酒店,酒店餐饮,17.1,0.06,0.06
1451,300109.SZ,新开源,化工原料,16.54,0.06,0.06
1452,603968.SH,醋化股份,化工原料,15.76,0.06,0.3
1453,002335.SZ,科华恒盛,电气设备,18.18,0.06,0.17
1454,600993.SH,马应龙,中成药,17.13,0.06,0.06
1455,600562.SH,国睿科技,通信设备,15.15,0.06,0.06
1456,002371.SZ,北方华创,专用机械,66.34,0.05,0.05
1457,300649.SZ,杭州园林,建筑工程,20.8,0.05,0.05
1458,603956.SH,威派格,专用机械,19.36,0.05,2.72
1459,002468.SZ,申通快递,仓储物流,22.97,0.04,0.49
1460,600694.SH,大商股份,百货,26.45,0.04,0.04
1461,002929.SZ,润建股份,通信设备,27.66,0.04,0.07
1462,600196.SH,复星医药,化学制药,25.32,0.04,0.04
1463,601336.SH,新华保险,保险,50.18,0.02,0.02
1464,603096.SH,新经典,出版业,59.0,0.02,0.02
1465,002933.SZ,新兴装备,航空,41.89,0.02,0.02
1466,603833.SH,欧派家居,家居用品,111.32,0.01,0.17
