,ts_code,name,industry,continuous_raise,average_p_change,accumulate_p_change,circ_mv
3310,603345.SH,安井食品,食品,2.0,-0.444,-1.396,425058.924
2889,600891.SH,秋林集团,百货,2.0,1.243,3.411,221323.4214
1196,002739.SZ,万达电影,影视音像,2.0,3.253,9.939,4130578.615
2238,600127.SH,金健米业,农业综合,3.0,1.584,6.39,213713.8116
2236,600125.SH,铁龙物流,铁路,3.0,1.276,5.105,1048334.0648
2230,600118.SH,中国卫星,航空,3.0,1.581,6.211,2648775.6624
2228,600116.SH,三峡水利,水力发电,3.0,3.058,12.593,905621.0178
2215,600103.SH,青山纸业,造纸,3.0,3.504,14.634,349345.8864
2206,600093.SH,易见股份,仓储物流,3.0,2.316,9.302,1160610.715
2192,600077.SH,宋都股份,全国地产,3.0,1.894,7.639,415437.9211
2178,600062.SH,华润双鹤,化学制药,3.0,1.826,7.416,1085033.1748
2176,600060.SH,海信电器,家用电器,3.0,1.446,5.805,1263992.8605
2171,600055.SH,万东医疗,医疗保健,3.0,4.41,18.733,709550.8531
2150,600022.SH,山东钢铁,普钢,3.0,2.552,10.465,2079844.427
2138,600008.SH,首创股份,环境保护,3.0,2.284,9.29,1928245.6496
2136,600006.SH,东风汽车,汽车整车,3.0,2.206,9.0,872000.0
2128,300756.SZ,中山金马,专用机械,3.0,2.115,8.667,97800.0
2107,300732.SZ,设研院,建筑施工,3.0,1.588,6.428,312766.4173
2103,300727.SZ,润禾材料,化工原料,3.0,1.407,5.665,62935.3238
2099,300723.SZ,一品红,化学制药,3.0,1.659,6.743,158093.3322
2087,300710.SZ,万隆光电,通信设备,3.0,5.26,22.506,91788.712
2083,300706.SZ,阿石创,元器件,3.0,2.373,9.531,164231.2913
2077,300699.SZ,光威复材,化工原料,3.0,2.188,8.811,1041304.887
2074,300696.SZ,爱乐达,航空,3.0,1.576,6.37,119899.9989
2060,300682.SZ,朗新科技,软件服务,3.0,3.638,15.153,314467.1673
2050,300672.SZ,国科微,半导体,3.0,2.886,11.992,308838.5178
2029,300651.SZ,金陵体育,文教休闲,3.0,1.513,6.14,120372.736
2024,300645.SZ,正元智慧,软件服务,3.0,2.784,11.101,163190.8227
2016,300637.SZ,扬帆新材,化工原料,3.0,2.292,9.021,203110.708
2248,600138.SH,中青旅,旅游服务,3.0,1.127,4.501,1092274.56
2256,600150.SH,*ST船舶,船舶,3.0,1.971,8.079,2046504.633
0,000001.SZ,平安银行,银行,3.0,1.82,7.106,21222425.0114
2264,600159.SH,大龙地产,区域地产,3.0,2.325,9.524,248170.9664
2454,600380.SH,健康元,化学制药,3.0,3.116,12.935,1573683.0705
2445,600370.SH,三房巷,纺织,3.0,1.308,5.229,256712.6421
2437,600361.SH,华联综超,超市连锁,3.0,3.317,13.819,301610.9869
2435,600359.SH,新农开发,农业综合,3.0,1.632,6.621,178166.4869
2430,600353.SH,旭光股份,元器件,3.0,1.086,4.348,287084.16
2429,600352.SH,浙江龙盛,染料涂料,3.0,1.369,5.539,3533118.4
2423,600343.SH,航天动力,航空,3.0,1.646,6.595,629271.4591
2408,600325.SH,华发股份,区域地产,3.0,0.946,3.787,1557168.7658
2398,600313.SH,农发种业,种植业,3.0,1.414,5.703,283392.3957
2380,600292.SH,远达环保,环境保护,3.0,1.83,7.447,473175.0353
2369,600280.SH,中央商场,百货,3.0,2.495,9.976,531679.0457
2364,600275.SH,ST昌鱼,农业综合,3.0,2.479,10.219,153668.8459
2358,600267.SH,海正药业,化学制药,3.0,4.319,18.172,1023463.7525
1975,300595.SZ,欧普康视,医疗保健,3.0,3.838,16.026,652579.3951
2351,600258.SH,首旅酒店,酒店餐饮,3.0,2.511,10.39,1221111.2675
2325,600228.SH,ST昌九,化工原料,3.0,1.356,5.457,200536.92
2318,600220.SH,江苏阳光,纺织,3.0,2.443,10.0,490418.5897
2317,600219.SH,南山铝业,铝,3.0,2.739,11.304,2505558.9189
2303,600202.SH,*ST哈空,电气设备,3.0,2.079,8.505,161386.4229
2297,600196.SH,复星医药,化学制药,3.0,3.257,13.531,5498480.4856
2295,600193.SH,*ST创兴,装修装饰,3.0,0.955,3.846,160790.994
2288,600186.SH,莲花健康,食品,3.0,2.601,10.769,229397.2512
2284,600182.SH,S佳通,汽车配件,3.0,1.304,5.144,284920.0
2282,600179.SH,安通控股,仓储物流,3.0,1.401,5.589,470873.9623
2277,600173.SH,卧龙地产,全国地产,3.0,2.03,8.314,327825.4864
2274,600170.SH,上海建工,建筑施工,3.0,1.394,5.655,3012853.0248
2270,600166.SH,福田汽车,汽车整车,3.0,2.947,12.234,1407397.7022
2267,600162.SH,香江控股,全国地产,3.0,2.427,10.04,815083.0232
2343,600248.SH,延长化建,建筑施工,3.0,1.302,5.263,267346.6224
1965,300584.SZ,海辰药业,化学制药,3.0,4.066,17.138,131600.3568
1950,300568.SZ,星源材质,化工原料,3.0,3.051,12.472,387672.4959
1941,300558.SZ,贝达药业,化学制药,3.0,3.896,16.328,698834.2855
1610,300223.SZ,北京君正,半导体,3.0,2.535,10.438,284205.6766
1584,300197.SZ,铁汉生态,环境保护,3.0,2.652,10.937,638639.7207
1574,300187.SZ,永清环保,环境保护,3.0,1.626,6.599,400236.4057
1573,300185.SZ,通裕重工,工程机械,3.0,3.358,13.661,570217.3726
1565,300177.SZ,中海达,通信设备,3.0,3.641,15.049,460363.7159
1551,300163.SZ,先锋新材,其他建材,3.0,0.934,3.627,131827.2364
1545,300157.SZ,恒泰艾普,石油开采,3.0,1.761,7.127,295102.5721
1540,300152.SZ,科融环境,环境保护,3.0,7.084,31.193,203839.0712
1526,300138.SZ,晨光生物,食品,3.0,1.7,6.897,261721.6524
1523,300135.SZ,宝利国际,化工原料,3.0,1.462,5.862,282931.2
1514,300126.SZ,锐奇股份,轻工机械,3.0,0.93,3.718,117558.6192
1507,300119.SZ,瑞普生物,生物制药,3.0,4.404,18.501,207200.4999
1505,300117.SZ,嘉寓股份,装修装饰,3.0,1.157,4.601,308571.12
1504,300116.SZ,坚瑞沃能,电气设备,3.0,4.283,17.544,260118.7224
1498,300110.SZ,华仁药业,化学制药,3.0,2.333,9.552,432325.1691
1497,300109.SZ,新开源,化工原料,3.0,3.984,16.449,216311.9211
1495,300107.SZ,建新股份,化工原料,3.0,2.12,8.516,392992.1392
1478,300090.SZ,盛运环保,环境保护,3.0,3.756,15.566,279794.2701
1474,300086.SZ,康芝药业,化学制药,3.0,1.589,6.457,265754.4977
1462,300074.SZ,华平股份,通信设备,3.0,1.76,7.09,213725.346
1444,300055.SZ,万邦达,环境保护,3.0,2.015,8.184,731138.3812
1437,300048.SZ,合康新能,电气设备,3.0,1.566,6.343,286964.9405
1411,300022.SZ,吉峰科技,农用机械,3.0,1.781,7.246,152194.4363
1410,300021.SZ,大禹节水,农业综合,3.0,2.299,9.462,382493.9344
1397,300008.SZ,天海防务,船舶,3.0,3.223,12.925,200000.2163
1393,300004.SZ,南风股份,电气设备,3.0,1.312,5.237,188145.148
1375,002933.SZ,新兴装备,航空,3.0,3.689,15.238,151152.5
1612,300225.SZ,金力泰,染料涂料,3.0,1.873,7.593,272260.4817
2460,600387.SH,海越能源,石油贸易,3.0,1.355,5.409,338267.67
1620,300233.SZ,金城医药,化学制药,3.0,1.237,4.963,548178.2042
1634,300247.SZ,融捷健康,医疗保健,3.0,1.617,6.461,232026.9438
1923,300539.SZ,横河模具,塑料,3.0,2.479,10.237,62263.9907
1885,300500.SZ,启迪设计,建筑施工,3.0,1.517,6.118,262578.1837
1867,300482.SZ,万孚生物,生物制药,3.0,2.216,9.017,712438.6525
1859,300474.SZ,景嘉微,元器件,3.0,2.735,11.175,290855.7869
1849,300464.SZ,星徽精密,机械基件,3.0,1.329,5.344,76034.4584
1848,300463.SZ,迈克生物,医疗保健,3.0,2.665,11.017,717268.5541
1843,300458.SZ,全志科技,元器件,3.0,1.682,6.752,525872.3336
1831,300446.SZ,乐凯新材,化工原料,3.0,4.837,20.486,229087.3725
1827,300442.SZ,普丽盛,轻工机械,3.0,1.681,6.796,103175.3938
1826,300441.SZ,鲍斯股份,机床制造,3.0,1.629,6.488,187141.779
1822,300437.SZ,清水源,化工原料,3.0,2.244,9.149,204109.0516
1808,300423.SZ,鲁亿通,电气设备,3.0,2.371,9.792,283159.406
1807,300422.SZ,博世科,环境保护,3.0,2.345,9.597,302118.1613
1805,300420.SZ,五洋停车,机械基件,3.0,3.384,14.062,308261.6018
1802,300417.SZ,南华仪器,电器仪表,3.0,1.125,4.52,68611.633
3580,603987.SH,康德莱,医疗保健,3.0,1.731,7.023,186536.121
1787,300402.SZ,宝色股份,专用机械,3.0,1.426,5.78,78964.5
1773,300388.SZ,国祯环保,环境保护,3.0,1.846,7.449,566845.3012
1767,300382.SZ,斯莱克,专用机械,3.0,3.733,15.663,379352.5458
1757,300371.SZ,汇中股份,电器仪表,3.0,0.873,3.478,124538.9804
1734,300347.SZ,泰格医药,医疗保健,3.0,2.71,11.166,2030180.7094
1732,300345.SZ,红宇新材,钢加工,3.0,4.595,19.43,169941.8165
1731,300344.SZ,太空智造,其他建材,3.0,1.892,7.704,145942.7543
1718,300331.SZ,苏大维格,元器件,3.0,0.66,2.474,192965.4577
1665,300278.SZ,华昌达,专用机械,3.0,1.984,8.17,163248.568
1662,300275.SZ,梅安森,软件服务,3.0,1.601,6.475,104426.0943
1653,300266.SZ,兴源环境,环境保护,3.0,2.934,12.079,583338.0203
1625,300238.SZ,冠昊生物,医疗保健,3.0,7.043,31.08,343405.6864
2470,600398.SH,海澜之家,服饰,3.0,1.596,6.487,4425366.5551
2477,600408.SH,*ST安泰,焦炭加工,3.0,3.142,13.087,339291.6
2480,600415.SH,小商品城,商品城,3.0,2.716,10.942,2373241.3807
3282,603301.SH,振德医疗,医疗保健,3.0,3.293,13.78,90000.0
3270,603268.SH,松发股份,陶瓷,3.0,3.141,12.8,250572.6384
3257,603225.SH,新凤鸣,化纤,3.0,1.57,6.389,221958.0309
3255,603222.SH,济民制药,化学制药,3.0,1.822,7.412,528640.0
3252,603214.SH,爱婴室,百货,3.0,2.178,8.951,108325.0
3251,603208.SH,江山欧派,家居用品,3.0,2.467,10.079,94913.4679
3248,603199.SH,九华旅游,旅游景点,3.0,1.387,5.585,223905.64
3233,603177.SH,德创环保,环境保护,3.0,1.954,7.98,66010.75
3231,603168.SH,莎普爱思,化学制药,3.0,1.341,5.424,225385.615
3225,603159.SH,上海亚虹,专用机械,3.0,1.616,6.55,50425.0
3213,603126.SH,中材节能,环境保护,3.0,1.746,7.106,377289.0
3204,603108.SH,润达医疗,医药商业,3.0,2.293,9.402,455420.767
3202,603105.SH,芯能科技,电气设备,3.0,2.17,8.76,147488.0
3193,603088.SH,宁波精达,专用机械,3.0,2.064,8.415,148624.0
3192,603086.SH,先达股份,农药化肥,3.0,2.633,10.942,200718.0406
3191,603085.SH,天成自控,汽车配件,3.0,6.828,29.975,156041.7951
3183,603069.SH,海汽集团,公路,3.0,1.455,5.874,128438.2
3172,603043.SH,广州酒家,食品,3.0,1.515,6.089,397983.4073
3152,603021.SH,山东华鹏,玻璃,3.0,1.592,6.447,213644.8667
3149,603018.SH,中设集团,建筑施工,3.0,2.951,12.278,584712.1324
3128,601992.SH,金隅集团,水泥,3.0,2.606,10.744,3350331.6221
3121,601969.SH,海南矿业,普钢,3.0,1.911,7.755,1032092.3258
3119,601966.SH,玲珑轮胎,汽车配件,3.0,1.344,5.121,631440.6791
3103,601890.SH,亚星锚链,船舶,3.0,4.126,17.233,463390.2
3087,601828.SH,美凯龙,其他商业,3.0,1.466,5.912,496318.399
3080,601798.SH,*ST蓝科,化工机械,3.0,0.991,3.992,193926.9243
3074,601718.SH,际华集团,服饰,3.0,2.831,11.507,1787393.1674
3286,603308.SH,应流股份,专用机械,3.0,1.393,5.611,421610.54
3055,601608.SH,中信重工,专用机械,3.0,7.041,30.667,1701052.3629
3311,603348.SH,文灿股份,汽车配件,3.0,2.391,9.838,133870.0
3340,603429.SH,集友股份,广告包装,3.0,2.47,10.2,268832.9
3575,603978.SH,深圳新星,铝,3.0,2.028,8.115,175460.4724
3572,603970.SH,中农立华,其他商业,3.0,1.696,6.907,134285.335
3551,603918.SH,金桥信息,软件服务,3.0,1.347,5.408,237427.47
3546,603908.SH,牧高笛,纺织,3.0,1.217,4.908,55180.0362
3544,603903.SH,中持股份,环境保护,3.0,1.553,6.241,170380.329
3540,603898.SH,好莱客,家居用品,3.0,1.683,6.85,565021.252
3529,603882.SH,金域医学,医疗保健,3.0,3.515,14.813,730418.0292
3513,603855.SH,华荣股份,专用机械,3.0,0.759,3.03,178161.36
3509,603838.SH,四通股份,陶瓷,3.0,1.113,4.462,243478.84
3493,603808.SH,歌力思,服饰,3.0,1.439,5.793,572294.8943
3490,603801.SH,志邦家居,家居用品,3.0,1.871,7.621,230367.528
3486,603797.SH,联泰环保,环境保护,3.0,2.714,11.201,73609.2
3483,603788.SH,宁波高发,汽车配件,3.0,1.678,6.789,376434.1096
3468,603733.SH,仙鹤股份,造纸,3.0,2.358,9.667,108314.0
3458,603717.SH,天域生态,环境保护,3.0,1.674,6.774,121224.8839
3456,603713.SH,密尔克卫,仓储物流,3.0,1.589,6.427,138871.16
3455,603712.SH,七一二,通信设备,3.0,2.306,9.401,682305.3216
3442,603690.SH,至纯科技,专用机械,3.0,3.945,16.383,201681.088
3407,603619.SH,中曼石油,石油开采,3.0,1.503,6.082,232467.6579
3396,603605.SH,珀莱雅,日用化工,3.0,1.856,7.545,314184.508
3389,603596.SH,伯特利,汽车配件,3.0,2.241,9.086,90750.06
3365,603535.SH,嘉诚国际,仓储物流,3.0,1.159,4.652,138239.36
3362,603527.SH,众源新材,铜,3.0,2.296,9.419,133655.7527
3360,603519.SH,立霸股份,家用电器,3.0,1.441,5.734,204628.5565
3358,603517.SH,绝味食品,食品,3.0,2.257,9.131,678873.8528
3353,603506.SH,南都物业,房产服务,3.0,1.215,4.905,63994.0481
3341,603444.SH,吉比特,互联网,3.0,3.977,16.598,731083.274
3318,603360.SH,百傲化学,化工原料,3.0,3.199,13.073,143097.0309
1366,002923.SZ,润都股份,化学制药,3.0,1.28,5.178,96710.2125
3053,601606.SH,长城军工,专用机械,3.0,4.579,19.35,250120.0
3025,601333.SH,广深铁路,铁路,3.0,1.417,5.769,2176111.245
2679,600662.SH,强生控股,公共交通,3.0,1.408,5.652,511934.0248
2675,600657.SH,信达地产,全国地产,3.0,1.284,5.055,728596.4913
2672,600653.SH,申华控股,汽车服务,3.0,2.851,11.894,443580.6005
2660,600640.SH,号百控股,酒店餐饮,3.0,2.46,9.558,716120.6683
2633,600609.SH,金杯汽车,汽车配件,3.0,2.158,8.876,402101.5046
2632,600608.SH,ST沪科,钢加工,3.0,1.462,5.95,147405.9772
2631,600606.SH,绿地控股,全国地产,3.0,1.439,5.775,8469035.452
2628,600603.SH,广汇物流,仓储物流,3.0,1.117,4.454,236404.2286
2622,600597.SH,光明乳业,乳制品,3.0,1.643,6.667,1155741.0965
2616,600590.SH,泰豪科技,电气设备,3.0,1.353,5.41,528673.3172
2595,600568.SH,中珠医疗,区域地产,3.0,3.828,16.183,438185.5206
2594,600567.SH,山鹰纸业,造纸,3.0,1.849,7.536,1700880.9745
2593,600566.SH,济川药业,中成药,3.0,1.893,7.617,2855120.0084
2583,600555.SH,海航创新,旅游服务,3.0,1.776,7.192,304705.5
2580,600550.SH,保变电气,电气设备,3.0,1.621,6.538,675227.1095
2574,600543.SH,莫高股份,红黄药酒,3.0,1.515,6.142,216434.88
2566,600532.SH,宏达矿业,普钢,3.0,3.238,13.55,307059.1034
2559,600525.SH,长园集团,电气设备,3.0,3.151,12.664,894455.9791
2554,600519.SH,贵州茅台,白酒,3.0,0.999,3.994,94844190.0978
2522,600482.SH,中国动力,电气设备,3.0,1.477,5.798,2227744.05
2518,600478.SH,科力远,元器件,3.0,2.159,8.805,762767.3869
2510,600466.SH,蓝光发展,区域地产,3.0,2.186,8.947,1853131.0897
2508,600462.SH,ST九有,元器件,3.0,1.982,8.057,121701.84
2493,600435.SH,北方导航,专用机械,3.0,1.989,7.995,1388046.24
2488,600425.SH,青松建化,水泥,3.0,2.937,12.158,508773.5417
2487,600423.SH,*ST柳化,农药化肥,3.0,1.347,5.476,292322.3795
2483,600419.SH,天润乳业,乳制品,3.0,1.616,6.548,333661.3274
2681,600664.SH,哈药股份,化学制药,3.0,1.512,6.122,1042893.3116
3042,601558.SH,ST锐电,电气设备,3.0,1.809,7.317,753350.3999
2695,600681.SH,百川能源,供气供热,3.0,2.441,10.024,480817.6123
2702,600688.SH,上海石化,石油加工,3.0,1.13,4.554,4038176.2385
3007,601218.SH,吉鑫科技,机械基件,3.0,1.093,4.27,290585.68
2993,601166.SH,兴业银行,银行,3.0,1.875,7.526,34027473.4373
2967,601068.SH,中铝国际,建筑施工,3.0,3.602,14.695,189380.2669
2965,601058.SH,赛轮轮胎,汽车配件,3.0,1.342,5.426,587290.75
2958,601016.SH,节能风电,新型电力,3.0,1.833,7.407,1205112.4
2931,600983.SH,惠而浦,家用电器,3.0,1.008,4.034,329803.2
2914,600962.SH,国投中鲁,软饮料,3.0,1.88,7.637,229126.04
2906,600929.SH,湖南盐业,食品,3.0,2.131,8.601,142050.0
2867,600868.SH,梅雁吉祥,水力发电,3.0,2.217,9.091,660555.7403
2861,600862.SH,中航高科,航空,3.0,1.296,5.098,1120011.482
2857,600858.SH,银座股份,百货,3.0,1.417,5.747,285686.512
2854,600855.SH,航天长峰,专用机械,3.0,2.19,8.73,460579.3729
2832,600828.SH,茂业商业,百货,3.0,2.48,9.776,349838.8323
2821,600817.SH,ST宏盛,多元金融,3.0,1.974,8.049,123297.8266
2814,600809.SH,山西汾酒,白酒,3.0,1.379,5.511,4293741.5511
2798,600791.SH,京能置业,全国地产,3.0,1.942,7.895,203993.4769
2786,600777.SH,新潮能源,综合类,3.0,2.545,10.526,823565.2
2777,600767.SH,ST运盛,医疗保健,3.0,1.638,6.582,171136.9114
2770,600759.SH,洲际油气,石油开采,3.0,2.289,9.375,711327.9657
2759,600747.SH,ST大控,多元金融,3.0,1.648,6.667,153263.2895
2750,600738.SH,兰州民百,百货,3.0,2.623,10.754,377447.4843
2736,600724.SH,宁波富达,区域地产,3.0,1.943,7.967,567862.467
2731,600719.SH,大连热电,供气供热,3.0,1.801,7.373,188543.4136
2722,600710.SH,苏美达,工程机械,3.0,1.984,8.102,299012.628
2708,600694.SH,大商股份,百货,3.0,1.302,5.246,836804.4424
2707,600693.SH,东百集团,百货,3.0,1.42,5.773,509636.6334
2705,600691.SH,阳煤化工,农药化肥,3.0,1.699,6.923,488276.6719
2697,600683.SH,京投发展,区域地产,3.0,2.515,10.301,380759.6849
1360,002917.SZ,金奥博,化工原料,3.0,6.191,26.809,92573.24
1789,300404.SZ,博济医药,医疗保健,3.0,1.927,7.88,112676.7496
1324,002878.SZ,元隆雅图,文教休闲,3.0,2.414,9.855,102528.9242
607,002145.SZ,中核钛白,化工原料,3.0,1.492,5.958,409082.083
584,002122.SZ,*ST天马,机械基件,3.0,1.71,6.878,239218.6313
576,002114.SZ,罗平锌电,铅锌,3.0,2.471,10.106,267756.5634
573,002111.SZ,威海广泰,航空,3.0,1.609,6.553,423089.5419
564,002102.SZ,ST冠福,化学制药,3.0,1.215,4.945,380382.5713
563,002101.SZ,广东鸿图,机械基件,3.0,1.415,5.64,382624.7196
547,002085.SZ,万丰奥威,汽车配件,3.0,1.204,4.7,1695214.2734
521,002059.SZ,云南旅游,旅游景点,3.0,2.168,8.897,447245.0565
1330,002884.SZ,凌霄泵业,专用机械,3.0,1.306,5.279,156371.6901
491,002029.SZ,七匹狼,服饰,3.0,1.456,5.847,533398.6506
483,002021.SZ,中捷资源,纺织机械,3.0,2.805,11.186,225490.1731
478,002016.SZ,世荣兆业,区域地产,3.0,0.655,2.569,740419.5913
471,002009.SZ,天奇股份,工程机械,3.0,3.181,13.254,311185.7995
453,000995.SZ,*ST皇台,白酒,3.0,1.226,4.953,78945.4253
445,000982.SZ,*ST中绒,纺织,3.0,1.557,6.349,241875.7994
427,000961.SZ,中南建设,建筑施工,3.0,2.778,11.408,2926572.0558
421,000953.SZ,ST河化,农药化肥,3.0,2.315,9.511,118505.9531
417,000949.SZ,新乡化纤,化纤,3.0,2.198,9.06,396571.4253
415,000939.SZ,*ST凯迪,新型电力,3.0,4.229,18.0,358461.235
410,000933.SZ,神火股份,煤炭开采,3.0,3.395,14.155,950234.325
401,000923.SZ,河北宣工,铜,3.0,2.183,8.802,298584.0
400,000922.SZ,佳电股份,电气设备,3.0,2.199,8.949,372227.3389
392,000912.SZ,*ST天化,农药化肥,3.0,2.076,8.465,863968.0
625,002163.SZ,中航三鑫,装修装饰,3.0,2.328,9.333,461160.3437
391,000911.SZ,南宁糖业,食品,3.0,2.615,10.862,208384.0425
652,002190.SZ,成飞集成,汽车配件,3.0,6.147,26.478,694173.8362
686,002224.SZ,三力士,橡胶,3.0,1.415,5.719,287763.3886
879,002418.SZ,康盛股份,机械基件,3.0,1.51,5.67,411479.3932
875,002414.SZ,高德红外,电器仪表,3.0,2.452,9.975,1254520.7174
874,002413.SZ,雷科防务,通信设备,3.0,2.886,11.974,688741.6135
869,002408.SZ,齐翔腾达,化工原料,3.0,1.87,7.629,1377800.809
868,002407.SZ,多氟多,化工原料,3.0,3.461,14.406,811505.8471
853,002392.SZ,北京利尔,其他建材,3.0,1.739,7.062,279315.3999
835,002374.SZ,丽鹏股份,建筑施工,3.0,2.258,9.302,263620.0188
822,002361.SZ,神剑股份,化工原料,3.0,2.026,8.253,275167.6928
793,002332.SZ,仙琚制药,生物制药,3.0,1.966,8.043,643636.388
781,002320.SZ,海峡股份,水运,3.0,1.805,7.353,855970.3824
775,002314.SZ,南山控股,区域地产,3.0,1.823,7.396,413118.5849
771,002310.SZ,东方园林,建筑施工,3.0,3.102,12.684,1297814.5429
767,002306.SZ,*ST云网,酒店餐饮,3.0,1.775,7.222,306506.5837
766,002305.SZ,南国置业,区域地产,3.0,1.535,6.109,535689.7696
762,002301.SZ,齐心集团,文教休闲,3.0,1.865,7.511,614195.7773
758,002297.SZ,博云新材,矿物制品,3.0,1.515,6.158,287858.4267
743,002282.SZ,博深工具,轻工机械,3.0,1.385,5.555,218500.124
728,002267.SZ,陕天然气,供气供热,3.0,1.321,5.263,911901.8649
726,002265.SZ,西仪股份,汽车配件,3.0,1.579,6.418,276494.0751
710,002248.SZ,华东数控,机床制造,3.0,2.489,10.097,304036.0925
708,002246.SZ,北化股份,化工原料,3.0,1.572,6.36,353618.6969
706,002244.SZ,滨江集团,区域地产,3.0,2.858,11.852,1224415.4622
699,002237.SZ,恒邦股份,黄金,3.0,1.816,7.407,815052.975
678,002216.SZ,三全食品,食品,3.0,0.973,3.851,432441.39
390,000910.SZ,大亚圣象,家居用品,3.0,3.231,13.552,728557.6676
385,000903.SZ,云内动力,机械基件,3.0,1.266,5.072,512497.4041
374,000889.SZ,中嘉博创,通信设备,3.0,3.406,14.135,737891.0861
177,000599.SZ,青岛双星,汽车配件,3.0,1.41,5.721,326266.3549
176,000598.SZ,兴蓉环境,水务,3.0,1.217,4.911,1403522.7429
174,000596.SZ,古井贡酒,白酒,3.0,0.83,3.169,2984408.0
161,000576.SZ,广东甘化,造纸,3.0,4.452,18.733,357870.4439
160,000573.SZ,粤宏远A,区域地产,3.0,1.616,6.567,222115.7621
159,000572.SZ,海马汽车,汽车整车,3.0,3.725,15.72,435169.8094
129,000537.SZ,广宇发展,区域地产,3.0,3.07,12.774,354796.6414
126,000533.SZ,顺钠股份,电气设备,3.0,1.448,5.793,237661.1328
110,000514.SZ,渝开发,区域地产,3.0,1.323,5.303,351852.4924
109,000513.SZ,丽珠集团,中成药,3.0,3.45,14.398,1532853.3113
107,000509.SZ,华塑控股,其他建材,3.0,1.759,7.119,260851.6399
91,000422.SZ,*ST宜化,农药化肥,3.0,1.352,5.46,329497.3651
90,000421.SZ,南京公用,供气供热,3.0,1.058,4.242,295485.8179
89,000420.SZ,吉林化纤,化纤,3.0,3.036,12.676,399120.7258
74,000401.SZ,冀东水泥,水泥,3.0,2.758,11.354,2061241.7438
70,000301.SZ,东方盛虹,综合类,3.0,1.848,7.356,657847.6803
59,000099.SZ,中信海直,空运,3.0,1.841,7.55,457583.1671
35,000043.SZ,中航善达,房产服务,3.0,1.392,5.591,554127.1424
34,000042.SZ,中洲控股,全国地产,3.0,1.081,4.312,832861.2135
29,000036.SZ,华联控股,全国地产,3.0,1.323,5.357,737486.9068
14,000018.SZ,神州长城,装修装饰,3.0,3.1,12.705,273785.7961
6,000008.SZ,神州高铁,运输设备,3.0,3.898,16.169,1194554.2253
2,000004.SZ,国农科技,生物制药,3.0,3.799,15.912,161460.6429
187,000611.SZ,天首发展,纺织,3.0,2.708,11.009,154564.3957
203,000631.SZ,顺发恒业,区域地产,3.0,1.654,6.769,844084.1513
204,000632.SZ,三木集团,综合类,3.0,1.492,6.01,205279.042
220,000663.SZ,永安林业,林业,3.0,2.549,10.517,142849.2159
368,000882.SZ,华联股份,百货,3.0,3.808,16.049,699967.7489
364,000877.SZ,天山股份,水泥,3.0,2.412,9.915,800005.8087
362,000875.SZ,吉电股份,火力发电,3.0,1.842,7.491,560886.7565
360,000868.SZ,安凯客车,汽车整车,3.0,3.033,12.571,274051.2519
357,000861.SZ,海印股份,房产服务,3.0,3.07,12.26,578834.2865
353,000856.SZ,冀东装备,机械基件,3.0,2.618,10.411,353893.0
334,000821.SZ,京山轻机,轻工机械,3.0,5.044,21.36,448319.1267
330,000816.SZ,*ST慧业,农用机械,3.0,1.605,6.522,261910.3845
325,000810.SZ,创维数字,家用电器,3.0,2.196,8.911,747236.9204
311,000792.SZ,盐湖股份,化工原料,3.0,2.171,8.859,1993677.4964
309,000790.SZ,泰合健康,中成药,3.0,2.08,8.475,286603.2481
881,002420.SZ,毅昌股份,塑料,3.0,1.489,6.052,144152.0187
306,000786.SZ,北新建材,其他建材,3.0,2.506,10.148,2624349.8348
297,000768.SZ,中航飞机,航空,3.0,1.44,5.737,4490714.6906
296,000767.SZ,漳泽电力,火力发电,3.0,1.627,6.615,797968.8489
295,000766.SZ,通化金马,中成药,3.0,2.451,10.13,436425.0141
292,000760.SZ,斯太尔,汽车配件,3.0,4.036,16.719,242144.3792
288,000756.SZ,新华制药,化学制药,3.0,1.819,7.424,283242.0089
281,000738.SZ,航发控制,航空,3.0,1.287,5.141,1663461.1473
279,000736.SZ,中交地产,全国地产,3.0,1.943,7.948,405669.6526
264,000718.SZ,苏宁环球,区域地产,3.0,1.866,7.625,840180.9843
244,000692.SZ,惠天热电,供气供热,3.0,1.418,5.724,167294.7663
232,000678.SZ,襄阳轴承,机械基件,3.0,3.121,13.064,311941.0124
227,000671.SZ,阳光城,区域地产,3.0,3.696,15.514,2720743.3608
303,000782.SZ,美达股份,化纤,3.0,1.426,5.765,212893.1947
898,002437.SZ,誉衡药业,化学制药,3.0,3.177,13.166,782314.6147
3584,603991.SH,至正股份,塑料,3.0,1.184,4.777,82897.2565
981,002520.SZ,日发精机,机床制造,3.0,1.592,6.426,187585.5765
1093,002633.SZ,申科股份,机械基件,3.0,1.019,4.057,130060.326
1303,002856.SZ,美芝股份,装修装饰,3.0,1.922,7.89,69026.16
1299,002851.SZ,麦格米特,电气设备,3.0,3.478,14.261,334129.0295
1088,002628.SZ,成都路桥,建筑施工,3.0,3.382,13.828,410989.159
1178,002721.SZ,金一文化,服饰,3.0,1.977,7.96,382252.4112
975,002514.SZ,宝馨科技,机械基件,3.0,1.204,4.847,226595.0275
1189,002732.SZ,燕塘乳业,乳制品,3.0,1.51,6.139,269069.2709
1071,002611.SZ,东方精工,轻工机械,3.0,2.312,9.333,421351.4769
1252,002800.SZ,天顺股份,仓储物流,3.0,1.447,5.816,65666.6466
1070,002610.SZ,爱康科技,电气设备,3.0,2.781,11.475,861455.0313
957,002496.SZ,辉丰股份,农药化肥,3.0,1.497,6.093,285965.0858
1094,002634.SZ,棒杰股份,服饰,3.0,1.377,5.556,133471.7249
1064,002604.SZ,*ST龙力,食品,3.0,2.693,11.18,90945.4948
1033,002573.SZ,清新环境,环境保护,3.0,2.58,10.566,948124.0546
1030,002570.SZ,*ST因美,乳制品,3.0,2.318,9.56,585879.0345
965,002504.SZ,弘高创意,装修装饰,3.0,1.221,4.787,163332.2946
1250,002798.SZ,帝欧家居,家居用品,3.0,2.273,9.363,275679.3672
968,002507.SZ,涪陵榨菜,食品,3.0,2.101,8.467,2057819.1815
1234,002780.SZ,三夫户外,其他商业,3.0,1.135,4.531,130148.1487
1243,002790.SZ,瑞尔特,家居用品,3.0,1.833,7.26,79424.0
970,002509.SZ,天广中茂,专用机械,3.0,2.231,9.16,605515.9024
986,002526.SZ,山东矿机,工程机械,3.0,4.701,19.07,415987.8986
983,002522.SZ,浙江众成,塑料,3.0,2.165,8.893,467150.1027
972,002511.SZ,中顺洁柔,造纸,3.0,3.28,13.454,1102814.8028
1056,002596.SZ,海南瑞泽,其他建材,3.0,2.51,10.323,737384.8816
1312,002865.SZ,钧达股份,汽车配件,3.0,1.675,6.788,77914.5
1266,002816.SZ,和科达,专用机械,3.0,2.378,9.806,107076.3047
918,002457.SZ,青龙管业,塑料,3.0,2.247,9.19,302010.5949
1113,002653.SZ,海思科,化学制药,3.0,1.802,7.342,524952.8211
1101,002641.SZ,永高股份,塑料,3.0,1.377,5.587,338659.4527
911,002450.SZ,ST康得新,化工原料,3.0,4.467,19.084,2017870.1724
909,002448.SZ,中原内配,汽车配件,3.0,1.215,4.899,292461.4994
1168,002709.SZ,天赐材料,化工原料,3.0,3.99,16.561,1118126.7554
1126,002666.SZ,德联集团,化工原料,3.0,2.806,11.623,225348.6151
1320,002873.SZ,新天药业,中成药,3.0,1.84,7.499,119954.8638
1127,002667.SZ,鞍重股份,工程机械,3.0,2.31,9.524,124434.9191
906,002445.SZ,ST中南,影视音像,3.0,2.527,10.383,264224.0962
1137,002677.SZ,浙江美大,家用电器,3.0,2.599,10.733,362869.8089
504,002042.SZ,华孚时尚,纺织,4.0,2.147,11.13,984997.0707
3034,601388.SH,怡球资源,铝,4.0,3.088,16.143,524578.6
3221,603139.SH,康惠制药,中成药,4.0,1.616,8.291,91760.93
452,000993.SZ,闽东电力,水力发电,4.0,3.847,20.482,223800.0
171,000592.SZ,平潭发展,林业,4.0,3.057,15.473,771316.5771
1760,300375.SZ,鹏翎股份,汽车配件,4.0,2.112,10.87,158469.7341
168,000589.SZ,黔轮胎A,汽车配件,4.0,1.124,5.691,302408.8298
1599,300212.SZ,易华录,软件服务,4.0,3.582,18.993,1062179.4772
2903,600919.SH,江苏银行,银行,4.0,2.383,12.164,4265840.739
3016,601258.SH,庞大集团,汽车服务,4.0,5.234,28.358,1124618.2851
496,002034.SZ,旺能环境,环境保护,4.0,4.045,21.827,366309.1219
486,002024.SZ,苏宁易购,电器连锁,4.0,1.913,9.677,7156420.2362
1125,002665.SZ,首航节能,电气设备,4.0,2.706,14.131,710782.8412
2561,600527.SH,江南高纤,化纤,4.0,2.512,13.158,310408.5939
152,000564.SZ,供销大集,百货,4.0,3.512,18.276,647837.0874
1555,300167.SZ,迪威迅,通信设备,4.0,1.436,7.214,160628.4
3018,601298.SH,青岛港,港口,4.0,2.649,13.723,353958.904
2634,600610.SH,*ST毅达,建筑施工,4.0,5.064,28.016,123564.0401
2833,600829.SH,人民同泰,医药商业,4.0,1.966,10.181,389105.2486
3091,601860.SH,紫金银行,银行,4.0,9.997,61.03,320693.8668
2055,300677.SZ,英科医疗,医疗保健,4.0,2.695,14.048,208728.0705
2755,600743.SH,华远地产,区域地产,4.0,3.514,18.774,727291.2709
258,000711.SZ,京蓝科技,软件服务,4.0,1.996,10.238,244986.3244
359,000863.SZ,三湘印象,区域地产,4.0,1.391,6.872,413453.0769
1655,300268.SZ,佳沃股份,农业综合,4.0,1.78,9.07,140811.9469
3112,601929.SH,吉视传媒,影视音像,4.0,2.523,13.216,799503.4177
2721,600708.SH,光明地产,全国地产,4.0,1.502,7.692,934616.6638
2714,600701.SH,*ST工新,综合类,4.0,2.157,11.161,193193.7547
2788,600779.SH,水井坊,白酒,4.0,3.186,16.475,2027464.6467
2706,600692.SH,亚通股份,房产服务,4.0,1.713,8.635,198908.2033
1218,002763.SZ,汇洁股份,服饰,4.0,0.777,3.896,159910.1328
3129,601996.SH,丰林集团,林业,4.0,1.428,7.278,320349.576
398,000920.SZ,南方汇通,环境保护,4.0,1.457,7.414,275074.1219
275,000731.SZ,四川美丰,农药化肥,4.0,1.388,7.055,359031.0017
3050,601599.SH,鹿港文化,影视音像,4.0,1.697,8.709,323166.437
405,000928.SZ,中钢国际,建筑施工,4.0,2.363,12.304,373065.4485
2673,600654.SH,ST中安,软件服务,4.0,1.751,8.995,155538.8897
3187,603079.SH,圣达生物,食品,4.0,3.634,19.242,74666.1402
3047,601588.SH,北辰实业,区域地产,4.0,2.416,12.583,904400.0
198,000626.SZ,远大控股,商贸代理,4.0,3.425,18.006,344714.94
2827,600823.SH,世茂股份,全国地产,4.0,1.495,7.598,1646762.8666
1213,002758.SZ,华通医药,医药商业,4.0,4.107,21.509,173147.3315
3134,603001.SH,奥康国际,服饰,4.0,1.187,6.023,444686.82
2948,601003.SH,柳钢股份,普钢,4.0,2.408,12.5,2052797.3532
2775,600765.SH,中航重机,机械基件,4.0,1.547,7.843,770223.168
548,002086.SZ,ST东海洋,渔业,4.0,1.723,8.883,204039.7788
724,002263.SZ,*ST东南,塑料,4.0,1.921,9.884,355010.0589
1438,300049.SZ,福瑞股份,中成药,4.0,1.907,9.862,236173.524
2512,600468.SH,百利电气,电气设备,4.0,1.803,9.228,470445.8404
937,002476.SZ,宝莫股份,化工原料,4.0,2.764,14.163,311914.1749
2263,600158.SH,中体产业,文教休闲,4.0,2.237,11.475,670645.2998
3487,603798.SH,康普顿,石油加工,4.0,1.476,7.542,93769.2
46,000061.SZ,农产品,农业综合,4.0,1.964,9.981,989882.9632
1956,300575.SZ,中旗股份,农药化肥,4.0,1.22,5.809,186674.4837
817,002356.SZ,赫美集团,其他商业,4.0,1.615,8.263,308313.6961
2189,600074.SH,*ST保千,电脑设备,4.0,1.569,7.965,125178.4821
25,000031.SZ,中粮地产,全国地产,4.0,1.907,9.83,1053772.9514
1388,002948.SZ,青岛银行,银行,4.0,4.668,24.959,345448.1913
2184,600069.SH,银鸽投资,造纸,4.0,4.075,21.769,581332.5162
9,000011.SZ,深物业A,区域地产,4.0,1.609,8.184,190635.0866
826,002365.SZ,永安药业,化学制药,4.0,2.319,12.09,289641.7892
1989,300609.SZ,汇纳科技,互联网,4.0,4.239,22.818,208561.86
1377,002936.SZ,郑州银行,银行,4.0,3.343,17.034,350400.0
2164,600039.SH,四川路桥,建筑施工,4.0,1.479,7.536,1282574.0181
838,002377.SZ,国创高新,石油加工,4.0,3.301,17.582,259935.0513
843,002382.SZ,蓝帆医疗,医疗保健,4.0,2.062,10.631,783533.927
1992,300612.SZ,宣亚国际,广告包装,4.0,8.271,48.387,104276.1235
3570,603968.SH,醋化股份,化工原料,4.0,1.919,9.883,306924.48
4,000006.SZ,深振业A,区域地产,4.0,1.559,7.965,822467.8629
908,002447.SZ,晨鑫科技,互联网,4.0,2.137,11.073,426110.7438
1321,002875.SZ,安奈儿,服饰,4.0,5.937,32.682,95014.166
3361,603520.SH,司太立,化学制药,4.0,2.367,12.377,184899.0
1457,300069.SZ,金利华电,电气设备,4.0,2.37,12.331,122888.7708
747,002286.SZ,保龄宝,食品,4.0,1.111,5.591,217228.4099
112,000517.SZ,荣安地产,区域地产,4.0,4.328,23.293,931973.6585
2491,600429.SH,三元股份,乳制品,4.0,1.066,5.4,500910.0
1810,300425.SZ,环能科技,环境保护,4.0,1.859,9.514,341416.5949
3261,603229.SH,奥翔药业,化学制药,4.0,1.733,8.885,70120.02
3269,603266.SH,天龙股份,塑料,4.0,2.405,12.578,56700.0
594,002132.SZ,恒星科技,钢加工,4.0,1.111,5.634,376223.4708
595,002133.SZ,广宇集团,全国地产,4.0,1.449,7.407,257792.6005
614,002152.SZ,广电运通,电脑设备,4.0,2.465,12.821,1305896.0251
629,002167.SZ,东方锆业,小金属,4.0,2.109,10.927,415297.155
634,002172.SZ,澳洋健康,化纤,4.0,3.413,17.903,320142.414
3297,603323.SH,吴江银行,银行,4.0,3.289,16.836,488577.0006
123,000530.SZ,大冷股份,机械基件,4.0,1.996,10.221,238501.4428
2348,600255.SH,梦舟股份,铜,4.0,3.542,18.905,422932.8596
671,002209.SZ,达意隆,轻工机械,4.0,1.514,7.572,115771.4255
2386,600300.SH,维维股份,软饮料,4.0,1.774,9.122,540056.0
672,002210.SZ,飞马国际,仓储物流,4.0,4.091,21.428,637345.1911
2964,601038.SH,一拖股份,农用机械,4.0,2.475,12.939,305863.65
114,000519.SZ,中兵红箭,矿物制品,4.0,2.745,14.407,595491.7192
3317,603359.SH,东珠生态,建筑施工,4.0,2.71,14.143,278981.3107
3115,601949.SH,中国出版,出版业,5.0,2.26,14.192,209725.8979
1142,002682.SZ,龙洲股份,公路,5.0,1.187,7.25,217355.0245
185,000609.SZ,中迪投资,区域地产,5.0,2.307,14.312,179581.6433
135,000544.SZ,中原环保,环境保护,5.0,1.592,9.725,311946.8698
282,000739.SZ,普洛药业,化学制药,5.0,1.4,8.582,1044756.7232
3375,603568.SH,伟明环保,环境保护,5.0,1.968,12.262,1687911.264
3565,603958.SH,哈森股份,服饰,5.0,1.109,6.7,56759.1366
286,000753.SZ,漳州发展,汽车服务,5.0,2.111,12.698,313872.0235
3006,601216.SH,君正集团,化工原料,5.0,5.861,39.932,3459587.1299
1191,002734.SZ,利民股份,农药化肥,5.0,2.411,15.135,253887.21
219,000662.SZ,天夏智慧,软件服务,5.0,1.699,10.357,243272.8188
3266,603258.SH,电魂网络,互联网,5.0,1.932,12.017,209651.862
101,000502.SZ,绿景控股,医疗保健,5.0,0.782,4.706,146862.4345
2972,601099.SH,太平洋,证券,5.0,5.195,34.364,2533217.2007
102,000503.SZ,国新健康,医疗保健,5.0,3.518,22.639,1821013.7853
3249,603200.SH,上海洗霸,环境保护,5.0,2.778,17.591,92740.9
1258,002807.SZ,江阴银行,银行,5.0,2.492,15.19,457599.3051
3045,601577.SH,长沙银行,银行,5.0,3.359,21.011,368501.34
3392,603600.SH,永艺股份,家居用品,5.0,1.665,10.294,225967.536
1415,300026.SZ,红日药业,中成药,5.0,1.183,7.21,853947.3893
63,000153.SZ,丰原药业,化学制药,5.0,1.199,7.35,195921.7004
3424,603660.SH,苏州科达,通信设备,5.0,2.609,16.505,570061.4232
51,000068.SZ,华控赛格,元器件,5.0,6.645,44.76,667423.1806
3219,603136.SH,天目湖,旅游景点,5.0,2.153,13.482,69360.0
3095,601872.SH,招商轮船,水运,5.0,1.753,10.817,2176344.9539
3093,601866.SH,中远海发,水运,5.0,3.137,20.08,2371705.375
84,000415.SZ,渤海租赁,多元金融,5.0,2.965,18.462,1639119.6485
1229,002775.SZ,文科园林,建筑施工,5.0,1.447,8.847,298675.401
3521,603869.SH,新智认知,软件服务,5.0,2.566,16.157,530044.3995
1391,300002.SZ,神州泰岳,软件服务,5.0,3.216,19.613,609039.695
3227,603161.SH,科华控股,汽车配件,5.0,1.18,7.227,107084.2
1527,300139.SZ,晓程科技,元器件,5.0,1.229,7.426,178212.4942
1473,300085.SZ,银之杰,软件服务,5.0,7.003,49.377,545553.7096
231,000677.SZ,恒天海龙,化纤,5.0,2.645,16.544,273881.0095
3288,603311.SH,金海环境,专用机械,5.0,0.844,5.114,233100.0
116,000521.SZ,长虹美菱,家用电器,5.0,1.538,9.467,296939.9824
3504,603825.SH,华扬联众,互联网,5.0,0.922,5.592,132573.0217
2053,300675.SZ,建科院,建筑施工,5.0,2.266,13.716,220704.0912
1018,002558.SZ,巨人网络,互联网,5.0,1.552,9.438,931098.4048
685,002223.SZ,鱼跃医疗,医疗保健,5.0,1.874,11.609,2022326.3995
1935,300552.SZ,万集科技,软件服务,5.0,1.163,7.032,70956.0544
2682,600665.SH,天地源,全国地产,5.0,0.778,4.712,345649.0084
1707,300320.SZ,海达股份,橡胶,5.0,1.206,7.364,250901.4184
759,002298.SZ,中电兴发,软件服务,5.0,1.036,6.297,367639.2348
2271,600167.SH,联美控股,供气供热,5.0,1.051,6.422,1048608.3631
1721,300334.SZ,津膜科技,专用机械,5.0,1.592,9.809,231647.5716
2665,600645.SH,中源协和,生物制药,5.0,2.717,16.945,778678.6411
2653,600633.SH,浙数文化,互联网,5.0,4.604,30.372,1401232.0699
2651,600629.SH,华建集团,建筑施工,5.0,1.579,9.454,470566.6182
1047,002587.SZ,奥拓电子,元器件,5.0,3.989,25.0,263486.5761
2311,600212.SH,江泉实业,综合类,5.0,1.233,7.543,226170.1681
722,002261.SZ,拓维信息,互联网,5.0,3.012,19.231,507438.3059
460,001896.SZ,豫能控股,火力发电,5.0,1.474,8.982,338342.3218
1860,300475.SZ,聚隆科技,专用机械,5.0,0.889,5.375,121421.1709
1782,300397.SZ,天和防务,通信设备,5.0,5.951,40.818,293697.8924
1569,300181.SZ,佐力药业,中成药,5.0,3.66,23.26,314467.9115
950,002489.SZ,浙江永强,家居用品,5.0,1.41,8.621,589183.5912
2349,600256.SH,广汇能源,石油开采,5.0,1.421,8.75,2930639.9225
971,002510.SZ,天汽模,汽车配件,5.0,2.092,13.064,374539.7323
2486,600422.SH,昆药集团,中成药,5.0,1.202,7.364,553087.1912
585,002123.SZ,梦网集团,互联网,5.0,6.299,43.832,775171.1437
616,002154.SZ,报喜鸟,服饰,5.0,1.454,8.951,390918.8636
1838,300453.SZ,三鑫医疗,医疗保健,5.0,3.504,22.481,130332.8768
660,002198.SZ,嘉应制药,中成药,5.0,1.296,7.963,271283.6949
1674,300287.SZ,飞利信,软件服务,5.0,1.494,9.0,487841.098
1087,002627.SZ,宜昌交运,公共交通,5.0,1.213,7.408,201052.8414
1687,300300.SZ,汉鼎宇佑,软件服务,5.0,1.944,11.939,655282.2631
2713,600699.SH,均胜电子,汽车配件,5.0,2.205,13.841,2467202.111
2933,600985.SH,淮北矿业,煤炭开采,5.0,2.596,16.114,321997.0614
2930,600982.SH,宁波热电,供气供热,5.0,1.002,6.105,272629.45
905,002444.SZ,巨星科技,轻工机械,5.0,0.94,5.588,1108993.7639
2898,600901.SH,江苏租赁,多元金融,5.0,3.381,21.429,489599.7705
1597,300210.SZ,森远股份,专用机械,5.0,1.596,9.722,189682.7618
842,002381.SZ,双箭股份,橡胶,5.0,1.316,8.046,250063.9738
312,000793.SZ,华闻传媒,出版业,5.0,3.226,19.938,746506.8607
825,002364.SZ,中恒电气,电气设备,5.0,2.294,14.09,559144.2722
1102,002642.SZ,荣之联,软件服务,5.0,2.658,16.807,358424.9038
388,000908.SZ,景峰医药,化学制药,5.0,1.806,11.136,352801.4101
1617,300230.SZ,永利股份,塑料,5.0,1.258,7.648,304038.887
805,002344.SZ,海宁皮城,商品城,5.0,1.384,8.439,653165.9395
2825,600821.SH,津劝业,百货,5.0,0.973,5.924,186071.8966
2760,600748.SH,上实发展,全国地产,5.0,2.87,18.167,1331774.408
382,000900.SZ,现代投资,路桥,5.0,2.058,12.731,738640.2673
2255,600149.SH,ST坊展,综合类,5.0,2.381,15.009,233038.08
2766,600755.SH,厦门国贸,商贸代理,5.0,1.525,9.239,1460283.1029
1633,300246.SZ,宝莱特,医疗保健,5.0,1.981,12.329,150208.8878
926,002465.SZ,海格通信,通信设备,5.0,1.776,10.759,2024956.9365
962,002501.SZ,利源精制,铝,5.0,1.644,10.105,316411.9799
1098,002638.SZ,勤上股份,半导体,5.0,2.316,14.552,300666.5538
669,002207.SZ,ST准油,石油开采,6.0,2.65,19.96,142690.5811
2699,600685.SH,中船防务,船舶,6.0,4.003,30.961,1163973.6515
2166,600050.SH,中国联通,电信运营,6.0,1.665,11.632,13629411.482
1942,300559.SZ,佳发教育,软件服务,7.0,2.638,22.43,353728.8573
948,002487.SZ,大金重工,钢加工,8.0,2.418,22.396,253800.0
2989,601155.SH,新城控股,区域地产,8.0,1.435,13.566,7595918.5171
2464,600391.SH,航发科技,航空,8.0,2.131,20.632,478687.5822
3131,601998.SH,中信银行,银行,8.0,1.763,16.548,20897882.4573
1214,002759.SZ,天际股份,家用电器,8.0,1.481,13.963,151987.5213
1857,300472.SZ,新元科技,专用机械,8.0,2.276,22.138,146001.5089
3021,601319.SH,中国人保,保险,8.0,3.857,39.161,804947.04
2646,600622.SH,光大嘉宝,区域地产,8.0,3.064,30.657,1032475.7196
3040,601519.SH,大智慧,软件服务,8.0,8.952,115.978,1558356.8
1750,300364.SZ,中文在线,出版业,8.0,2.146,20.824,298871.6707
946,002485.SZ,希努尔,服饰,8.0,1.787,17.052,440636.9018
804,002343.SZ,慈文传媒,影视音像,9.0,3.905,45.979,437973.2566
955,002494.SZ,华斯股份,服饰,9.0,1.032,10.606,172291.7022
2242,600131.SH,岷江水电,水力发电,9.0,9.086,137.803,600073.9464
863,002402.SZ,和而泰,元器件,9.0,1.497,15.54,617943.4105
1568,300180.SZ,华峰超纤,化纤,9.0,1.244,13.125,913684.0714
3133,603000.SH,人民网,互联网,10.0,5.902,85.547,1930536.5838
3566,603959.SH,百利科技,建筑施工,10.0,3.08,38.727,318029.6
30,000037.SZ,深南电A,火力发电,11.0,5.13,80.738,298904.5186
2403,600319.SH,亚星化学,化工原料,13.0,1.629,25.24,164424.474
2692,600678.SH,四川金顶,水泥,13.0,1.301,19.593,225796.53
3181,603066.SH,音飞储存,仓储物流,13.0,1.311,19.757,236953.8852
1204,002748.SZ,世龙实业,化工原料,13.0,1.262,19.095,202080.0
2278,600175.SH,美都能源,综合类,13.0,2.213,35.533,654427.0149
2629,600604.SH,市北高新,园区开发,13.0,4.32,77.195,1534312.4142
261,000715.SZ,中兴商业,百货,13.0,1.126,16.749,198060.1373
2186,600071.SH,凤凰光学,元器件,13.0,2.149,34.003,253620.583
2187,600072.SH,中船科技,船舶,14.0,1.651,27.248,552716.4684
268,000722.SZ,湖南发展,水力发电,14.0,2.117,36.585,337907.2293
1546,300158.SZ,振东制药,中成药,14.0,2.33,40.556,430418.4152
324,000809.SZ,铁岭新城,区域地产,14.0,1.497,24.779,232591.1446
2870,600871.SH,*ST油服,石油开采,14.0,0.795,12.5,2492830.826
2878,600880.SH,博瑞传播,广告包装,14.0,1.551,25.767,448142.3718
2887,600889.SH,南京化纤,化纤,14.0,1.737,28.889,178100.1841
347,000838.SZ,财信发展,区域地产,14.0,2.203,37.77,242121.7496
2017,300638.SZ,广和通,通信设备,14.0,3.53,66.054,172926.6
1967,300586.SZ,美联新材,化工原料,14.0,1.979,32.348,90281.625
2926,600978.SH,宜华生活,家居用品,14.0,1.81,30.572,677671.5918
2207,600094.SH,大名城,区域地产,14.0,1.88,31.792,1038131.8627
144,000554.SZ,泰山石油,石油贸易,14.0,1.195,19.348,212512.7306
928,002467.SZ,二六三,电信运营,14.0,1.838,30.169,395411.4998
2560,600526.SH,菲达环保,环境保护,14.0,2.682,47.564,281913.4061
2565,600531.SH,豫光金铅,铅锌,14.0,2.822,50.284,576738.3534
2329,600232.SH,金鹰股份,纺织,14.0,1.125,18.144,208983.7257
1456,300068.SZ,南都电源,电气设备,14.0,0.766,12.014,967017.7936
1481,300093.SZ,金刚玻璃,玻璃,14.0,1.7,28.516,143836.3823
1649,300262.SZ,巴安水务,环境保护,14.0,2.641,46.995,336403.4683
2602,600576.SH,祥源文化,影视音像,14.0,1.155,18.67,244007.3758
1874,300489.SZ,中飞股份,铝,14.0,1.272,20.631,95774.0679
730,002269.SZ,美邦服饰,服饰,14.0,1.26,20.444,680887.5
1206,002750.SZ,龙津药业,中成药,14.0,2.642,47.135,316241.5075
753,002292.SZ,奥飞娱乐,影视音像,14.0,1.993,33.988,554775.0033
65,000156.SZ,华数传媒,影视音像,14.0,1.351,21.966,1286696.8137
447,000985.SZ,大庆华科,化工原料,14.0,1.197,19.358,178254.3125
2538,600501.SH,航天晨光,汽车配件,14.0,1.437,23.627,313013.7148
3510,603839.SH,安正时尚,服饰,15.0,1.005,17.175,121657.8957
165,000585.SZ,*ST东电,电气设备,16.0,1.028,18.812,146261.0347
