,ts_code,symbol,name,industry,COL_CHG,COL_PROBABILITY,COL_CIRC_MV
0,301010.SZ,301010,N晶雪,其他建材,-4.59,142.6,7.46
1,301007.SZ,301007,C德迈仕,汽车配件,0.39,111.95,8.44
2,301011.SZ,301011,C华立,文教休闲,-13.86,105.98,9.68
3,300998.SZ,300998,宁波方正,汽车配件,12.6,47.7,7.65
4,301009.SZ,301009,C可靠,造纸,19.15,41.68,17.87
5,301002.SZ,301002,崧盛股份,电气设备,2.29,41.51,15.93
6,300997.SZ,300997,欢乐家,软饮料,8.69,37.73,17.54
7,300984.SZ,300984,N金沃,机械基件,-8.25,37.46,6.25
8,601665.SH,601665,N齐银,银行,9.97,27.0,38.89
9,300992.SZ,300992,泰福泵业,专用机械,4.22,20.31,6.43
10,300996.SZ,300996,普联软件,软件服务,35.54,19.36,13.69
11,300614.SZ,300614,百川畅银,环境保护,7.92,18.44,22.7
12,603529.SH,603529,爱玛科技,摩托车,46.39,16.8,38.17
13,600905.SH,600905,三峡能源,新型电力,72.77,14.49,458.66
14,301006.SZ,301006,迈拓股份,电器仪表,10.28,12.81,10.95
15,605259.SH,605259,绿田机械,农用机械,14.48,11.82,9.83
16,605499.SH,605499,东鹏饮料,软饮料,98.37,10.94,103.05
17,301008.SZ,301008,C宏昌,电气设备,1.87,10.71,8.83
18,300995.SZ,300995,奇德新材,塑料,3.53,10.54,6.61
19,601156.SH,601156,东航物流,空运,18.67,7.87,42.78
20,300993.SZ,300993,玉马遮阳,化工原料,2.83,7.84,7.84
21,600032.SH,600032,浙江新能,新型电力,11.42,7.56,26.79
22,300339.SZ,300339,润和软件,软件服务,155.66,7.42,362.51
23,605319.SH,605319,无锡振华,汽车配件,22.77,6.74,9.92
24,301001.SZ,301001,凯淳股份,互联网,1.72,6.35,8.17
25,300663.SZ,300663,科蓝软件,软件服务,96.89,4.98,118.63
26,300608.SZ,300608,思特奇,软件服务,105.22,4.48,33.59
27,300079.SZ,300079,数码视讯,通信设备,48.36,4.45,114.63
28,300077.SZ,300077,国民技术,半导体,30.31,4.39,86.23
29,603511.SH,603511,爱慕股份,服饰,1.09,4.2,14.08
30,600238.SH,600238,海南椰岛,红黄酒,14.18,3.89,128.29
31,300581.SZ,300581,晨曦航空,航空,72.12,3.77,106.48
32,600704.SH,600704,物产中大,商贸代理,47.1,3.58,501.16
33,003032.SZ,003032,传智教育,文教休闲,73.0,3.57,14.85
34,600696.SH,600696,岩石股份,区域地产,25.01,3.5,142.78
35,002346.SZ,002346,柘中股份,电气设备,31.3,3.5,79.12
36,301005.SZ,301005,超捷股份,汽车配件,4.83,3.47,7.04
37,605186.SH,605186,健麾信息,医疗保健,14.65,3.37,11.74
38,002280.SZ,002280,联络互动,软件服务,11.2,3.37,103.22
39,603876.SH,603876,鼎胜新材,铝,31.99,3.3,109.32
40,300287.SZ,300287,飞利信,软件服务,75.83,3.26,80.18
41,002617.SZ,002617,露笑科技,电气设备,40.7,3.26,177.74
42,000982.SZ,000982,中银绒业,纺织,72.3,3.23,108.68
43,300598.SZ,300598,诚迈科技,软件服务,27.97,3.16,144.68
44,300035.SZ,300035,中科电气,电气设备,26.17,2.92,119.65
45,000995.SZ,000995,皇台酒业,白酒,6.88,2.9,57.34
46,002201.SZ,002201,九鼎新材,玻璃,40.58,2.89,78.93
47,603893.SH,603893,瑞芯微,半导体,40.36,2.86,269.03
48,300708.SZ,300708,聚灿光电,半导体,61.94,2.86,70.67
49,600171.SH,600171,上海贝岭,半导体,34.42,2.85,207.43
50,300604.SZ,300604,长川科技,专用机械,14.28,2.84,126.12
51,600963.SH,600963,岳阳林纸,造纸,18.03,2.84,194.95
52,300076.SZ,300076,GQY视讯,IT设备,61.59,2.82,28.79
53,002326.SZ,002326,永太科技,化工原料,20.11,2.78,118.07
54,300831.SZ,300831,派瑞股份,元器件,21.08,2.75,30.62
55,000009.SZ,000009,中国宝安,综合类,45.05,2.71,414.86
56,300458.SZ,300458,全志科技,元器件,28.58,2.63,188.44
57,000158.SZ,000158,常山北明,软件服务,25.32,2.61,197.79
58,300811.SZ,300811,铂科新材,元器件,48.87,2.59,29.25
59,605117.SH,605117,德业股份,家用电器,51.33,2.57,48.06
60,300223.SZ,300223,北京君正,半导体,13.95,2.56,322.03
61,300036.SZ,300036,超图软件,软件服务,25.89,2.56,95.41
62,300727.SZ,300727,润禾材料,化工原料,47.09,2.54,42.46
63,603777.SH,603777,来伊份,食品,41.33,2.51,65.26
64,300613.SZ,300613,富瀚微,半导体,29.87,2.5,149.63
65,300624.SZ,300624,万兴科技,软件服务,18.67,2.5,75.36
66,002341.SZ,002341,新纶科技,化工原料,16.51,2.49,47.93
67,300268.SZ,300268,佳沃股份,农业综合,1.61,2.49,21.97
68,300220.SZ,300220,金运激光,元器件,11.45,2.47,26.5
69,002881.SZ,002881,美格智能,通信设备,25.81,2.44,32.25
70,603650.SH,603650,彤程新材,化工原料,18.55,2.44,62.24
71,300046.SZ,300046,台基股份,半导体,59.65,2.42,75.98
72,600110.SH,600110,诺德股份,电气设备,20.56,2.42,154.42
73,300352.SZ,300352,北信源,软件服务,27.63,2.42,88.88
74,300264.SZ,300264,佳创视讯,通信设备,61.9,2.4,28.36
75,300345.SZ,300345,华民股份,钢加工,47.92,2.4,25.07
76,300649.SZ,300649,杭州园林,建筑工程,51.9,2.4,21.68
77,300007.SZ,300007,汉威科技,电器仪表,47.44,2.37,53.59
78,300184.SZ,300184,力源信息,元器件,30.34,2.37,61.47
79,300537.SZ,300537,广信材料,染料涂料,18.22,2.36,23.83
80,603836.SH,603836,海程邦达,仓储物流,2.29,2.36,11.94
81,605369.SH,605369,拱东医疗,医疗保健,18.01,2.34,33.39
82,605080.SH,605080,浙江自然,纺织,28.67,2.34,14.97
83,300397.SZ,300397,天和防务,通信设备,47.33,2.33,69.75
84,605339.SH,605339,南侨食品,食品,1.99,2.27,30.88
85,002679.SZ,002679,福建金森,林业,6.85,2.26,49.3
86,300456.SZ,300456,赛微电子,元器件,18.0,2.26,100.62
87,300390.SZ,300390,天华超净,元器件,5.12,2.26,171.85
88,300096.SZ,300096,易联众,软件服务,1.07,2.25,42.73
89,300671.SZ,300671,富满电子,半导体,16.28,2.19,161.93
90,300680.SZ,300680,隆盛科技,汽车配件,24.55,2.19,35.18
91,002767.SZ,002767,先锋电子,电器仪表,60.98,2.18,21.36
92,300353.SZ,300353,东土科技,通信设备,34.84,2.18,38.68
93,300319.SZ,300319,麦捷科技,元器件,32.55,2.16,78.02
94,000422.SZ,000422,湖北宜化,农药化肥,30.35,2.15,66.71
95,300484.SZ,300484,蓝海华腾,电气设备,40.57,2.15,25.45
96,300363.SZ,300363,博腾股份,化学制药,23.24,2.12,407.62
97,601038.SH,601038,一拖股份,农用机械,35.78,2.12,109.75
98,603196.SH,603196,日播时尚,服饰,5.72,2.1,22.63
99,002371.SZ,002371,北方华创,半导体,16.87,2.1,1157.59
100,300069.SZ,300069,金利华电,电气设备,8.72,2.09,23.48
101,603348.SH,603348,文灿股份,汽车配件,14.71,2.09,86.88
102,605337.SH,605337,李子园,乳制品,22.21,2.07,35.62
103,300324.SZ,300324,旋极信息,软件服务,35.8,2.07,59.93
104,300098.SZ,300098,高新兴,通信设备,26.67,2.05,89.11
105,002900.SZ,002900,哈三联,化学制药,22.1,2.03,56.62
106,605189.SH,605189,富春染织,纺织,3.27,2.03,7.87
107,002547.SZ,002547,春兴精工,通信设备,5.82,2.03,37.91
108,603659.SH,603659,璞泰来,化工原料,17.63,2.03,890.1
109,002536.SZ,002536,飞龙股份,汽车配件,11.61,2.01,42.5
110,002585.SZ,002585,双星新材,塑料,24.81,2.0,175.7
111,002023.SZ,002023,海特高新,航空,33.06,1.99,100.43
112,600328.SH,600328,中盐化工,化工原料,14.04,1.99,73.2
113,002136.SZ,002136,安纳达,化工原料,9.77,1.99,30.81
114,603283.SH,603283,赛腾股份,专用机械,29.52,1.98,53.11
115,600753.SH,600753,东方银星,商贸代理,22.75,1.98,92.25
116,300346.SZ,300346,南大光电,元器件,12.23,1.97,147.13
117,002198.SZ,002198,嘉应制药,中成药,47.58,1.95,49.58
118,300340.SZ,300340,科恒股份,元器件,9.7,1.94,27.27
119,600771.SH,600771,广誉远,中成药,34.71,1.92,138.25
120,600460.SH,600460,士兰微,半导体,23.16,1.9,682.8
121,600070.SH,600070,浙江富润,互联网,41.97,1.89,52.61
122,300656.SZ,300656,民德电子,IT设备,30.42,1.88,28.44
123,000949.SZ,000949,新乡化纤,化纤,13.5,1.88,87.75
124,600096.SH,600096,云天化,农药化肥,9.79,1.88,175.59
125,300134.SZ,300134,大富科技,通信设备,28.47,1.87,89.05
126,600751.SH,600751,海航科技,软件服务,6.06,1.87,90.06
127,300236.SZ,300236,上海新阳,半导体,21.55,1.87,146.31
128,000906.SZ,000906,浙商中拓,批发业,8.23,1.86,86.99
129,002459.SZ,002459,晶澳科技,电气设备,32.6,1.86,273.71
130,300237.SZ,300237,美晨生态,建筑工程,39.43,1.86,49.39
131,601567.SH,601567,三星医疗,电器仪表,26.75,1.86,258.18
132,002010.SZ,002010,传化智联,仓储物流,34.37,1.86,289.07
133,600327.SH,600327,大东方,汽车服务,17.91,1.85,71.05
134,300191.SZ,300191,潜能恒信,石油开采,15.54,1.83,51.57
135,002269.SZ,002269,美邦服饰,服饰,11.62,1.83,111.05
136,300542.SZ,300542,新晨科技,软件服务,28.56,1.83,36.36
137,603026.SH,603026,石大胜华,化工原料,16.7,1.82,247.49
138,002759.SZ,002759,天际股份,家用电器,9.5,1.82,123.78
139,300887.SZ,300887,谱尼测试,综合类,24.4,1.81,27.96
140,002261.SZ,002261,拓维信息,互联网,8.28,1.8,88.9
141,300489.SZ,300489,中飞股份,铝,29.55,1.79,34.12
142,300205.SZ,300205,天喻信息,元器件,8.3,1.78,52.23
143,002594.SZ,002594,比亚迪,汽车整车,27.44,1.78,2779.95
144,300541.SZ,300541,先进数通,软件服务,28.59,1.78,42.72
145,600992.SH,600992,贵绳股份,钢加工,30.99,1.77,22.79
146,300793.SZ,300793,佳禾智能,IT设备,32.5,1.77,18.94
147,300279.SZ,300279,和晶科技,元器件,8.56,1.77,31.21
148,300297.SZ,300297,蓝盾股份,软件服务,20.41,1.76,47.69
149,000004.SZ,000004,国华网安,软件服务,16.1,1.76,23.91
150,000818.SZ,000818,航锦科技,化工原料,9.43,1.76,196.39
151,300182.SZ,300182,捷成股份,软件服务,29.22,1.76,100.86
152,603787.SH,603787,新日股份,摩托车,16.54,1.75,61.51
153,300576.SZ,300576,容大感光,染料涂料,10.58,1.74,36.92
154,603069.SH,603069,海汽集团,公路,9.37,1.74,73.06
155,603033.SH,603033,三维股份,橡胶,31.05,1.74,71.64
156,002812.SZ,002812,恩捷股份,塑料,12.44,1.73,1162.71
157,002386.SZ,002386,天原股份,化工原料,4.24,1.73,74.78
158,603595.SH,603595,东尼电子,元器件,23.82,1.72,36.31
159,002530.SZ,002530,金财互联,软件服务,44.96,1.72,67.76
160,603138.SH,603138,海量数据,软件服务,14.58,1.72,36.94
161,300722.SZ,300722,新余国科,专用机械,28.76,1.71,95.94
162,002247.SZ,002247,聚力文化,造纸,4.51,1.7,17.79
163,300736.SZ,300736,百邦科技,通信设备,5.9,1.7,15.78
164,300582.SZ,300582,英飞特,半导体,9.9,1.69,41.04
165,000572.SZ,000572,海马汽车,汽车整车,3.94,1.69,99.68
166,300432.SZ,300432,富临精工,汽车配件,8.69,1.69,103.14
167,002835.SZ,002835,同为股份,元器件,4.62,1.67,16.22
168,300221.SZ,300221,银禧科技,塑料,9.18,1.67,36.01
169,300806.SZ,300806,斯迪克,塑料,13.89,1.66,46.69
170,002824.SZ,002824,和胜股份,铝,20.64,1.66,38.98
171,002622.SZ,002622,融钰集团,综合类,13.93,1.66,46.7
172,603236.SH,603236,移远通信,通信设备,6.31,1.63,153.58
173,002625.SZ,002625,光启技术,汽车配件,32.22,1.63,354.81
174,300183.SZ,300183,东软载波,通信设备,24.33,1.63,49.78
175,300655.SZ,300655,晶瑞股份,化工原料,11.06,1.62,78.55
176,600577.SH,600577,精达股份,电气设备,25.24,1.61,126.82
177,002931.SZ,002931,锋龙股份,汽车配件,2.02,1.61,26.47
178,605299.SH,605299,舒华体育,文教休闲,30.19,1.61,9.38
179,300560.SZ,300560,中富通,通信设备,19.83,1.61,17.6
180,603688.SH,603688,石英股份,矿物制品,7.58,1.61,80.69
181,603306.SH,603306,华懋科技,汽车配件,12.91,1.59,104.69
182,002284.SZ,002284,亚太股份,汽车配件,24.17,1.59,64.48
183,300307.SZ,300307,慈星股份,纺织机械,30.48,1.59,70.69
184,300568.SZ,300568,星源材质,化工原料,20.94,1.58,193.37
185,600834.SH,600834,申通地铁,公共交通,18.01,1.58,61.3
186,002646.SZ,002646,青青稞酒,白酒,6.89,1.57,108.88
187,300731.SZ,300731,科创新源,橡胶,17.14,1.57,37.17
188,601127.SH,601127,小康股份,汽车配件,32.81,1.57,749.09
189,300915.SZ,300915,海融科技,食品,11.78,1.57,14.12
190,300977.SZ,300977,深圳瑞捷,建筑工程,39.08,1.57,11.17
191,300266.SZ,300266,兴源环境,环境保护,9.07,1.57,61.48
192,300711.SZ,300711,广哈通信,通信设备,18.74,1.55,34.98
193,002957.SZ,002957,科瑞技术,专用机械,16.52,1.54,37.12
194,603168.SH,603168,莎普爱思,化学制药,2.78,1.54,35.81
195,300579.SZ,300579,数字认证,软件服务,21.74,1.54,86.01
196,600893.SH,600893,航发动力,航空,11.68,1.54,1187.3
197,002169.SZ,002169,智光电气,电气设备,3.68,1.54,81.77
198,600663.SH,600663,陆家嘴,园区开发,5.95,1.54,407.75
199,605358.SH,605358,立昂微,半导体,7.95,1.54,40.29
200,300587.SZ,300587,天铁股份,橡胶,20.42,1.53,63.99
201,603960.SH,603960,克来机电,专用机械,21.69,1.53,94.6
202,300777.SZ,300777,中简科技,化纤,12.0,1.53,128.24
203,300373.SZ,300373,扬杰科技,半导体,16.73,1.52,250.67
204,002885.SZ,002885,京泉华,元器件,25.0,1.52,20.33
205,002723.SZ,002723,金莱特,家用电器,7.17,1.51,34.32
206,300619.SZ,300619,金银河,专用机械,17.61,1.51,14.07
207,600123.SH,600123,兰花科创,煤炭开采,3.7,1.51,95.96
208,603738.SH,603738,泰晶科技,元器件,9.57,1.51,51.04
209,605305.SH,605305,中际联合,专用机械,3.8,1.5,14.27
210,603290.SH,603290,斯达半导,半导体,23.23,1.5,223.91
211,300719.SZ,300719,安达维尔,航空,31.31,1.5,30.13
212,300925.SZ,300925,法本信息,软件服务,23.22,1.5,14.43
213,301000.SZ,301000,肇民科技,塑料,1.5,1.48,9.89
214,603078.SH,603078,江化微,化工原料,13.9,1.48,48.99
215,603223.SH,603223,恒通股份,供气供热,9.56,1.46,87.38
216,600746.SH,600746,江苏索普,化工原料,12.98,1.44,49.96
217,603927.SH,603927,中科软,软件服务,19.11,1.44,147.69
218,300890.SZ,300890,翔丰华,矿物制品,13.19,1.44,13.18
219,603396.SH,603396,金辰股份,专用机械,16.61,1.44,46.55
220,000793.SZ,000793,华闻集团,出版业,14.07,1.43,58.83
221,002895.SZ,002895,川恒股份,化工原料,16.29,1.43,62.17
222,300055.SZ,300055,万邦达,环境保护,18.92,1.43,81.39
223,002516.SZ,002516,旷达科技,纺织,8.27,1.43,42.41
224,300474.SZ,300474,景嘉微,元器件,11.1,1.42,154.41
225,600421.SH,600421,华嵘控股,综合类,9.66,1.42,23.77
226,600563.SH,600563,法拉电子,元器件,19.2,1.42,337.25
227,300219.SZ,300219,鸿利智汇,元器件,32.45,1.42,78.4
228,002245.SZ,002245,蔚蓝锂芯,仓储物流,27.75,1.42,171.32
229,300159.SZ,300159,新研股份,航空,22.19,1.42,53.09
230,002614.SZ,002614,奥佳华,医疗保健,12.04,1.41,90.65
231,300382.SZ,300382,斯莱克,专用机械,4.71,1.41,67.8
232,300460.SZ,300460,惠伦晶体,元器件,13.75,1.41,47.35
233,601117.SH,601117,中国化学,建筑工程,25.16,1.4,399.57
234,603690.SH,603690,至纯科技,专用机械,10.22,1.4,104.56
235,300850.SZ,300850,新强联,机械基件,15.8,1.4,41.21
236,300260.SZ,300260,新莱应材,机械基件,14.95,1.4,29.76
237,300615.SZ,300615,欣天科技,元器件,3.91,1.39,12.67
238,300398.SZ,300398,飞凯材料,染料涂料,15.17,1.39,94.29
239,300323.SZ,300323,华灿光电,半导体,18.32,1.39,124.39
240,603986.SH,603986,兆易创新,半导体,17.45,1.39,977.23
241,002407.SZ,002407,多氟多,化工原料,4.69,1.39,189.17
242,300593.SZ,300593,新雷能,电气设备,11.64,1.39,73.92
243,603068.SH,603068,博通集成,半导体,28.59,1.38,85.96
244,300623.SZ,300623,捷捷微电,半导体,12.07,1.38,223.12
245,000683.SZ,000683,远兴能源,化工原料,2.72,1.38,154.01
246,002709.SZ,002709,天赐材料,化工原料,13.02,1.38,921.61
247,002902.SZ,002902,铭普光磁,元器件,6.85,1.37,17.96
248,300085.SZ,300085,银之杰,软件服务,24.94,1.37,99.13
249,601633.SH,601633,长城汽车,汽车整车,15.82,1.37,2686.71
250,600703.SH,600703,三安光电,半导体,14.01,1.37,1257.79
251,300258.SZ,300258,精锻科技,汽车配件,19.04,1.36,58.67
252,300982.SZ,300982,苏文电能,建筑工程,6.52,1.36,16.08
253,002862.SZ,002862,实丰文化,文教休闲,23.01,1.36,10.28
254,300270.SZ,300270,中威电子,通信设备,21.78,1.36,12.74
255,300376.SZ,300376,易事特,电气设备,22.71,1.36,188.37
256,600536.SH,600536,中国软件,软件服务,5.51,1.36,307.57
257,300327.SZ,300327,中颖电子,半导体,11.57,1.35,186.8
258,605111.SH,605111,新洁能,半导体,29.16,1.35,56.32
259,600399.SH,600399,抚顺特钢,特种钢,22.37,1.34,346.3
260,300378.SZ,300378,鼎捷软件,软件服务,11.86,1.34,56.69
261,300139.SZ,300139,晓程科技,元器件,10.63,1.34,24.33
262,603806.SH,603806,福斯特,塑料,38.4,1.33,924.02
263,002760.SZ,002760,凤形股份,机械基件,15.22,1.33,17.8
264,300034.SZ,300034,钢研高纳,小金属,9.07,1.32,137.97
265,300480.SZ,300480,光力科技,专用机械,13.31,1.32,37.13
266,600410.SH,600410,华胜天成,软件服务,19.5,1.32,89.55
267,300447.SZ,300447,全信股份,电气设备,27.14,1.32,29.74
268,002967.SZ,002967,广电计量,综合类,13.1,1.32,83.75
269,002651.SZ,002651,利君股份,专用机械,17.05,1.32,62.22
270,000737.SZ,000737,南风化工,日用化工,26.03,1.31,48.62
271,300338.SZ,300338,开元教育,文教休闲,28.0,1.3,18.34
272,603906.SH,603906,龙蟠科技,化工原料,2.37,1.3,145.59
273,000848.SZ,000848,承德露露,软饮料,19.73,1.3,104.52
274,603901.SH,603901,永创智能,专用机械,12.82,1.3,74.74
275,300131.SZ,300131,英唐智控,元器件,17.91,1.3,69.63
276,300505.SZ,300505,川金诺,化工原料,22.0,1.3,14.08
277,300322.SZ,300322,硕贝德,通信设备,11.32,1.3,49.69
278,600884.SH,600884,杉杉股份,综合类,13.06,1.3,348.07
279,600579.SH,600579,克劳斯,化工机械,14.85,1.29,26.29
280,600173.SH,600173,卧龙地产,全国地产,12.16,1.29,45.88
281,300701.SZ,300701,森霸传感,元器件,22.54,1.29,42.08
282,300158.SZ,300158,振东制药,化学制药,24.06,1.29,69.91
283,002667.SZ,002667,鞍重股份,工程机械,9.99,1.29,35.09
284,300638.SZ,300638,广和通,通信设备,10.77,1.28,111.19
285,300414.SZ,300414,中光防雷,通信设备,14.49,1.28,33.28
286,603822.SH,603822,嘉澳环保,环境保护,5.86,1.28,20.54
287,300776.SZ,300776,帝尔激光,专用机械,8.35,1.28,66.98
288,002502.SZ,002502,鼎龙文化,影视音像,6.37,1.28,36.15
289,603486.SH,603486,科沃斯,家用电器,14.03,1.28,1140.0
290,601689.SH,601689,拓普集团,汽车配件,8.11,1.28,422.0
291,603116.SH,603116,红蜻蜓,服饰,19.44,1.27,44.94
292,300416.SZ,300416,苏试试验,电器仪表,13.4,1.27,59.61
293,300292.SZ,300292,吴通控股,软件服务,9.92,1.26,45.32
294,603825.SH,603825,华扬联众,互联网,13.31,1.26,42.79
295,300589.SZ,300589,江龙船艇,船舶,22.18,1.26,30.62
296,603717.SH,603717,天域生态,环境保护,10.49,1.26,30.56
297,601699.SH,601699,潞安环能,煤炭开采,4.77,1.25,374.23
298,002664.SZ,002664,长鹰信质,汽车配件,29.51,1.25,68.17
299,600060.SH,600060,海信视像,家用电器,21.24,1.25,197.19
300,300379.SZ,300379,东方通,软件服务,13.27,1.25,124.55
301,603538.SH,603538,美诺华,化学制药,12.7,1.24,69.64
302,300349.SZ,300349,金卡智能,软件服务,21.45,1.24,48.15
303,300252.SZ,300252,金信诺,通信设备,13.59,1.24,35.42
304,300354.SZ,300354,东华测试,电器仪表,23.65,1.23,11.98
305,000803.SZ,000803,北清环能,环境保护,16.17,1.23,18.99
306,300561.SZ,300561,汇金科技,软件服务,17.84,1.23,23.31
307,600702.SH,600702,舍得酒业,白酒,7.56,1.23,696.09
308,002993.SZ,002993,奥海科技,元器件,21.8,1.23,26.27
309,300366.SZ,300366,创意信息,软件服务,8.18,1.22,32.22
310,002436.SZ,002436,兴森科技,元器件,11.02,1.22,137.15
311,002274.SZ,002274,华昌化工,农药化肥,8.27,1.22,89.67
312,600732.SH,600732,爱旭股份,电气设备,11.46,1.21,81.28
313,002685.SZ,002685,华东重机,工程机械,13.07,1.21,35.14
314,300706.SZ,300706,阿石创,元器件,20.57,1.21,20.33
315,300123.SZ,300123,亚光科技,半导体,12.33,1.2,120.6
316,603733.SH,603733,仙鹤股份,造纸,8.73,1.2,229.51
317,300900.SZ,300900,广联航空,航空,21.44,1.2,18.14
318,300751.SZ,300751,迈为股份,专用机械,6.05,1.2,216.7
319,600857.SH,600857,宁波中百,百货,3.77,1.2,29.61
320,600770.SH,600770,综艺股份,综合类,14.56,1.2,83.85
321,600698.SH,600698,湖南天雁,汽车配件,11.37,1.2,24.56
322,002747.SZ,002747,埃斯顿,机械基件,22.66,1.19,279.62
323,600546.SH,600546,山煤国际,煤炭开采,5.77,1.19,159.79
324,603995.SH,603995,甬金股份,特种钢,5.68,1.19,38.86
325,002428.SZ,002428,云南锗业,小金属,20.57,1.19,87.24
326,603444.SH,603444,吉比特,互联网,2.61,1.18,395.97
327,600348.SH,600348,华阳股份,煤炭开采,10.45,1.18,165.22
328,300179.SZ,300179,四方达,矿物制品,10.16,1.17,22.13
329,300467.SZ,300467,迅游科技,互联网,15.08,1.17,22.97
330,600197.SH,600197,伊力特,白酒,13.56,1.16,159.26
331,002580.SZ,002580,圣阳股份,电气设备,11.84,1.16,22.46
332,002123.SZ,002123,梦网科技,互联网,10.0,1.16,117.83
333,300419.SZ,300419,浩丰科技,软件服务,20.79,1.16,27.99
334,300710.SZ,300710,万隆光电,通信设备,2.56,1.16,19.61
335,300457.SZ,300457,赢合科技,专用机械,7.74,1.15,90.02
336,002180.SZ,002180,纳思达,IT设备,19.01,1.15,306.42
337,300733.SZ,300733,西菱动力,汽车配件,10.67,1.15,29.85
338,000925.SZ,000925,众合科技,专用机械,3.65,1.15,43.17
339,600423.SH,600423,柳化股份,农药化肥,7.16,1.15,32.27
340,300698.SZ,300698,万马科技,通信设备,3.39,1.15,22.22
341,300393.SZ,300393,中来股份,塑料,22.76,1.14,60.98
342,002139.SZ,002139,拓邦股份,元器件,15.49,1.14,173.76
343,300486.SZ,300486,东杰智能,专用机械,19.15,1.14,46.08
344,300102.SZ,300102,乾照光电,半导体,18.9,1.14,65.83
345,603859.SH,603859,能科股份,软件服务,8.15,1.14,50.46
346,300830.SZ,300830,金现代,软件服务,19.24,1.14,19.91
347,601015.SH,601015,陕西黑猫,焦炭加工,7.09,1.14,162.49
348,300752.SZ,300752,隆利科技,元器件,15.53,1.14,9.97
349,300333.SZ,300333,兆日科技,软件服务,14.13,1.14,28.17
350,002409.SZ,002409,雅克科技,化工原料,13.75,1.14,223.76
351,003031.SZ,003031,中瓷电子,元器件,8.59,1.14,20.39
352,300316.SZ,300316,晶盛机电,专用机械,19.95,1.13,602.58
353,600203.SH,600203,福日电子,元器件,15.6,1.13,41.95
354,002101.SZ,002101,广东鸿图,汽车配件,17.82,1.13,46.86
355,605378.SH,605378,野马电池,电气设备,6.52,1.13,13.4
356,300025.SZ,300025,华星创业,通信设备,10.17,1.12,19.02
357,603212.SH,603212,赛伍技术,塑料,10.23,1.12,72.36
358,002091.SZ,002091,江苏国泰,商贸代理,3.2,1.12,127.01
359,600363.SH,600363,联创光电,元器件,14.13,1.12,127.9
360,600765.SH,600765,中航重机,航空,9.89,1.11,193.34
361,300331.SZ,300331,苏大维格,元器件,13.54,1.11,44.66
362,003026.SZ,003026,中晶科技,半导体,13.84,1.1,23.4
363,300738.SZ,300738,奥飞数据,电信运营,11.22,1.1,78.39
364,605168.SH,605168,三人行,互联网,5.95,1.1,43.3
365,002335.SZ,002335,科华数据,电气设备,15.43,1.09,74.48
366,300050.SZ,300050,世纪鼎利,软件服务,16.47,1.09,29.24
367,300350.SZ,300350,华鹏飞,仓储物流,23.67,1.09,29.47
368,600630.SH,600630,龙头股份,纺织,11.54,1.09,27.11
369,600559.SH,600559,老白干酒,白酒,4.07,1.09,247.65
370,603926.SH,603926,铁流股份,汽车配件,16.63,1.09,24.49
371,300520.SZ,300520,科大国创,软件服务,22.63,1.08,46.26
372,300207.SZ,300207,欣旺达,元器件,4.6,1.08,438.19
373,600509.SH,600509,天富能源,火力发电,16.43,1.08,93.03
374,002279.SZ,002279,久其软件,软件服务,8.84,1.08,35.54
375,601919.SH,601919,中远海控,水运,25.75,1.08,2350.46
376,002765.SZ,002765,蓝黛科技,汽车配件,12.21,1.08,29.09
377,300953.SZ,300953,震裕科技,机械基件,5.0,1.08,19.05
378,601619.SH,601619,嘉泽新能,新型电力,29.08,1.08,90.59
379,002892.SZ,002892,科力尔,电气设备,24.47,1.08,20.89
380,300286.SZ,300286,安科瑞,电器仪表,10.34,1.08,27.75
381,002230.SZ,002230,科大讯飞,软件服务,14.54,1.08,1371.65
382,000938.SZ,000938,紫光股份,软件服务,1.62,1.07,627.5
383,603786.SH,603786,科博达,汽车配件,13.0,1.07,31.16
384,600714.SH,600714,金瑞矿业,化工原料,9.1,1.07,23.49
385,002426.SZ,002426,胜利精密,元器件,10.1,1.07,99.49
386,000983.SZ,000983,山西焦煤,煤炭开采,3.67,1.07,324.04
387,603063.SH,603063,禾望电气,电气设备,21.75,1.07,64.2
388,300438.SZ,300438,鹏辉能源,电气设备,5.0,1.07,69.57
389,300166.SZ,300166,东方国信,软件服务,12.67,1.07,89.49
390,002077.SZ,002077,大港股份,区域地产,2.99,1.06,41.21
391,300469.SZ,300469,信息发展,软件服务,9.39,1.06,21.75
392,600539.SH,600539,狮头股份,水泥,27.86,1.06,20.58
393,002857.SZ,002857,三晖电气,电器仪表,3.19,1.06,13.89
394,002223.SZ,002223,鱼跃医疗,医疗保健,11.91,1.06,309.74
395,300785.SZ,300785,值得买,互联网,9.59,1.06,24.2
396,002772.SZ,002772,众兴菌业,种植业,23.43,1.06,24.74
397,300128.SZ,300128,锦富技术,元器件,16.9,1.06,46.16
398,601799.SH,601799,星宇股份,汽车配件,14.68,1.06,640.25
399,002985.SZ,002985,北摩高科,航空,11.79,1.06,138.53
400,002156.SZ,002156,通富微电,半导体,6.74,1.06,288.22
401,300763.SZ,300763,锦浪科技,电气设备,36.65,1.05,157.78
402,603722.SH,603722,阿科力,化工原料,4.55,1.05,35.23
403,600215.SH,600215,长春经开,园区开发,17.04,1.05,36.09
404,603897.SH,603897,长城科技,电气设备,17.42,1.05,40.28
405,300310.SZ,300310,宜通世纪,通信设备,10.2,1.04,34.38
406,300343.SZ,300343,联创股份,互联网,11.43,1.04,31.49
407,300114.SZ,300114,中航电测,电器仪表,3.64,1.04,90.8
408,300243.SZ,300243,瑞丰高材,化工原料,8.18,1.04,25.74
409,300709.SZ,300709,精研科技,元器件,2.8,1.03,39.1
410,300503.SZ,300503,昊志机电,机械基件,8.63,1.03,24.72
411,002805.SZ,002805,丰元股份,化工原料,7.01,1.03,21.62
412,002475.SZ,002475,立讯精密,元器件,11.17,1.03,2957.94
413,601995.SH,601995,中金公司,证券,4.9,1.03,199.28
414,300556.SZ,300556,丝路视觉,软件服务,12.8,1.03,17.23
415,002648.SZ,002648,卫星石化,化工原料,3.78,1.03,602.28
416,300829.SZ,300829,金丹科技,食品,24.2,1.02,57.51
417,300724.SZ,300724,捷佳伟创,专用机械,12.37,1.02,194.39
418,300526.SZ,300526,中潜股份,专用机械,31.09,1.02,55.02
419,600055.SH,600055,万东医疗,医疗保健,5.85,1.02,86.1
420,603022.SH,603022,新通联,广告包装,10.2,1.01,26.58
421,600760.SH,600760,中航沈飞,航空,12.94,1.01,1187.13
422,300415.SZ,300415,伊之密,专用机械,28.04,1.01,84.55
423,300440.SZ,300440,运达科技,软件服务,6.2,1.01,37.87
424,603305.SH,603305,旭升股份,汽车配件,8.88,1.01,157.89
425,300821.SZ,300821,东岳硅材,化工原料,18.71,1.01,52.38
426,002870.SZ,002870,香山股份,电器仪表,17.47,1.01,14.29
